category,case,sample,elapsed_ns,rows,hits,misses,evictions,selected_id
overhead,timer_pair,0,0,0,0,0,0,-1
overhead,timer_pair,1,0,0,0,0,0,-1
overhead,timer_pair,2,100,0,0,0,0,-1
overhead,timer_pair,3,0,0,0,0,0,-1
overhead,timer_pair,4,100,0,0,0,0,-1
overhead,timer_pair,5,0,0,0,0,0,-1
overhead,timer_pair,6,0,0,0,0,0,-1
overhead,timer_pair,7,100,0,0,0,0,-1
overhead,timer_pair,8,0,0,0,0,0,-1
overhead,timer_pair,9,0,0,0,0,0,-1
overhead,timer_pair,10,0,0,0,0,0,-1
overhead,timer_pair,11,100,0,0,0,0,-1
overhead,timer_pair,12,0,0,0,0,0,-1
overhead,timer_pair,13,0,0,0,0,0,-1
overhead,timer_pair,14,100,0,0,0,0,-1
overhead,timer_pair,15,0,0,0,0,0,-1
overhead,timer_pair,16,0,0,0,0,0,-1
overhead,timer_pair,17,0,0,0,0,0,-1
overhead,timer_pair,18,0,0,0,0,0,-1
overhead,timer_pair,19,100,0,0,0,0,-1
overhead,timer_pair,20,0,0,0,0,0,-1
overhead,timer_pair,21,0,0,0,0,0,-1
overhead,timer_pair,22,100,0,0,0,0,-1
overhead,timer_pair,23,0,0,0,0,0,-1
overhead,timer_pair,24,0,0,0,0,0,-1
overhead,timer_pair,25,0,0,0,0,0,-1
overhead,timer_pair,26,100,0,0,0,0,-1
overhead,timer_pair,27,0,0,0,0,0,-1
overhead,timer_pair,28,0,0,0,0,0,-1
overhead,timer_pair,29,100,0,0,0,0,-1
overhead,timer_pair,30,0,0,0,0,0,-1
overhead,timer_pair,31,0,0,0,0,0,-1
overhead,timer_pair,32,0,0,0,0,0,-1
overhead,timer_pair,33,0,0,0,0,0,-1
overhead,timer_pair,34,100,0,0,0,0,-1
overhead,timer_pair,35,0,0,0,0,0,-1
overhead,timer_pair,36,0,0,0,0,0,-1
overhead,timer_pair,37,0,0,0,0,0,-1
overhead,timer_pair,38,0,0,0,0,0,-1
overhead,timer_pair,39,0,0,0,0,0,-1
overhead,timer_pair,40,100,0,0,0,0,-1
overhead,timer_pair,41,0,0,0,0,0,-1
overhead,timer_pair,42,0,0,0,0,0,-1
overhead,timer_pair,43,0,0,0,0,0,-1
overhead,timer_pair,44,0,0,0,0,0,-1
overhead,timer_pair,45,0,0,0,0,0,-1
overhead,timer_pair,46,0,0,0,0,0,-1
overhead,timer_pair,47,0,0,0,0,0,-1
overhead,timer_pair,48,100,0,0,0,0,-1
overhead,timer_pair,49,0,0,0,0,0,-1
overhead,timer_pair,50,0,0,0,0,0,-1
overhead,timer_pair,51,0,0,0,0,0,-1
overhead,timer_pair,52,0,0,0,0,0,-1
overhead,timer_pair,53,0,0,0,0,0,-1
overhead,timer_pair,54,100,0,0,0,0,-1
overhead,timer_pair,55,0,0,0,0,0,-1
overhead,timer_pair,56,100,0,0,0,0,-1
overhead,timer_pair,57,0,0,0,0,0,-1
overhead,timer_pair,58,100,0,0,0,0,-1
overhead,timer_pair,59,100,0,0,0,0,-1
overhead,timer_pair,60,100,0,0,0,0,-1
overhead,timer_pair,61,0,0,0,0,0,-1
overhead,timer_pair,62,0,0,0,0,0,-1
overhead,timer_pair,63,100,0,0,0,0,-1
overhead,timer_pair,64,0,0,0,0,0,-1
overhead,timer_pair,65,0,0,0,0,0,-1
overhead,timer_pair,66,100,0,0,0,0,-1
overhead,timer_pair,67,100,0,0,0,0,-1
overhead,timer_pair,68,100,0,0,0,0,-1
overhead,timer_pair,69,0,0,0,0,0,-1
overhead,timer_pair,70,100,0,0,0,0,-1
overhead,timer_pair,71,0,0,0,0,0,-1
overhead,timer_pair,72,100,0,0,0,0,-1
overhead,timer_pair,73,0,0,0,0,0,-1
overhead,timer_pair,74,0,0,0,0,0,-1
overhead,timer_pair,75,0,0,0,0,0,-1
overhead,timer_pair,76,0,0,0,0,0,-1
overhead,timer_pair,77,0,0,0,0,0,-1
overhead,timer_pair,78,0,0,0,0,0,-1
overhead,timer_pair,79,100,0,0,0,0,-1
overhead,timer_pair,80,100,0,0,0,0,-1
overhead,timer_pair,81,0,0,0,0,0,-1
overhead,timer_pair,82,0,0,0,0,0,-1
overhead,timer_pair,83,0,0,0,0,0,-1
overhead,timer_pair,84,0,0,0,0,0,-1
overhead,timer_pair,85,0,0,0,0,0,-1
overhead,timer_pair,86,0,0,0,0,0,-1
overhead,timer_pair,87,0,0,0,0,0,-1
overhead,timer_pair,88,0,0,0,0,0,-1
overhead,timer_pair,89,100,0,0,0,0,-1
overhead,timer_pair,90,0,0,0,0,0,-1
overhead,timer_pair,91,0,0,0,0,0,-1
overhead,timer_pair,92,0,0,0,0,0,-1
overhead,timer_pair,93,0,0,0,0,0,-1
overhead,timer_pair,94,100,0,0,0,0,-1
overhead,timer_pair,95,0,0,0,0,0,-1
overhead,timer_pair,96,0,0,0,0,0,-1
overhead,timer_pair,97,100,0,0,0,0,-1
overhead,timer_pair,98,0,0,0,0,0,-1
overhead,timer_pair,99,0,0,0,0,0,-1
overhead,timer_pair,100,0,0,0,0,0,-1
overhead,timer_pair,101,100,0,0,0,0,-1
overhead,timer_pair,102,0,0,0,0,0,-1
overhead,timer_pair,103,0,0,0,0,0,-1
overhead,timer_pair,104,100,0,0,0,0,-1
overhead,timer_pair,105,0,0,0,0,0,-1
overhead,timer_pair,106,100,0,0,0,0,-1
overhead,timer_pair,107,0,0,0,0,0,-1
overhead,timer_pair,108,0,0,0,0,0,-1
overhead,timer_pair,109,0,0,0,0,0,-1
overhead,timer_pair,110,0,0,0,0,0,-1
overhead,timer_pair,111,100,0,0,0,0,-1
overhead,timer_pair,112,100,0,0,0,0,-1
overhead,timer_pair,113,0,0,0,0,0,-1
overhead,timer_pair,114,0,0,0,0,0,-1
overhead,timer_pair,115,100,0,0,0,0,-1
overhead,timer_pair,116,0,0,0,0,0,-1
overhead,timer_pair,117,0,0,0,0,0,-1
overhead,timer_pair,118,100,0,0,0,0,-1
overhead,timer_pair,119,100,0,0,0,0,-1
overhead,timer_pair,120,100,0,0,0,0,-1
overhead,timer_pair,121,0,0,0,0,0,-1
overhead,timer_pair,122,100,0,0,0,0,-1
overhead,timer_pair,123,0,0,0,0,0,-1
overhead,timer_pair,124,100,0,0,0,0,-1
overhead,timer_pair,125,100,0,0,0,0,-1
overhead,timer_pair,126,100,0,0,0,0,-1
overhead,timer_pair,127,0,0,0,0,0,-1
overhead,timer_pair,128,0,0,0,0,0,-1
overhead,timer_pair,129,0,0,0,0,0,-1
overhead,timer_pair,130,0,0,0,0,0,-1
overhead,timer_pair,131,0,0,0,0,0,-1
overhead,timer_pair,132,0,0,0,0,0,-1
overhead,timer_pair,133,0,0,0,0,0,-1
overhead,timer_pair,134,0,0,0,0,0,-1
overhead,timer_pair,135,100,0,0,0,0,-1
overhead,timer_pair,136,0,0,0,0,0,-1
overhead,timer_pair,137,100,0,0,0,0,-1
overhead,timer_pair,138,0,0,0,0,0,-1
overhead,timer_pair,139,100,0,0,0,0,-1
overhead,timer_pair,140,100,0,0,0,0,-1
overhead,timer_pair,141,0,0,0,0,0,-1
overhead,timer_pair,142,0,0,0,0,0,-1
overhead,timer_pair,143,100,0,0,0,0,-1
overhead,timer_pair,144,0,0,0,0,0,-1
overhead,timer_pair,145,100,0,0,0,0,-1
overhead,timer_pair,146,0,0,0,0,0,-1
overhead,timer_pair,147,0,0,0,0,0,-1
overhead,timer_pair,148,0,0,0,0,0,-1
overhead,timer_pair,149,100,0,0,0,0,-1
overhead,timer_pair,150,100,0,0,0,0,-1
overhead,timer_pair,151,0,0,0,0,0,-1
overhead,timer_pair,152,0,0,0,0,0,-1
overhead,timer_pair,153,0,0,0,0,0,-1
overhead,timer_pair,154,100,0,0,0,0,-1
overhead,timer_pair,155,100,0,0,0,0,-1
overhead,timer_pair,156,100,0,0,0,0,-1
overhead,timer_pair,157,0,0,0,0,0,-1
overhead,timer_pair,158,0,0,0,0,0,-1
overhead,timer_pair,159,0,0,0,0,0,-1
overhead,timer_pair,160,0,0,0,0,0,-1
overhead,timer_pair,161,0,0,0,0,0,-1
overhead,timer_pair,162,0,0,0,0,0,-1
overhead,timer_pair,163,0,0,0,0,0,-1
overhead,timer_pair,164,0,0,0,0,0,-1
overhead,timer_pair,165,0,0,0,0,0,-1
overhead,timer_pair,166,100,0,0,0,0,-1
overhead,timer_pair,167,0,0,0,0,0,-1
overhead,timer_pair,168,100,0,0,0,0,-1
overhead,timer_pair,169,100,0,0,0,0,-1
overhead,timer_pair,170,0,0,0,0,0,-1
overhead,timer_pair,171,0,0,0,0,0,-1
overhead,timer_pair,172,0,0,0,0,0,-1
overhead,timer_pair,173,0,0,0,0,0,-1
overhead,timer_pair,174,100,0,0,0,0,-1
overhead,timer_pair,175,0,0,0,0,0,-1
overhead,timer_pair,176,100,0,0,0,0,-1
overhead,timer_pair,177,0,0,0,0,0,-1
overhead,timer_pair,178,0,0,0,0,0,-1
overhead,timer_pair,179,100,0,0,0,0,-1
overhead,timer_pair,180,0,0,0,0,0,-1
overhead,timer_pair,181,0,0,0,0,0,-1
overhead,timer_pair,182,0,0,0,0,0,-1
overhead,timer_pair,183,100,0,0,0,0,-1
overhead,timer_pair,184,0,0,0,0,0,-1
overhead,timer_pair,185,0,0,0,0,0,-1
overhead,timer_pair,186,100,0,0,0,0,-1
overhead,timer_pair,187,100,0,0,0,0,-1
overhead,timer_pair,188,0,0,0,0,0,-1
overhead,timer_pair,189,0,0,0,0,0,-1
overhead,timer_pair,190,0,0,0,0,0,-1
overhead,timer_pair,191,0,0,0,0,0,-1
overhead,timer_pair,192,100,0,0,0,0,-1
overhead,timer_pair,193,0,0,0,0,0,-1
overhead,timer_pair,194,0,0,0,0,0,-1
overhead,timer_pair,195,100,0,0,0,0,-1
overhead,timer_pair,196,100,0,0,0,0,-1
overhead,timer_pair,197,0,0,0,0,0,-1
overhead,timer_pair,198,100,0,0,0,0,-1
overhead,timer_pair,199,0,0,0,0,0,-1
overhead,timer_pair,200,0,0,0,0,0,-1
overhead,timer_pair,201,100,0,0,0,0,-1
overhead,timer_pair,202,100,0,0,0,0,-1
overhead,timer_pair,203,100,0,0,0,0,-1
overhead,timer_pair,204,0,0,0,0,0,-1
overhead,timer_pair,205,0,0,0,0,0,-1
overhead,timer_pair,206,0,0,0,0,0,-1
overhead,timer_pair,207,0,0,0,0,0,-1
overhead,timer_pair,208,100,0,0,0,0,-1
overhead,timer_pair,209,0,0,0,0,0,-1
overhead,timer_pair,210,0,0,0,0,0,-1
overhead,timer_pair,211,100,0,0,0,0,-1
overhead,timer_pair,212,0,0,0,0,0,-1
overhead,timer_pair,213,0,0,0,0,0,-1
overhead,timer_pair,214,100,0,0,0,0,-1
overhead,timer_pair,215,0,0,0,0,0,-1
overhead,timer_pair,216,0,0,0,0,0,-1
overhead,timer_pair,217,0,0,0,0,0,-1
overhead,timer_pair,218,100,0,0,0,0,-1
overhead,timer_pair,219,0,0,0,0,0,-1
overhead,timer_pair,220,0,0,0,0,0,-1
overhead,timer_pair,221,0,0,0,0,0,-1
overhead,timer_pair,222,100,0,0,0,0,-1
overhead,timer_pair,223,0,0,0,0,0,-1
overhead,timer_pair,224,0,0,0,0,0,-1
overhead,timer_pair,225,0,0,0,0,0,-1
overhead,timer_pair,226,0,0,0,0,0,-1
overhead,timer_pair,227,0,0,0,0,0,-1
overhead,timer_pair,228,100,0,0,0,0,-1
overhead,timer_pair,229,0,0,0,0,0,-1
overhead,timer_pair,230,100,0,0,0,0,-1
overhead,timer_pair,231,0,0,0,0,0,-1
overhead,timer_pair,232,100,0,0,0,0,-1
overhead,timer_pair,233,100,0,0,0,0,-1
overhead,timer_pair,234,0,0,0,0,0,-1
overhead,timer_pair,235,0,0,0,0,0,-1
overhead,timer_pair,236,0,0,0,0,0,-1
overhead,timer_pair,237,100,0,0,0,0,-1
overhead,timer_pair,238,100,0,0,0,0,-1
overhead,timer_pair,239,0,0,0,0,0,-1
overhead,timer_pair,240,0,0,0,0,0,-1
overhead,timer_pair,241,0,0,0,0,0,-1
overhead,timer_pair,242,0,0,0,0,0,-1
overhead,timer_pair,243,0,0,0,0,0,-1
overhead,timer_pair,244,0,0,0,0,0,-1
overhead,timer_pair,245,100,0,0,0,0,-1
overhead,timer_pair,246,0,0,0,0,0,-1
overhead,timer_pair,247,100,0,0,0,0,-1
overhead,timer_pair,248,0,0,0,0,0,-1
overhead,timer_pair,249,0,0,0,0,0,-1
overhead,timer_pair,250,100,0,0,0,0,-1
overhead,timer_pair,251,0,0,0,0,0,-1
overhead,timer_pair,252,0,0,0,0,0,-1
overhead,timer_pair,253,0,0,0,0,0,-1
overhead,timer_pair,254,0,0,0,0,0,-1
overhead,timer_pair,255,0,0,0,0,0,-1
overhead,timer_pair,256,0,0,0,0,0,-1
overhead,timer_pair,257,100,0,0,0,0,-1
overhead,timer_pair,258,0,0,0,0,0,-1
overhead,timer_pair,259,0,0,0,0,0,-1
overhead,timer_pair,260,0,0,0,0,0,-1
overhead,timer_pair,261,0,0,0,0,0,-1
overhead,timer_pair,262,100,0,0,0,0,-1
overhead,timer_pair,263,0,0,0,0,0,-1
overhead,timer_pair,264,0,0,0,0,0,-1
overhead,timer_pair,265,0,0,0,0,0,-1
overhead,timer_pair,266,0,0,0,0,0,-1
overhead,timer_pair,267,0,0,0,0,0,-1
overhead,timer_pair,268,0,0,0,0,0,-1
overhead,timer_pair,269,0,0,0,0,0,-1
overhead,timer_pair,270,100,0,0,0,0,-1
overhead,timer_pair,271,100,0,0,0,0,-1
overhead,timer_pair,272,0,0,0,0,0,-1
overhead,timer_pair,273,0,0,0,0,0,-1
overhead,timer_pair,274,100,0,0,0,0,-1
overhead,timer_pair,275,100,0,0,0,0,-1
overhead,timer_pair,276,100,0,0,0,0,-1
overhead,timer_pair,277,0,0,0,0,0,-1
overhead,timer_pair,278,100,0,0,0,0,-1
overhead,timer_pair,279,0,0,0,0,0,-1
overhead,timer_pair,280,0,0,0,0,0,-1
overhead,timer_pair,281,0,0,0,0,0,-1
overhead,timer_pair,282,100,0,0,0,0,-1
overhead,timer_pair,283,0,0,0,0,0,-1
overhead,timer_pair,284,0,0,0,0,0,-1
overhead,timer_pair,285,100,0,0,0,0,-1
overhead,timer_pair,286,0,0,0,0,0,-1
overhead,timer_pair,287,100,0,0,0,0,-1
overhead,timer_pair,288,0,0,0,0,0,-1
overhead,timer_pair,289,0,0,0,0,0,-1
overhead,timer_pair,290,0,0,0,0,0,-1
overhead,timer_pair,291,100,0,0,0,0,-1
overhead,timer_pair,292,100,0,0,0,0,-1
overhead,timer_pair,293,0,0,0,0,0,-1
overhead,timer_pair,294,100,0,0,0,0,-1
overhead,timer_pair,295,0,0,0,0,0,-1
overhead,timer_pair,296,0,0,0,0,0,-1
overhead,timer_pair,297,0,0,0,0,0,-1
overhead,timer_pair,298,100,0,0,0,0,-1
overhead,timer_pair,299,0,0,0,0,0,-1
overhead,timer_pair,300,0,0,0,0,0,-1
overhead,timer_pair,301,0,0,0,0,0,-1
overhead,timer_pair,302,0,0,0,0,0,-1
overhead,timer_pair,303,0,0,0,0,0,-1
overhead,timer_pair,304,0,0,0,0,0,-1
overhead,timer_pair,305,100,0,0,0,0,-1
overhead,timer_pair,306,0,0,0,0,0,-1
overhead,timer_pair,307,0,0,0,0,0,-1
overhead,timer_pair,308,0,0,0,0,0,-1
overhead,timer_pair,309,0,0,0,0,0,-1
overhead,timer_pair,310,0,0,0,0,0,-1
overhead,timer_pair,311,0,0,0,0,0,-1
overhead,timer_pair,312,0,0,0,0,0,-1
overhead,timer_pair,313,0,0,0,0,0,-1
overhead,timer_pair,314,100,0,0,0,0,-1
overhead,timer_pair,315,0,0,0,0,0,-1
overhead,timer_pair,316,100,0,0,0,0,-1
overhead,timer_pair,317,0,0,0,0,0,-1
overhead,timer_pair,318,0,0,0,0,0,-1
overhead,timer_pair,319,100,0,0,0,0,-1
overhead,timer_pair,320,0,0,0,0,0,-1
overhead,timer_pair,321,0,0,0,0,0,-1
overhead,timer_pair,322,100,0,0,0,0,-1
overhead,timer_pair,323,100,0,0,0,0,-1
overhead,timer_pair,324,100,0,0,0,0,-1
overhead,timer_pair,325,0,0,0,0,0,-1
overhead,timer_pair,326,0,0,0,0,0,-1
overhead,timer_pair,327,100,0,0,0,0,-1
overhead,timer_pair,328,100,0,0,0,0,-1
overhead,timer_pair,329,0,0,0,0,0,-1
overhead,timer_pair,330,0,0,0,0,0,-1
overhead,timer_pair,331,0,0,0,0,0,-1
overhead,timer_pair,332,100,0,0,0,0,-1
overhead,timer_pair,333,0,0,0,0,0,-1
overhead,timer_pair,334,100,0,0,0,0,-1
overhead,timer_pair,335,0,0,0,0,0,-1
overhead,timer_pair,336,100,0,0,0,0,-1
overhead,timer_pair,337,0,0,0,0,0,-1
overhead,timer_pair,338,100,0,0,0,0,-1
overhead,timer_pair,339,0,0,0,0,0,-1
overhead,timer_pair,340,0,0,0,0,0,-1
overhead,timer_pair,341,100,0,0,0,0,-1
overhead,timer_pair,342,0,0,0,0,0,-1
overhead,timer_pair,343,100,0,0,0,0,-1
overhead,timer_pair,344,0,0,0,0,0,-1
overhead,timer_pair,345,0,0,0,0,0,-1
overhead,timer_pair,346,100,0,0,0,0,-1
overhead,timer_pair,347,0,0,0,0,0,-1
overhead,timer_pair,348,0,0,0,0,0,-1
overhead,timer_pair,349,0,0,0,0,0,-1
overhead,timer_pair,350,100,0,0,0,0,-1
overhead,timer_pair,351,0,0,0,0,0,-1
overhead,timer_pair,352,0,0,0,0,0,-1
overhead,timer_pair,353,100,0,0,0,0,-1
overhead,timer_pair,354,0,0,0,0,0,-1
overhead,timer_pair,355,0,0,0,0,0,-1
overhead,timer_pair,356,0,0,0,0,0,-1
overhead,timer_pair,357,0,0,0,0,0,-1
overhead,timer_pair,358,100,0,0,0,0,-1
overhead,timer_pair,359,0,0,0,0,0,-1
overhead,timer_pair,360,100,0,0,0,0,-1
overhead,timer_pair,361,0,0,0,0,0,-1
overhead,timer_pair,362,100,0,0,0,0,-1
overhead,timer_pair,363,0,0,0,0,0,-1
overhead,timer_pair,364,100,0,0,0,0,-1
overhead,timer_pair,365,100,0,0,0,0,-1
overhead,timer_pair,366,0,0,0,0,0,-1
overhead,timer_pair,367,0,0,0,0,0,-1
overhead,timer_pair,368,100,0,0,0,0,-1
overhead,timer_pair,369,0,0,0,0,0,-1
overhead,timer_pair,370,100,0,0,0,0,-1
overhead,timer_pair,371,0,0,0,0,0,-1
overhead,timer_pair,372,0,0,0,0,0,-1
overhead,timer_pair,373,0,0,0,0,0,-1
overhead,timer_pair,374,100,0,0,0,0,-1
overhead,timer_pair,375,0,0,0,0,0,-1
overhead,timer_pair,376,100,0,0,0,0,-1
overhead,timer_pair,377,0,0,0,0,0,-1
overhead,timer_pair,378,0,0,0,0,0,-1
overhead,timer_pair,379,0,0,0,0,0,-1
overhead,timer_pair,380,100,0,0,0,0,-1
overhead,timer_pair,381,100,0,0,0,0,-1
overhead,timer_pair,382,0,0,0,0,0,-1
overhead,timer_pair,383,100,0,0,0,0,-1
overhead,timer_pair,384,0,0,0,0,0,-1
overhead,timer_pair,385,0,0,0,0,0,-1
overhead,timer_pair,386,0,0,0,0,0,-1
overhead,timer_pair,387,0,0,0,0,0,-1
overhead,timer_pair,388,0,0,0,0,0,-1
overhead,timer_pair,389,0,0,0,0,0,-1
overhead,timer_pair,390,100,0,0,0,0,-1
overhead,timer_pair,391,100,0,0,0,0,-1
overhead,timer_pair,392,0,0,0,0,0,-1
overhead,timer_pair,393,0,0,0,0,0,-1
overhead,timer_pair,394,100,0,0,0,0,-1
overhead,timer_pair,395,100,0,0,0,0,-1
overhead,timer_pair,396,0,0,0,0,0,-1
overhead,timer_pair,397,0,0,0,0,0,-1
overhead,timer_pair,398,100,0,0,0,0,-1
overhead,timer_pair,399,0,0,0,0,0,-1
overhead,timer_pair,400,100,0,0,0,0,-1
overhead,timer_pair,401,0,0,0,0,0,-1
overhead,timer_pair,402,0,0,0,0,0,-1
overhead,timer_pair,403,0,0,0,0,0,-1
overhead,timer_pair,404,0,0,0,0,0,-1
overhead,timer_pair,405,0,0,0,0,0,-1
overhead,timer_pair,406,100,0,0,0,0,-1
overhead,timer_pair,407,0,0,0,0,0,-1
overhead,timer_pair,408,0,0,0,0,0,-1
overhead,timer_pair,409,0,0,0,0,0,-1
overhead,timer_pair,410,100,0,0,0,0,-1
overhead,timer_pair,411,100,0,0,0,0,-1
overhead,timer_pair,412,100,0,0,0,0,-1
overhead,timer_pair,413,100,0,0,0,0,-1
overhead,timer_pair,414,0,0,0,0,0,-1
overhead,timer_pair,415,100,0,0,0,0,-1
overhead,timer_pair,416,0,0,0,0,0,-1
overhead,timer_pair,417,0,0,0,0,0,-1
overhead,timer_pair,418,0,0,0,0,0,-1
overhead,timer_pair,419,0,0,0,0,0,-1
overhead,timer_pair,420,0,0,0,0,0,-1
overhead,timer_pair,421,100,0,0,0,0,-1
overhead,timer_pair,422,0,0,0,0,0,-1
overhead,timer_pair,423,0,0,0,0,0,-1
overhead,timer_pair,424,100,0,0,0,0,-1
overhead,timer_pair,425,0,0,0,0,0,-1
overhead,timer_pair,426,0,0,0,0,0,-1
overhead,timer_pair,427,0,0,0,0,0,-1
overhead,timer_pair,428,0,0,0,0,0,-1
overhead,timer_pair,429,0,0,0,0,0,-1
overhead,timer_pair,430,100,0,0,0,0,-1
overhead,timer_pair,431,0,0,0,0,0,-1
overhead,timer_pair,432,0,0,0,0,0,-1
overhead,timer_pair,433,0,0,0,0,0,-1
overhead,timer_pair,434,100,0,0,0,0,-1
overhead,timer_pair,435,0,0,0,0,0,-1
overhead,timer_pair,436,0,0,0,0,0,-1
overhead,timer_pair,437,0,0,0,0,0,-1
overhead,timer_pair,438,0,0,0,0,0,-1
overhead,timer_pair,439,100,0,0,0,0,-1
overhead,timer_pair,440,0,0,0,0,0,-1
overhead,timer_pair,441,0,0,0,0,0,-1
overhead,timer_pair,442,0,0,0,0,0,-1
overhead,timer_pair,443,0,0,0,0,0,-1
overhead,timer_pair,444,0,0,0,0,0,-1
overhead,timer_pair,445,0,0,0,0,0,-1
overhead,timer_pair,446,100,0,0,0,0,-1
overhead,timer_pair,447,0,0,0,0,0,-1
overhead,timer_pair,448,0,0,0,0,0,-1
overhead,timer_pair,449,0,0,0,0,0,-1
overhead,timer_pair,450,100,0,0,0,0,-1
overhead,timer_pair,451,0,0,0,0,0,-1
overhead,timer_pair,452,0,0,0,0,0,-1
overhead,timer_pair,453,0,0,0,0,0,-1
overhead,timer_pair,454,100,0,0,0,0,-1
overhead,timer_pair,455,0,0,0,0,0,-1
overhead,timer_pair,456,0,0,0,0,0,-1
overhead,timer_pair,457,0,0,0,0,0,-1
overhead,timer_pair,458,100,0,0,0,0,-1
overhead,timer_pair,459,0,0,0,0,0,-1
overhead,timer_pair,460,0,0,0,0,0,-1
overhead,timer_pair,461,0,0,0,0,0,-1
overhead,timer_pair,462,100,0,0,0,0,-1
overhead,timer_pair,463,0,0,0,0,0,-1
overhead,timer_pair,464,100,0,0,0,0,-1
overhead,timer_pair,465,0,0,0,0,0,-1
overhead,timer_pair,466,0,0,0,0,0,-1
overhead,timer_pair,467,100,0,0,0,0,-1
overhead,timer_pair,468,100,0,0,0,0,-1
overhead,timer_pair,469,0,0,0,0,0,-1
overhead,timer_pair,470,0,0,0,0,0,-1
overhead,timer_pair,471,100,0,0,0,0,-1
overhead,timer_pair,472,0,0,0,0,0,-1
overhead,timer_pair,473,0,0,0,0,0,-1
overhead,timer_pair,474,100,0,0,0,0,-1
overhead,timer_pair,475,0,0,0,0,0,-1
overhead,timer_pair,476,0,0,0,0,0,-1
overhead,timer_pair,477,0,0,0,0,0,-1
overhead,timer_pair,478,100,0,0,0,0,-1
overhead,timer_pair,479,0,0,0,0,0,-1
overhead,timer_pair,480,0,0,0,0,0,-1
overhead,timer_pair,481,0,0,0,0,0,-1
overhead,timer_pair,482,0,0,0,0,0,-1
overhead,timer_pair,483,0,0,0,0,0,-1
overhead,timer_pair,484,0,0,0,0,0,-1
overhead,timer_pair,485,0,0,0,0,0,-1
overhead,timer_pair,486,0,0,0,0,0,-1
overhead,timer_pair,487,0,0,0,0,0,-1
overhead,timer_pair,488,100,0,0,0,0,-1
overhead,timer_pair,489,0,0,0,0,0,-1
overhead,timer_pair,490,100,0,0,0,0,-1
overhead,timer_pair,491,100,0,0,0,0,-1
overhead,timer_pair,492,100,0,0,0,0,-1
overhead,timer_pair,493,100,0,0,0,0,-1
overhead,timer_pair,494,0,0,0,0,0,-1
overhead,timer_pair,495,100,0,0,0,0,-1
overhead,timer_pair,496,0,0,0,0,0,-1
overhead,timer_pair,497,0,0,0,0,0,-1
overhead,timer_pair,498,100,0,0,0,0,-1
overhead,timer_pair,499,0,0,0,0,0,-1
overhead,timer_pair,500,0,0,0,0,0,-1
overhead,timer_pair,501,0,0,0,0,0,-1
overhead,timer_pair,502,100,0,0,0,0,-1
overhead,timer_pair,503,0,0,0,0,0,-1
overhead,timer_pair,504,100,0,0,0,0,-1
overhead,timer_pair,505,0,0,0,0,0,-1
overhead,timer_pair,506,0,0,0,0,0,-1
overhead,timer_pair,507,0,0,0,0,0,-1
overhead,timer_pair,508,0,0,0,0,0,-1
overhead,timer_pair,509,0,0,0,0,0,-1
overhead,timer_pair,510,100,0,0,0,0,-1
overhead,timer_pair,511,100,0,0,0,0,-1
overhead,timer_pair,512,0,0,0,0,0,-1
overhead,timer_pair,513,100,0,0,0,0,-1
overhead,timer_pair,514,0,0,0,0,0,-1
overhead,timer_pair,515,0,0,0,0,0,-1
overhead,timer_pair,516,0,0,0,0,0,-1
overhead,timer_pair,517,0,0,0,0,0,-1
overhead,timer_pair,518,0,0,0,0,0,-1
overhead,timer_pair,519,0,0,0,0,0,-1
overhead,timer_pair,520,0,0,0,0,0,-1
overhead,timer_pair,521,0,0,0,0,0,-1
overhead,timer_pair,522,0,0,0,0,0,-1
overhead,timer_pair,523,0,0,0,0,0,-1
overhead,timer_pair,524,0,0,0,0,0,-1
overhead,timer_pair,525,100,0,0,0,0,-1
overhead,timer_pair,526,0,0,0,0,0,-1
overhead,timer_pair,527,100,0,0,0,0,-1
overhead,timer_pair,528,100,0,0,0,0,-1
overhead,timer_pair,529,0,0,0,0,0,-1
overhead,timer_pair,530,0,0,0,0,0,-1
overhead,timer_pair,531,100,0,0,0,0,-1
overhead,timer_pair,532,100,0,0,0,0,-1
overhead,timer_pair,533,0,0,0,0,0,-1
overhead,timer_pair,534,100,0,0,0,0,-1
overhead,timer_pair,535,0,0,0,0,0,-1
overhead,timer_pair,536,0,0,0,0,0,-1
overhead,timer_pair,537,0,0,0,0,0,-1
overhead,timer_pair,538,0,0,0,0,0,-1
overhead,timer_pair,539,0,0,0,0,0,-1
overhead,timer_pair,540,0,0,0,0,0,-1
overhead,timer_pair,541,0,0,0,0,0,-1
overhead,timer_pair,542,0,0,0,0,0,-1
overhead,timer_pair,543,0,0,0,0,0,-1
overhead,timer_pair,544,100,0,0,0,0,-1
overhead,timer_pair,545,0,0,0,0,0,-1
overhead,timer_pair,546,0,0,0,0,0,-1
overhead,timer_pair,547,0,0,0,0,0,-1
overhead,timer_pair,548,0,0,0,0,0,-1
overhead,timer_pair,549,0,0,0,0,0,-1
overhead,timer_pair,550,0,0,0,0,0,-1
overhead,timer_pair,551,100,0,0,0,0,-1
overhead,timer_pair,552,0,0,0,0,0,-1
overhead,timer_pair,553,0,0,0,0,0,-1
overhead,timer_pair,554,100,0,0,0,0,-1
overhead,timer_pair,555,0,0,0,0,0,-1
overhead,timer_pair,556,0,0,0,0,0,-1
overhead,timer_pair,557,100,0,0,0,0,-1
overhead,timer_pair,558,0,0,0,0,0,-1
overhead,timer_pair,559,0,0,0,0,0,-1
overhead,timer_pair,560,0,0,0,0,0,-1
overhead,timer_pair,561,100,0,0,0,0,-1
overhead,timer_pair,562,0,0,0,0,0,-1
overhead,timer_pair,563,0,0,0,0,0,-1
overhead,timer_pair,564,100,0,0,0,0,-1
overhead,timer_pair,565,0,0,0,0,0,-1
overhead,timer_pair,566,0,0,0,0,0,-1
overhead,timer_pair,567,0,0,0,0,0,-1
overhead,timer_pair,568,100,0,0,0,0,-1
overhead,timer_pair,569,0,0,0,0,0,-1
overhead,timer_pair,570,0,0,0,0,0,-1
overhead,timer_pair,571,0,0,0,0,0,-1
overhead,timer_pair,572,100,0,0,0,0,-1
overhead,timer_pair,573,100,0,0,0,0,-1
overhead,timer_pair,574,0,0,0,0,0,-1
overhead,timer_pair,575,0,0,0,0,0,-1
overhead,timer_pair,576,0,0,0,0,0,-1
overhead,timer_pair,577,0,0,0,0,0,-1
overhead,timer_pair,578,0,0,0,0,0,-1
overhead,timer_pair,579,100,0,0,0,0,-1
overhead,timer_pair,580,0,0,0,0,0,-1
overhead,timer_pair,581,0,0,0,0,0,-1
overhead,timer_pair,582,100,0,0,0,0,-1
overhead,timer_pair,583,0,0,0,0,0,-1
overhead,timer_pair,584,100,0,0,0,0,-1
overhead,timer_pair,585,0,0,0,0,0,-1
overhead,timer_pair,586,0,0,0,0,0,-1
overhead,timer_pair,587,0,0,0,0,0,-1
overhead,timer_pair,588,0,0,0,0,0,-1
overhead,timer_pair,589,0,0,0,0,0,-1
overhead,timer_pair,590,100,0,0,0,0,-1
overhead,timer_pair,591,0,0,0,0,0,-1
overhead,timer_pair,592,0,0,0,0,0,-1
overhead,timer_pair,593,0,0,0,0,0,-1
overhead,timer_pair,594,0,0,0,0,0,-1
overhead,timer_pair,595,0,0,0,0,0,-1
overhead,timer_pair,596,0,0,0,0,0,-1
overhead,timer_pair,597,0,0,0,0,0,-1
overhead,timer_pair,598,0,0,0,0,0,-1
overhead,timer_pair,599,0,0,0,0,0,-1
overhead,timer_pair,600,100,0,0,0,0,-1
overhead,timer_pair,601,0,0,0,0,0,-1
overhead,timer_pair,602,0,0,0,0,0,-1
overhead,timer_pair,603,0,0,0,0,0,-1
overhead,timer_pair,604,100,0,0,0,0,-1
overhead,timer_pair,605,100,0,0,0,0,-1
overhead,timer_pair,606,0,0,0,0,0,-1
overhead,timer_pair,607,0,0,0,0,0,-1
overhead,timer_pair,608,100,0,0,0,0,-1
overhead,timer_pair,609,0,0,0,0,0,-1
overhead,timer_pair,610,0,0,0,0,0,-1
overhead,timer_pair,611,0,0,0,0,0,-1
overhead,timer_pair,612,0,0,0,0,0,-1
overhead,timer_pair,613,0,0,0,0,0,-1
overhead,timer_pair,614,100,0,0,0,0,-1
overhead,timer_pair,615,0,0,0,0,0,-1
overhead,timer_pair,616,100,0,0,0,0,-1
overhead,timer_pair,617,0,0,0,0,0,-1
overhead,timer_pair,618,0,0,0,0,0,-1
overhead,timer_pair,619,0,0,0,0,0,-1
overhead,timer_pair,620,0,0,0,0,0,-1
overhead,timer_pair,621,0,0,0,0,0,-1
overhead,timer_pair,622,100,0,0,0,0,-1
overhead,timer_pair,623,0,0,0,0,0,-1
overhead,timer_pair,624,100,0,0,0,0,-1
overhead,timer_pair,625,0,0,0,0,0,-1
overhead,timer_pair,626,0,0,0,0,0,-1
overhead,timer_pair,627,0,0,0,0,0,-1
overhead,timer_pair,628,0,0,0,0,0,-1
overhead,timer_pair,629,0,0,0,0,0,-1
overhead,timer_pair,630,0,0,0,0,0,-1
overhead,timer_pair,631,0,0,0,0,0,-1
overhead,timer_pair,632,0,0,0,0,0,-1
overhead,timer_pair,633,0,0,0,0,0,-1
overhead,timer_pair,634,0,0,0,0,0,-1
overhead,timer_pair,635,0,0,0,0,0,-1
overhead,timer_pair,636,0,0,0,0,0,-1
overhead,timer_pair,637,0,0,0,0,0,-1
overhead,timer_pair,638,0,0,0,0,0,-1
overhead,timer_pair,639,0,0,0,0,0,-1
overhead,timer_pair,640,0,0,0,0,0,-1
overhead,timer_pair,641,100,0,0,0,0,-1
overhead,timer_pair,642,100,0,0,0,0,-1
overhead,timer_pair,643,0,0,0,0,0,-1
overhead,timer_pair,644,0,0,0,0,0,-1
overhead,timer_pair,645,0,0,0,0,0,-1
overhead,timer_pair,646,100,0,0,0,0,-1
overhead,timer_pair,647,0,0,0,0,0,-1
overhead,timer_pair,648,0,0,0,0,0,-1
overhead,timer_pair,649,100,0,0,0,0,-1
overhead,timer_pair,650,0,0,0,0,0,-1
overhead,timer_pair,651,100,0,0,0,0,-1
overhead,timer_pair,652,0,0,0,0,0,-1
overhead,timer_pair,653,100,0,0,0,0,-1
overhead,timer_pair,654,0,0,0,0,0,-1
overhead,timer_pair,655,100,0,0,0,0,-1
overhead,timer_pair,656,0,0,0,0,0,-1
overhead,timer_pair,657,100,0,0,0,0,-1
overhead,timer_pair,658,100,0,0,0,0,-1
overhead,timer_pair,659,0,0,0,0,0,-1
overhead,timer_pair,660,0,0,0,0,0,-1
overhead,timer_pair,661,0,0,0,0,0,-1
overhead,timer_pair,662,0,0,0,0,0,-1
overhead,timer_pair,663,0,0,0,0,0,-1
overhead,timer_pair,664,100,0,0,0,0,-1
overhead,timer_pair,665,0,0,0,0,0,-1
overhead,timer_pair,666,0,0,0,0,0,-1
overhead,timer_pair,667,100,0,0,0,0,-1
overhead,timer_pair,668,100,0,0,0,0,-1
overhead,timer_pair,669,0,0,0,0,0,-1
overhead,timer_pair,670,0,0,0,0,0,-1
overhead,timer_pair,671,0,0,0,0,0,-1
overhead,timer_pair,672,0,0,0,0,0,-1
overhead,timer_pair,673,100,0,0,0,0,-1
overhead,timer_pair,674,100,0,0,0,0,-1
overhead,timer_pair,675,0,0,0,0,0,-1
overhead,timer_pair,676,100,0,0,0,0,-1
overhead,timer_pair,677,100,0,0,0,0,-1
overhead,timer_pair,678,100,0,0,0,0,-1
overhead,timer_pair,679,0,0,0,0,0,-1
overhead,timer_pair,680,0,0,0,0,0,-1
overhead,timer_pair,681,100,0,0,0,0,-1
overhead,timer_pair,682,0,0,0,0,0,-1
overhead,timer_pair,683,0,0,0,0,0,-1
overhead,timer_pair,684,100,0,0,0,0,-1
overhead,timer_pair,685,0,0,0,0,0,-1
overhead,timer_pair,686,0,0,0,0,0,-1
overhead,timer_pair,687,0,0,0,0,0,-1
overhead,timer_pair,688,0,0,0,0,0,-1
overhead,timer_pair,689,0,0,0,0,0,-1
overhead,timer_pair,690,0,0,0,0,0,-1
overhead,timer_pair,691,0,0,0,0,0,-1
overhead,timer_pair,692,0,0,0,0,0,-1
overhead,timer_pair,693,0,0,0,0,0,-1
overhead,timer_pair,694,0,0,0,0,0,-1
overhead,timer_pair,695,100,0,0,0,0,-1
overhead,timer_pair,696,0,0,0,0,0,-1
overhead,timer_pair,697,0,0,0,0,0,-1
overhead,timer_pair,698,0,0,0,0,0,-1
overhead,timer_pair,699,0,0,0,0,0,-1
overhead,timer_pair,700,0,0,0,0,0,-1
overhead,timer_pair,701,100,0,0,0,0,-1
overhead,timer_pair,702,0,0,0,0,0,-1
overhead,timer_pair,703,0,0,0,0,0,-1
overhead,timer_pair,704,0,0,0,0,0,-1
overhead,timer_pair,705,0,0,0,0,0,-1
overhead,timer_pair,706,0,0,0,0,0,-1
overhead,timer_pair,707,0,0,0,0,0,-1
overhead,timer_pair,708,0,0,0,0,0,-1
overhead,timer_pair,709,100,0,0,0,0,-1
overhead,timer_pair,710,0,0,0,0,0,-1
overhead,timer_pair,711,0,0,0,0,0,-1
overhead,timer_pair,712,0,0,0,0,0,-1
overhead,timer_pair,713,0,0,0,0,0,-1
overhead,timer_pair,714,0,0,0,0,0,-1
overhead,timer_pair,715,100,0,0,0,0,-1
overhead,timer_pair,716,0,0,0,0,0,-1
overhead,timer_pair,717,0,0,0,0,0,-1
overhead,timer_pair,718,100,0,0,0,0,-1
overhead,timer_pair,719,0,0,0,0,0,-1
overhead,timer_pair,720,100,0,0,0,0,-1
overhead,timer_pair,721,0,0,0,0,0,-1
overhead,timer_pair,722,0,0,0,0,0,-1
overhead,timer_pair,723,0,0,0,0,0,-1
overhead,timer_pair,724,0,0,0,0,0,-1
overhead,timer_pair,725,0,0,0,0,0,-1
overhead,timer_pair,726,100,0,0,0,0,-1
overhead,timer_pair,727,0,0,0,0,0,-1
overhead,timer_pair,728,0,0,0,0,0,-1
overhead,timer_pair,729,0,0,0,0,0,-1
overhead,timer_pair,730,0,0,0,0,0,-1
overhead,timer_pair,731,100,0,0,0,0,-1
overhead,timer_pair,732,0,0,0,0,0,-1
overhead,timer_pair,733,100,0,0,0,0,-1
overhead,timer_pair,734,100,0,0,0,0,-1
overhead,timer_pair,735,100,0,0,0,0,-1
overhead,timer_pair,736,100,0,0,0,0,-1
overhead,timer_pair,737,100,0,0,0,0,-1
overhead,timer_pair,738,100,0,0,0,0,-1
overhead,timer_pair,739,0,0,0,0,0,-1
overhead,timer_pair,740,0,0,0,0,0,-1
overhead,timer_pair,741,0,0,0,0,0,-1
overhead,timer_pair,742,0,0,0,0,0,-1
overhead,timer_pair,743,0,0,0,0,0,-1
overhead,timer_pair,744,0,0,0,0,0,-1
overhead,timer_pair,745,100,0,0,0,0,-1
overhead,timer_pair,746,0,0,0,0,0,-1
overhead,timer_pair,747,0,0,0,0,0,-1
overhead,timer_pair,748,0,0,0,0,0,-1
overhead,timer_pair,749,0,0,0,0,0,-1
overhead,timer_pair,750,100,0,0,0,0,-1
overhead,timer_pair,751,100,0,0,0,0,-1
overhead,timer_pair,752,100,0,0,0,0,-1
overhead,timer_pair,753,100,0,0,0,0,-1
overhead,timer_pair,754,100,0,0,0,0,-1
overhead,timer_pair,755,0,0,0,0,0,-1
overhead,timer_pair,756,0,0,0,0,0,-1
overhead,timer_pair,757,0,0,0,0,0,-1
overhead,timer_pair,758,0,0,0,0,0,-1
overhead,timer_pair,759,0,0,0,0,0,-1
overhead,timer_pair,760,0,0,0,0,0,-1
overhead,timer_pair,761,0,0,0,0,0,-1
overhead,timer_pair,762,0,0,0,0,0,-1
overhead,timer_pair,763,100,0,0,0,0,-1
overhead,timer_pair,764,0,0,0,0,0,-1
overhead,timer_pair,765,0,0,0,0,0,-1
overhead,timer_pair,766,0,0,0,0,0,-1
overhead,timer_pair,767,100,0,0,0,0,-1
overhead,timer_pair,768,100,0,0,0,0,-1
overhead,timer_pair,769,0,0,0,0,0,-1
overhead,timer_pair,770,0,0,0,0,0,-1
overhead,timer_pair,771,0,0,0,0,0,-1
overhead,timer_pair,772,0,0,0,0,0,-1
overhead,timer_pair,773,100,0,0,0,0,-1
overhead,timer_pair,774,0,0,0,0,0,-1
overhead,timer_pair,775,0,0,0,0,0,-1
overhead,timer_pair,776,0,0,0,0,0,-1
overhead,timer_pair,777,0,0,0,0,0,-1
overhead,timer_pair,778,0,0,0,0,0,-1
overhead,timer_pair,779,100,0,0,0,0,-1
overhead,timer_pair,780,0,0,0,0,0,-1
overhead,timer_pair,781,100,0,0,0,0,-1
overhead,timer_pair,782,100,0,0,0,0,-1
overhead,timer_pair,783,0,0,0,0,0,-1
overhead,timer_pair,784,100,0,0,0,0,-1
overhead,timer_pair,785,100,0,0,0,0,-1
overhead,timer_pair,786,0,0,0,0,0,-1
overhead,timer_pair,787,0,0,0,0,0,-1
overhead,timer_pair,788,0,0,0,0,0,-1
overhead,timer_pair,789,100,0,0,0,0,-1
overhead,timer_pair,790,0,0,0,0,0,-1
overhead,timer_pair,791,0,0,0,0,0,-1
overhead,timer_pair,792,0,0,0,0,0,-1
overhead,timer_pair,793,0,0,0,0,0,-1
overhead,timer_pair,794,100,0,0,0,0,-1
overhead,timer_pair,795,0,0,0,0,0,-1
overhead,timer_pair,796,0,0,0,0,0,-1
overhead,timer_pair,797,0,0,0,0,0,-1
overhead,timer_pair,798,0,0,0,0,0,-1
overhead,timer_pair,799,0,0,0,0,0,-1
overhead,timer_pair,800,100,0,0,0,0,-1
overhead,timer_pair,801,0,0,0,0,0,-1
overhead,timer_pair,802,0,0,0,0,0,-1
overhead,timer_pair,803,0,0,0,0,0,-1
overhead,timer_pair,804,100,0,0,0,0,-1
overhead,timer_pair,805,100,0,0,0,0,-1
overhead,timer_pair,806,0,0,0,0,0,-1
overhead,timer_pair,807,0,0,0,0,0,-1
overhead,timer_pair,808,0,0,0,0,0,-1
overhead,timer_pair,809,0,0,0,0,0,-1
overhead,timer_pair,810,0,0,0,0,0,-1
overhead,timer_pair,811,0,0,0,0,0,-1
overhead,timer_pair,812,100,0,0,0,0,-1
overhead,timer_pair,813,0,0,0,0,0,-1
overhead,timer_pair,814,0,0,0,0,0,-1
overhead,timer_pair,815,0,0,0,0,0,-1
overhead,timer_pair,816,0,0,0,0,0,-1
overhead,timer_pair,817,0,0,0,0,0,-1
overhead,timer_pair,818,0,0,0,0,0,-1
overhead,timer_pair,819,0,0,0,0,0,-1
overhead,timer_pair,820,100,0,0,0,0,-1
overhead,timer_pair,821,0,0,0,0,0,-1
overhead,timer_pair,822,0,0,0,0,0,-1
overhead,timer_pair,823,100,0,0,0,0,-1
overhead,timer_pair,824,100,0,0,0,0,-1
overhead,timer_pair,825,0,0,0,0,0,-1
overhead,timer_pair,826,100,0,0,0,0,-1
overhead,timer_pair,827,100,0,0,0,0,-1
overhead,timer_pair,828,0,0,0,0,0,-1
overhead,timer_pair,829,100,0,0,0,0,-1
overhead,timer_pair,830,100,0,0,0,0,-1
overhead,timer_pair,831,0,0,0,0,0,-1
overhead,timer_pair,832,0,0,0,0,0,-1
overhead,timer_pair,833,0,0,0,0,0,-1
overhead,timer_pair,834,100,0,0,0,0,-1
overhead,timer_pair,835,100,0,0,0,0,-1
overhead,timer_pair,836,0,0,0,0,0,-1
overhead,timer_pair,837,0,0,0,0,0,-1
overhead,timer_pair,838,0,0,0,0,0,-1
overhead,timer_pair,839,0,0,0,0,0,-1
overhead,timer_pair,840,100,0,0,0,0,-1
overhead,timer_pair,841,0,0,0,0,0,-1
overhead,timer_pair,842,0,0,0,0,0,-1
overhead,timer_pair,843,0,0,0,0,0,-1
overhead,timer_pair,844,100,0,0,0,0,-1
overhead,timer_pair,845,0,0,0,0,0,-1
overhead,timer_pair,846,0,0,0,0,0,-1
overhead,timer_pair,847,0,0,0,0,0,-1
overhead,timer_pair,848,0,0,0,0,0,-1
overhead,timer_pair,849,100,0,0,0,0,-1
overhead,timer_pair,850,100,0,0,0,0,-1
overhead,timer_pair,851,0,0,0,0,0,-1
overhead,timer_pair,852,0,0,0,0,0,-1
overhead,timer_pair,853,0,0,0,0,0,-1
overhead,timer_pair,854,100,0,0,0,0,-1
overhead,timer_pair,855,0,0,0,0,0,-1
overhead,timer_pair,856,0,0,0,0,0,-1
overhead,timer_pair,857,0,0,0,0,0,-1
overhead,timer_pair,858,0,0,0,0,0,-1
overhead,timer_pair,859,0,0,0,0,0,-1
overhead,timer_pair,860,0,0,0,0,0,-1
overhead,timer_pair,861,100,0,0,0,0,-1
overhead,timer_pair,862,0,0,0,0,0,-1
overhead,timer_pair,863,0,0,0,0,0,-1
overhead,timer_pair,864,100,0,0,0,0,-1
overhead,timer_pair,865,0,0,0,0,0,-1
overhead,timer_pair,866,0,0,0,0,0,-1
overhead,timer_pair,867,0,0,0,0,0,-1
overhead,timer_pair,868,0,0,0,0,0,-1
overhead,timer_pair,869,0,0,0,0,0,-1
overhead,timer_pair,870,0,0,0,0,0,-1
overhead,timer_pair,871,100,0,0,0,0,-1
overhead,timer_pair,872,100,0,0,0,0,-1
overhead,timer_pair,873,100,0,0,0,0,-1
overhead,timer_pair,874,100,0,0,0,0,-1
overhead,timer_pair,875,0,0,0,0,0,-1
overhead,timer_pair,876,100,0,0,0,0,-1
overhead,timer_pair,877,100,0,0,0,0,-1
overhead,timer_pair,878,0,0,0,0,0,-1
overhead,timer_pair,879,0,0,0,0,0,-1
overhead,timer_pair,880,100,0,0,0,0,-1
overhead,timer_pair,881,0,0,0,0,0,-1
overhead,timer_pair,882,0,0,0,0,0,-1
overhead,timer_pair,883,0,0,0,0,0,-1
overhead,timer_pair,884,0,0,0,0,0,-1
overhead,timer_pair,885,0,0,0,0,0,-1
overhead,timer_pair,886,100,0,0,0,0,-1
overhead,timer_pair,887,0,0,0,0,0,-1
overhead,timer_pair,888,0,0,0,0,0,-1
overhead,timer_pair,889,100,0,0,0,0,-1
overhead,timer_pair,890,100,0,0,0,0,-1
overhead,timer_pair,891,0,0,0,0,0,-1
overhead,timer_pair,892,0,0,0,0,0,-1
overhead,timer_pair,893,0,0,0,0,0,-1
overhead,timer_pair,894,0,0,0,0,0,-1
overhead,timer_pair,895,100,0,0,0,0,-1
overhead,timer_pair,896,0,0,0,0,0,-1
overhead,timer_pair,897,100,0,0,0,0,-1
overhead,timer_pair,898,0,0,0,0,0,-1
overhead,timer_pair,899,0,0,0,0,0,-1
overhead,timer_pair,900,100,0,0,0,0,-1
overhead,timer_pair,901,0,0,0,0,0,-1
overhead,timer_pair,902,0,0,0,0,0,-1
overhead,timer_pair,903,0,0,0,0,0,-1
overhead,timer_pair,904,100,0,0,0,0,-1
overhead,timer_pair,905,0,0,0,0,0,-1
overhead,timer_pair,906,0,0,0,0,0,-1
overhead,timer_pair,907,0,0,0,0,0,-1
overhead,timer_pair,908,0,0,0,0,0,-1
overhead,timer_pair,909,100,0,0,0,0,-1
overhead,timer_pair,910,0,0,0,0,0,-1
overhead,timer_pair,911,100,0,0,0,0,-1
overhead,timer_pair,912,0,0,0,0,0,-1
overhead,timer_pair,913,0,0,0,0,0,-1
overhead,timer_pair,914,0,0,0,0,0,-1
overhead,timer_pair,915,100,0,0,0,0,-1
overhead,timer_pair,916,100,0,0,0,0,-1
overhead,timer_pair,917,0,0,0,0,0,-1
overhead,timer_pair,918,100,0,0,0,0,-1
overhead,timer_pair,919,0,0,0,0,0,-1
overhead,timer_pair,920,0,0,0,0,0,-1
overhead,timer_pair,921,0,0,0,0,0,-1
overhead,timer_pair,922,0,0,0,0,0,-1
overhead,timer_pair,923,0,0,0,0,0,-1
overhead,timer_pair,924,0,0,0,0,0,-1
overhead,timer_pair,925,0,0,0,0,0,-1
overhead,timer_pair,926,0,0,0,0,0,-1
overhead,timer_pair,927,100,0,0,0,0,-1
overhead,timer_pair,928,0,0,0,0,0,-1
overhead,timer_pair,929,0,0,0,0,0,-1
overhead,timer_pair,930,100,0,0,0,0,-1
overhead,timer_pair,931,0,0,0,0,0,-1
overhead,timer_pair,932,0,0,0,0,0,-1
overhead,timer_pair,933,100,0,0,0,0,-1
overhead,timer_pair,934,0,0,0,0,0,-1
overhead,timer_pair,935,100,0,0,0,0,-1
overhead,timer_pair,936,0,0,0,0,0,-1
overhead,timer_pair,937,0,0,0,0,0,-1
overhead,timer_pair,938,0,0,0,0,0,-1
overhead,timer_pair,939,0,0,0,0,0,-1
overhead,timer_pair,940,0,0,0,0,0,-1
overhead,timer_pair,941,100,0,0,0,0,-1
overhead,timer_pair,942,0,0,0,0,0,-1
overhead,timer_pair,943,0,0,0,0,0,-1
overhead,timer_pair,944,100,0,0,0,0,-1
overhead,timer_pair,945,0,0,0,0,0,-1
overhead,timer_pair,946,0,0,0,0,0,-1
overhead,timer_pair,947,100,0,0,0,0,-1
overhead,timer_pair,948,0,0,0,0,0,-1
overhead,timer_pair,949,0,0,0,0,0,-1
overhead,timer_pair,950,100,0,0,0,0,-1
overhead,timer_pair,951,0,0,0,0,0,-1
overhead,timer_pair,952,100,0,0,0,0,-1
overhead,timer_pair,953,0,0,0,0,0,-1
overhead,timer_pair,954,0,0,0,0,0,-1
overhead,timer_pair,955,0,0,0,0,0,-1
overhead,timer_pair,956,0,0,0,0,0,-1
overhead,timer_pair,957,100,0,0,0,0,-1
overhead,timer_pair,958,0,0,0,0,0,-1
overhead,timer_pair,959,0,0,0,0,0,-1
overhead,timer_pair,960,100,0,0,0,0,-1
overhead,timer_pair,961,0,0,0,0,0,-1
overhead,timer_pair,962,0,0,0,0,0,-1
overhead,timer_pair,963,0,0,0,0,0,-1
overhead,timer_pair,964,0,0,0,0,0,-1
overhead,timer_pair,965,0,0,0,0,0,-1
overhead,timer_pair,966,100,0,0,0,0,-1
overhead,timer_pair,967,0,0,0,0,0,-1
overhead,timer_pair,968,0,0,0,0,0,-1
overhead,timer_pair,969,0,0,0,0,0,-1
overhead,timer_pair,970,100,0,0,0,0,-1
overhead,timer_pair,971,0,0,0,0,0,-1
overhead,timer_pair,972,0,0,0,0,0,-1
overhead,timer_pair,973,0,0,0,0,0,-1
overhead,timer_pair,974,100,0,0,0,0,-1
overhead,timer_pair,975,0,0,0,0,0,-1
overhead,timer_pair,976,0,0,0,0,0,-1
overhead,timer_pair,977,0,0,0,0,0,-1
overhead,timer_pair,978,0,0,0,0,0,-1
overhead,timer_pair,979,0,0,0,0,0,-1
overhead,timer_pair,980,0,0,0,0,0,-1
overhead,timer_pair,981,0,0,0,0,0,-1
overhead,timer_pair,982,100,0,0,0,0,-1
overhead,timer_pair,983,0,0,0,0,0,-1
overhead,timer_pair,984,100,0,0,0,0,-1
overhead,timer_pair,985,0,0,0,0,0,-1
overhead,timer_pair,986,0,0,0,0,0,-1
overhead,timer_pair,987,0,0,0,0,0,-1
overhead,timer_pair,988,0,0,0,0,0,-1
overhead,timer_pair,989,0,0,0,0,0,-1
overhead,timer_pair,990,0,0,0,0,0,-1
overhead,timer_pair,991,0,0,0,0,0,-1
overhead,timer_pair,992,100,0,0,0,0,-1
overhead,timer_pair,993,0,0,0,0,0,-1
overhead,timer_pair,994,0,0,0,0,0,-1
overhead,timer_pair,995,0,0,0,0,0,-1
overhead,timer_pair,996,100,0,0,0,0,-1
overhead,timer_pair,997,0,0,0,0,0,-1
overhead,timer_pair,998,0,0,0,0,0,-1
overhead,timer_pair,999,100,0,0,0,0,-1
poster,first_path_decode,0,1079900,1,0,1,0,-1
poster,first_path_decode,1,850100,1,0,1,0,-1
poster,first_path_decode,2,875800,1,0,1,0,-1
poster,first_path_decode,3,939800,1,0,1,0,-1
poster,first_path_decode,4,900600,1,0,1,0,-1
poster,first_path_decode,5,921700,1,0,1,0,-1
poster,first_path_decode,6,943800,1,0,1,0,-1
poster,first_path_decode,7,1004500,1,0,1,0,-1
poster,first_path_decode,8,988900,1,0,1,0,-1
poster,first_path_decode,9,994000,1,0,1,0,-1
poster,first_path_decode,10,949500,1,0,1,0,-1
poster,first_path_decode,11,1018200,1,0,1,0,-1
poster,first_path_decode,12,1065300,1,0,1,0,-1
poster,first_path_decode,13,1093000,1,0,1,0,-1
poster,first_path_decode,14,992500,1,0,1,0,-1
poster,first_path_decode,15,848900,1,0,1,0,-1
poster,first_path_decode,16,883100,1,0,1,0,-1
poster,first_path_decode,17,1027300,1,0,1,0,-1
poster,first_path_decode,18,938400,1,0,1,0,-1
poster,first_path_decode,19,924300,1,0,1,0,-1
poster,first_path_decode,20,1052300,1,0,1,0,-1
poster,first_path_decode,21,1012500,1,0,1,0,-1
poster,first_path_decode,22,1119300,1,0,1,0,-1
poster,first_path_decode,23,1133300,1,0,1,0,-1
poster,first_path_decode,24,1044500,1,0,1,0,-1
poster,first_path_decode,25,1035700,1,0,1,0,-1
poster,first_path_decode,26,1001200,1,0,1,0,-1
poster,first_path_decode,27,1073900,1,0,1,0,-1
poster,first_path_decode,28,1089400,1,0,1,0,-1
poster,first_path_decode,29,1178100,1,0,1,0,-1
poster,first_path_decode,30,1006400,1,0,1,0,-1
poster,first_path_decode,31,1025100,1,0,1,0,-1
poster,first_path_decode,32,1032400,1,0,1,0,-1
poster,first_path_decode,33,1059000,1,0,1,0,-1
poster,first_path_decode,34,1050600,1,0,1,0,-1
poster,first_path_decode,35,1097600,1,0,1,0,-1
poster,first_path_decode,36,1132800,1,0,1,0,-1
poster,first_path_decode,37,1177600,1,0,1,0,-1
poster,first_path_decode,38,1102000,1,0,1,0,-1
poster,first_path_decode,39,978000,1,0,1,0,-1
poster,first_path_decode,40,980800,1,0,1,0,-1
poster,first_path_decode,41,1180700,1,0,1,0,-1
poster,first_path_decode,42,1019100,1,0,1,0,-1
poster,first_path_decode,43,1041600,1,0,1,0,-1
poster,first_path_decode,44,893900,1,0,1,0,-1
poster,first_path_decode,45,927100,1,0,1,0,-1
poster,first_path_decode,46,903200,1,0,1,0,-1
poster,first_path_decode,47,914700,1,0,1,0,-1
poster,first_path_decode,48,935100,1,0,1,0,-1
poster,first_path_decode,49,961300,1,0,1,0,-1
poster,first_path_decode,50,974700,1,0,1,0,-1
poster,first_path_decode,51,1063700,1,0,1,0,-1
poster,first_path_decode,52,1007300,1,0,1,0,-1
poster,first_path_decode,53,1217600,1,0,1,0,-1
poster,first_path_decode,54,1076800,1,0,1,0,-1
poster,first_path_decode,55,947900,1,0,1,0,-1
poster,first_path_decode,56,999500,1,0,1,0,-1
poster,first_path_decode,57,1020300,1,0,1,0,-1
poster,first_path_decode,58,1017700,1,0,1,0,-1
poster,first_path_decode,59,911700,1,0,1,0,-1
poster,first_path_decode,60,927300,1,0,1,0,-1
poster,first_path_decode,61,941500,1,0,1,0,-1
poster,first_path_decode,62,1357300,1,0,1,0,-1
poster,first_path_decode,63,1459600,1,0,1,0,-1
poster,first_path_decode,64,1380200,1,0,1,0,-1
poster,first_path_decode,65,1309900,1,0,1,0,-1
poster,first_path_decode,66,1596800,1,0,1,0,-1
poster,first_path_decode,67,1307800,1,0,1,0,-1
poster,first_path_decode,68,966600,1,0,1,0,-1
poster,first_path_decode,69,908800,1,0,1,0,-1
poster,first_path_decode,70,1007300,1,0,1,0,-1
poster,first_path_decode,71,1078600,1,0,1,0,-1
poster,first_path_decode,72,1013200,1,0,1,0,-1
poster,first_path_decode,73,1006200,1,0,1,0,-1
poster,first_path_decode,74,1001700,1,0,1,0,-1
poster,first_path_decode,75,1005400,1,0,1,0,-1
poster,first_path_decode,76,1060100,1,0,1,0,-1
poster,first_path_decode,77,1067000,1,0,1,0,-1
poster,first_path_decode,78,1063200,1,0,1,0,-1
poster,first_path_decode,79,1082100,1,0,1,0,-1
poster,first_path_decode,80,1139500,1,0,1,0,-1
poster,first_path_decode,81,1203800,1,0,1,0,-1
poster,first_path_decode,82,1085500,1,0,1,0,-1
poster,first_path_decode,83,1111400,1,0,1,0,-1
poster,first_path_decode,84,1055700,1,0,1,0,-1
poster,first_path_decode,85,1130500,1,0,1,0,-1
poster,first_path_decode,86,1080100,1,0,1,0,-1
poster,first_path_decode,87,1153000,1,0,1,0,-1
poster,first_path_decode,88,1080000,1,0,1,0,-1
poster,first_path_decode,89,1066000,1,0,1,0,-1
poster,first_path_decode,90,1089600,1,0,1,0,-1
poster,first_path_decode,91,1289000,1,0,1,0,-1
poster,first_path_decode,92,1207200,1,0,1,0,-1
poster,first_path_decode,93,1097100,1,0,1,0,-1
poster,first_path_decode,94,1156600,1,0,1,0,-1
poster,first_path_decode,95,1107700,1,0,1,0,-1
poster,first_path_decode,96,1063300,1,0,1,0,-1
poster,first_path_decode,97,1089400,1,0,1,0,-1
poster,first_path_decode,98,1117000,1,0,1,0,-1
poster,first_path_decode,99,1100400,1,0,1,0,-1
poster,forced_decode,0,991800,1,0,1,0,-1
poster,forced_decode,1,1021000,1,0,1,0,-1
poster,forced_decode,2,1081000,1,0,1,0,-1
poster,forced_decode,3,1017100,1,0,1,0,-1
poster,forced_decode,4,1006000,1,0,1,0,-1
poster,forced_decode,5,1133100,1,0,1,0,-1
poster,forced_decode,6,1008000,1,0,1,0,-1
poster,forced_decode,7,997700,1,0,1,0,-1
poster,forced_decode,8,1051000,1,0,1,0,-1
poster,forced_decode,9,1036900,1,0,1,0,-1
poster,forced_decode,10,1018800,1,0,1,0,-1
poster,forced_decode,11,1062700,1,0,1,0,-1
poster,forced_decode,12,985600,1,0,1,0,-1
poster,forced_decode,13,1005800,1,0,1,0,-1
poster,forced_decode,14,1025000,1,0,1,0,-1
poster,forced_decode,15,1046500,1,0,1,0,-1
poster,forced_decode,16,1144000,1,0,1,0,-1
poster,forced_decode,17,1057200,1,0,1,0,-1
poster,forced_decode,18,997700,1,0,1,0,-1
poster,forced_decode,19,986600,1,0,1,0,-1
poster,forced_decode,20,1041200,1,0,1,0,-1
poster,forced_decode,21,1005700,1,0,1,0,-1
poster,forced_decode,22,1083900,1,0,1,0,-1
poster,forced_decode,23,1139900,1,0,1,0,-1
poster,forced_decode,24,1059100,1,0,1,0,-1
poster,forced_decode,25,1084200,1,0,1,0,-1
poster,forced_decode,26,1076800,1,0,1,0,-1
poster,forced_decode,27,1166100,1,0,1,0,-1
poster,forced_decode,28,887100,1,0,1,0,-1
poster,forced_decode,29,952500,1,0,1,0,-1
poster,forced_decode,30,903500,1,0,1,0,-1
poster,forced_decode,31,866200,1,0,1,0,-1
poster,forced_decode,32,910100,1,0,1,0,-1
poster,forced_decode,33,895800,1,0,1,0,-1
poster,forced_decode,34,957300,1,0,1,0,-1
poster,forced_decode,35,944100,1,0,1,0,-1
poster,forced_decode,36,951500,1,0,1,0,-1
poster,forced_decode,37,942400,1,0,1,0,-1
poster,forced_decode,38,940000,1,0,1,0,-1
poster,forced_decode,39,828600,1,0,1,0,-1
poster,forced_decode,40,962100,1,0,1,0,-1
poster,forced_decode,41,980200,1,0,1,0,-1
poster,forced_decode,42,1005700,1,0,1,0,-1
poster,forced_decode,43,942200,1,0,1,0,-1
poster,forced_decode,44,801300,1,0,1,0,-1
poster,forced_decode,45,929000,1,0,1,0,-1
poster,forced_decode,46,855700,1,0,1,0,-1
poster,forced_decode,47,1019600,1,0,1,0,-1
poster,forced_decode,48,940700,1,0,1,0,-1
poster,forced_decode,49,887400,1,0,1,0,-1
poster,forced_decode,50,918900,1,0,1,0,-1
poster,forced_decode,51,891900,1,0,1,0,-1
poster,forced_decode,52,1039600,1,0,1,0,-1
poster,forced_decode,53,950300,1,0,1,0,-1
poster,forced_decode,54,841100,1,0,1,0,-1
poster,forced_decode,55,934200,1,0,1,0,-1
poster,forced_decode,56,892500,1,0,1,0,-1
poster,forced_decode,57,1087400,1,0,1,0,-1
poster,forced_decode,58,1265500,1,0,1,0,-1
poster,forced_decode,59,908400,1,0,1,0,-1
poster,forced_decode,60,900300,1,0,1,0,-1
poster,forced_decode,61,793500,1,0,1,0,-1
poster,forced_decode,62,970800,1,0,1,0,-1
poster,forced_decode,63,907600,1,0,1,0,-1
poster,forced_decode,64,889800,1,0,1,0,-1
poster,forced_decode,65,783900,1,0,1,0,-1
poster,forced_decode,66,767800,1,0,1,0,-1
poster,forced_decode,67,896900,1,0,1,0,-1
poster,forced_decode,68,853100,1,0,1,0,-1
poster,forced_decode,69,767100,1,0,1,0,-1
poster,forced_decode,70,854900,1,0,1,0,-1
poster,forced_decode,71,831900,1,0,1,0,-1
poster,forced_decode,72,989500,1,0,1,0,-1
poster,forced_decode,73,903800,1,0,1,0,-1
poster,forced_decode,74,789100,1,0,1,0,-1
poster,forced_decode,75,919600,1,0,1,0,-1
poster,forced_decode,76,882300,1,0,1,0,-1
poster,forced_decode,77,1429900,1,0,1,0,-1
poster,forced_decode,78,1027000,1,0,1,0,-1
poster,forced_decode,79,876800,1,0,1,0,-1
poster,forced_decode,80,956000,1,0,1,0,-1
poster,forced_decode,81,844700,1,0,1,0,-1
poster,forced_decode,82,981800,1,0,1,0,-1
poster,forced_decode,83,971700,1,0,1,0,-1
poster,forced_decode,84,863200,1,0,1,0,-1
poster,forced_decode,85,947300,1,0,1,0,-1
poster,forced_decode,86,866000,1,0,1,0,-1
poster,forced_decode,87,1108800,1,0,1,0,-1
poster,forced_decode,88,997800,1,0,1,0,-1
poster,forced_decode,89,844900,1,0,1,0,-1
poster,forced_decode,90,950900,1,0,1,0,-1
poster,forced_decode,91,956300,1,0,1,0,-1
poster,forced_decode,92,1083000,1,0,1,0,-1
poster,forced_decode,93,941900,1,0,1,0,-1
poster,forced_decode,94,806600,1,0,1,0,-1
poster,forced_decode,95,826600,1,0,1,0,-1
poster,forced_decode,96,765600,1,0,1,0,-1
poster,forced_decode,97,1080400,1,0,1,0,-1
poster,forced_decode,98,862500,1,0,1,0,-1
poster,forced_decode,99,731300,1,0,1,0,-1
poster,forced_decode,100,809700,1,0,1,0,-1
poster,forced_decode,101,785500,1,0,1,0,-1
poster,forced_decode,102,959900,1,0,1,0,-1
poster,forced_decode,103,928800,1,0,1,0,-1
poster,forced_decode,104,784400,1,0,1,0,-1
poster,forced_decode,105,896000,1,0,1,0,-1
poster,forced_decode,106,824600,1,0,1,0,-1
poster,forced_decode,107,1022800,1,0,1,0,-1
poster,forced_decode,108,924400,1,0,1,0,-1
poster,forced_decode,109,845800,1,0,1,0,-1
poster,forced_decode,110,984500,1,0,1,0,-1
poster,forced_decode,111,896900,1,0,1,0,-1
poster,forced_decode,112,984200,1,0,1,0,-1
poster,forced_decode,113,948500,1,0,1,0,-1
poster,forced_decode,114,826200,1,0,1,0,-1
poster,forced_decode,115,909600,1,0,1,0,-1
poster,forced_decode,116,888400,1,0,1,0,-1
poster,forced_decode,117,1128200,1,0,1,0,-1
poster,forced_decode,118,991700,1,0,1,0,-1
poster,forced_decode,119,847100,1,0,1,0,-1
poster,forced_decode,120,936400,1,0,1,0,-1
poster,forced_decode,121,890600,1,0,1,0,-1
poster,forced_decode,122,1103300,1,0,1,0,-1
poster,forced_decode,123,989400,1,0,1,0,-1
poster,forced_decode,124,854700,1,0,1,0,-1
poster,forced_decode,125,955200,1,0,1,0,-1
poster,forced_decode,126,878600,1,0,1,0,-1
poster,forced_decode,127,1045800,1,0,1,0,-1
poster,forced_decode,128,995500,1,0,1,0,-1
poster,forced_decode,129,856900,1,0,1,0,-1
poster,forced_decode,130,934700,1,0,1,0,-1
poster,forced_decode,131,859600,1,0,1,0,-1
poster,forced_decode,132,1052700,1,0,1,0,-1
poster,forced_decode,133,974900,1,0,1,0,-1
poster,forced_decode,134,858700,1,0,1,0,-1
poster,forced_decode,135,980700,1,0,1,0,-1
poster,forced_decode,136,978700,1,0,1,0,-1
poster,forced_decode,137,1198200,1,0,1,0,-1
poster,forced_decode,138,1029100,1,0,1,0,-1
poster,forced_decode,139,1169000,1,0,1,0,-1
poster,forced_decode,140,1187400,1,0,1,0,-1
poster,forced_decode,141,1054800,1,0,1,0,-1
poster,forced_decode,142,1078800,1,0,1,0,-1
poster,forced_decode,143,976700,1,0,1,0,-1
poster,forced_decode,144,752600,1,0,1,0,-1
poster,forced_decode,145,869500,1,0,1,0,-1
poster,forced_decode,146,819100,1,0,1,0,-1
poster,forced_decode,147,992400,1,0,1,0,-1
poster,forced_decode,148,925500,1,0,1,0,-1
poster,forced_decode,149,823400,1,0,1,0,-1
poster,forced_decode,150,870900,1,0,1,0,-1
poster,forced_decode,151,858400,1,0,1,0,-1
poster,forced_decode,152,1079800,1,0,1,0,-1
poster,forced_decode,153,1031100,1,0,1,0,-1
poster,forced_decode,154,836200,1,0,1,0,-1
poster,forced_decode,155,942400,1,0,1,0,-1
poster,forced_decode,156,907800,1,0,1,0,-1
poster,forced_decode,157,1055700,1,0,1,0,-1
poster,forced_decode,158,974400,1,0,1,0,-1
poster,forced_decode,159,837500,1,0,1,0,-1
poster,forced_decode,160,990900,1,0,1,0,-1
poster,forced_decode,161,855100,1,0,1,0,-1
poster,forced_decode,162,1083900,1,0,1,0,-1
poster,forced_decode,163,969500,1,0,1,0,-1
poster,forced_decode,164,898600,1,0,1,0,-1
poster,forced_decode,165,913700,1,0,1,0,-1
poster,forced_decode,166,813200,1,0,1,0,-1
poster,forced_decode,167,795100,1,0,1,0,-1
poster,forced_decode,168,817800,1,0,1,0,-1
poster,forced_decode,169,892900,1,0,1,0,-1
poster,forced_decode,170,1046200,1,0,1,0,-1
poster,forced_decode,171,899000,1,0,1,0,-1
poster,forced_decode,172,1011900,1,0,1,0,-1
poster,forced_decode,173,970000,1,0,1,0,-1
poster,forced_decode,174,1005000,1,0,1,0,-1
poster,forced_decode,175,785900,1,0,1,0,-1
poster,forced_decode,176,731500,1,0,1,0,-1
poster,forced_decode,177,759600,1,0,1,0,-1
poster,forced_decode,178,761100,1,0,1,0,-1
poster,forced_decode,179,880800,1,0,1,0,-1
poster,forced_decode,180,747700,1,0,1,0,-1
poster,forced_decode,181,916900,1,0,1,0,-1
poster,forced_decode,182,765700,1,0,1,0,-1
poster,forced_decode,183,874000,1,0,1,0,-1
poster,forced_decode,184,717300,1,0,1,0,-1
poster,forced_decode,185,739600,1,0,1,0,-1
poster,forced_decode,186,752700,1,0,1,0,-1
poster,forced_decode,187,843600,1,0,1,0,-1
poster,forced_decode,188,931500,1,0,1,0,-1
poster,forced_decode,189,801500,1,0,1,0,-1
poster,forced_decode,190,942100,1,0,1,0,-1
poster,forced_decode,191,877500,1,0,1,0,-1
poster,forced_decode,192,905600,1,0,1,0,-1
poster,forced_decode,193,706800,1,0,1,0,-1
poster,forced_decode,194,690400,1,0,1,0,-1
poster,forced_decode,195,700300,1,0,1,0,-1
poster,forced_decode,196,738200,1,0,1,0,-1
poster,forced_decode,197,837600,1,0,1,0,-1
poster,forced_decode,198,777400,1,0,1,0,-1
poster,forced_decode,199,835000,1,0,1,0,-1
poster,forced_decode,200,804400,1,0,1,0,-1
poster,forced_decode,201,915200,1,0,1,0,-1
poster,forced_decode,202,760300,1,0,1,0,-1
poster,forced_decode,203,747300,1,0,1,0,-1
poster,forced_decode,204,758700,1,0,1,0,-1
poster,forced_decode,205,878800,1,0,1,0,-1
poster,forced_decode,206,980800,1,0,1,0,-1
poster,forced_decode,207,845900,1,0,1,0,-1
poster,forced_decode,208,903000,1,0,1,0,-1
poster,forced_decode,209,888100,1,0,1,0,-1
poster,forced_decode,210,1080900,1,0,1,0,-1
poster,forced_decode,211,866600,1,0,1,0,-1
poster,forced_decode,212,744100,1,0,1,0,-1
poster,forced_decode,213,781700,1,0,1,0,-1
poster,forced_decode,214,871900,1,0,1,0,-1
poster,forced_decode,215,1075800,1,0,1,0,-1
poster,forced_decode,216,750600,1,0,1,0,-1
poster,forced_decode,217,834500,1,0,1,0,-1
poster,forced_decode,218,757800,1,0,1,0,-1
poster,forced_decode,219,905500,1,0,1,0,-1
poster,forced_decode,220,778200,1,0,1,0,-1
poster,forced_decode,221,772800,1,0,1,0,-1
poster,forced_decode,222,981500,1,0,1,0,-1
poster,forced_decode,223,875000,1,0,1,0,-1
poster,forced_decode,224,926200,1,0,1,0,-1
poster,forced_decode,225,806000,1,0,1,0,-1
poster,forced_decode,226,902300,1,0,1,0,-1
poster,forced_decode,227,886300,1,0,1,0,-1
poster,forced_decode,228,942700,1,0,1,0,-1
poster,forced_decode,229,795200,1,0,1,0,-1
poster,forced_decode,230,816500,1,0,1,0,-1
poster,forced_decode,231,803700,1,0,1,0,-1
poster,forced_decode,232,951300,1,0,1,0,-1
poster,forced_decode,233,1019200,1,0,1,0,-1
poster,forced_decode,234,1001200,1,0,1,0,-1
poster,forced_decode,235,1037400,1,0,1,0,-1
poster,forced_decode,236,916200,1,0,1,0,-1
poster,forced_decode,237,1023000,1,0,1,0,-1
poster,forced_decode,238,816000,1,0,1,0,-1
poster,forced_decode,239,787200,1,0,1,0,-1
poster,forced_decode,240,861700,1,0,1,0,-1
poster,forced_decode,241,953800,1,0,1,0,-1
poster,forced_decode,242,990400,1,0,1,0,-1
poster,forced_decode,243,914400,1,0,1,0,-1
poster,forced_decode,244,1098000,1,0,1,0,-1
poster,forced_decode,245,940700,1,0,1,0,-1
poster,forced_decode,246,966800,1,0,1,0,-1
poster,forced_decode,247,774000,1,0,1,0,-1
poster,forced_decode,248,754600,1,0,1,0,-1
poster,forced_decode,249,705700,1,0,1,0,-1
poster,forced_decode,250,839900,1,0,1,0,-1
poster,forced_decode,251,1072300,1,0,1,0,-1
poster,forced_decode,252,765600,1,0,1,0,-1
poster,forced_decode,253,839900,1,0,1,0,-1
poster,forced_decode,254,819800,1,0,1,0,-1
poster,forced_decode,255,976000,1,0,1,0,-1
poster,forced_decode,256,809500,1,0,1,0,-1
poster,forced_decode,257,778800,1,0,1,0,-1
poster,forced_decode,258,832500,1,0,1,0,-1
poster,forced_decode,259,858300,1,0,1,0,-1
poster,forced_decode,260,1008000,1,0,1,0,-1
poster,forced_decode,261,833000,1,0,1,0,-1
poster,forced_decode,262,973600,1,0,1,0,-1
poster,forced_decode,263,892200,1,0,1,0,-1
poster,forced_decode,264,1011100,1,0,1,0,-1
poster,forced_decode,265,763700,1,0,1,0,-1
poster,forced_decode,266,817200,1,0,1,0,-1
poster,forced_decode,267,856500,1,0,1,0,-1
poster,forced_decode,268,950500,1,0,1,0,-1
poster,forced_decode,269,1020400,1,0,1,0,-1
poster,forced_decode,270,869800,1,0,1,0,-1
poster,forced_decode,271,990100,1,0,1,0,-1
poster,forced_decode,272,940400,1,0,1,0,-1
poster,forced_decode,273,1000300,1,0,1,0,-1
poster,forced_decode,274,829100,1,0,1,0,-1
poster,forced_decode,275,832600,1,0,1,0,-1
poster,forced_decode,276,797600,1,0,1,0,-1
poster,forced_decode,277,933600,1,0,1,0,-1
poster,forced_decode,278,1204100,1,0,1,0,-1
poster,forced_decode,279,995300,1,0,1,0,-1
poster,forced_decode,280,978700,1,0,1,0,-1
poster,forced_decode,281,910400,1,0,1,0,-1
poster,forced_decode,282,1006600,1,0,1,0,-1
poster,forced_decode,283,865800,1,0,1,0,-1
poster,forced_decode,284,840300,1,0,1,0,-1
poster,forced_decode,285,924100,1,0,1,0,-1
poster,forced_decode,286,1014100,1,0,1,0,-1
poster,forced_decode,287,1189200,1,0,1,0,-1
poster,forced_decode,288,980000,1,0,1,0,-1
poster,forced_decode,289,999300,1,0,1,0,-1
poster,forced_decode,290,944700,1,0,1,0,-1
poster,forced_decode,291,1061000,1,0,1,0,-1
poster,forced_decode,292,854700,1,0,1,0,-1
poster,forced_decode,293,898900,1,0,1,0,-1
poster,forced_decode,294,1235700,1,0,1,0,-1
poster,forced_decode,295,1176700,1,0,1,0,-1
poster,forced_decode,296,861500,1,0,1,0,-1
poster,forced_decode,297,872500,1,0,1,0,-1
poster,forced_decode,298,906500,1,0,1,0,-1
poster,forced_decode,299,878000,1,0,1,0,-1
poster,forced_decode,300,979400,1,0,1,0,-1
poster,forced_decode,301,1228500,1,0,1,0,-1
poster,forced_decode,302,1062900,1,0,1,0,-1
poster,forced_decode,303,870800,1,0,1,0,-1
poster,forced_decode,304,863200,1,0,1,0,-1
poster,forced_decode,305,886700,1,0,1,0,-1
poster,forced_decode,306,885700,1,0,1,0,-1
poster,forced_decode,307,878600,1,0,1,0,-1
poster,forced_decode,308,878700,1,0,1,0,-1
poster,forced_decode,309,896800,1,0,1,0,-1
poster,forced_decode,310,1075000,1,0,1,0,-1
poster,forced_decode,311,1088100,1,0,1,0,-1
poster,forced_decode,312,858700,1,0,1,0,-1
poster,forced_decode,313,868100,1,0,1,0,-1
poster,forced_decode,314,857600,1,0,1,0,-1
poster,forced_decode,315,919300,1,0,1,0,-1
poster,forced_decode,316,1009300,1,0,1,0,-1
poster,forced_decode,317,910000,1,0,1,0,-1
poster,forced_decode,318,888500,1,0,1,0,-1
poster,forced_decode,319,936000,1,0,1,0,-1
poster,forced_decode,320,1001300,1,0,1,0,-1
poster,forced_decode,321,1123100,1,0,1,0,-1
poster,forced_decode,322,904600,1,0,1,0,-1
poster,forced_decode,323,894900,1,0,1,0,-1
poster,forced_decode,324,896200,1,0,1,0,-1
poster,forced_decode,325,878000,1,0,1,0,-1
poster,forced_decode,326,856500,1,0,1,0,-1
poster,forced_decode,327,1003200,1,0,1,0,-1
poster,forced_decode,328,1118900,1,0,1,0,-1
poster,forced_decode,329,885800,1,0,1,0,-1
poster,forced_decode,330,841600,1,0,1,0,-1
poster,forced_decode,331,834400,1,0,1,0,-1
poster,forced_decode,332,922900,1,0,1,0,-1
poster,forced_decode,333,1007300,1,0,1,0,-1
poster,forced_decode,334,865900,1,0,1,0,-1
poster,forced_decode,335,875000,1,0,1,0,-1
poster,forced_decode,336,866800,1,0,1,0,-1
poster,forced_decode,337,1001800,1,0,1,0,-1
poster,forced_decode,338,1074200,1,0,1,0,-1
poster,forced_decode,339,852600,1,0,1,0,-1
poster,forced_decode,340,871900,1,0,1,0,-1
poster,forced_decode,341,936500,1,0,1,0,-1
poster,forced_decode,342,936600,1,0,1,0,-1
poster,forced_decode,343,923800,1,0,1,0,-1
poster,forced_decode,344,982200,1,0,1,0,-1
poster,forced_decode,345,1086100,1,0,1,0,-1
poster,forced_decode,346,896900,1,0,1,0,-1
poster,forced_decode,347,874500,1,0,1,0,-1
poster,forced_decode,348,879700,1,0,1,0,-1
poster,forced_decode,349,982900,1,0,1,0,-1
poster,forced_decode,350,1020200,1,0,1,0,-1
poster,forced_decode,351,926000,1,0,1,0,-1
poster,forced_decode,352,868600,1,0,1,0,-1
poster,forced_decode,353,864100,1,0,1,0,-1
poster,forced_decode,354,976400,1,0,1,0,-1
poster,forced_decode,355,1124100,1,0,1,0,-1
poster,forced_decode,356,963700,1,0,1,0,-1
poster,forced_decode,357,862900,1,0,1,0,-1
poster,forced_decode,358,856800,1,0,1,0,-1
poster,forced_decode,359,867100,1,0,1,0,-1
poster,forced_decode,360,950500,1,0,1,0,-1
poster,forced_decode,361,1025800,1,0,1,0,-1
poster,forced_decode,362,1070600,1,0,1,0,-1
poster,forced_decode,363,761500,1,0,1,0,-1
poster,forced_decode,364,811300,1,0,1,0,-1
poster,forced_decode,365,725500,1,0,1,0,-1
poster,forced_decode,366,805800,1,0,1,0,-1
poster,forced_decode,367,832000,1,0,1,0,-1
poster,forced_decode,368,698600,1,0,1,0,-1
poster,forced_decode,369,711900,1,0,1,0,-1
poster,forced_decode,370,728800,1,0,1,0,-1
poster,forced_decode,371,826200,1,0,1,0,-1
poster,forced_decode,372,916300,1,0,1,0,-1
poster,forced_decode,373,759500,1,0,1,0,-1
poster,forced_decode,374,793600,1,0,1,0,-1
poster,forced_decode,375,814800,1,0,1,0,-1
poster,forced_decode,376,746000,1,0,1,0,-1
poster,forced_decode,377,796600,1,0,1,0,-1
poster,forced_decode,378,832800,1,0,1,0,-1
poster,forced_decode,379,944100,1,0,1,0,-1
poster,forced_decode,380,776300,1,0,1,0,-1
poster,forced_decode,381,756600,1,0,1,0,-1
poster,forced_decode,382,742600,1,0,1,0,-1
poster,forced_decode,383,835800,1,0,1,0,-1
poster,forced_decode,384,948000,1,0,1,0,-1
poster,forced_decode,385,853500,1,0,1,0,-1
poster,forced_decode,386,750900,1,0,1,0,-1
poster,forced_decode,387,802100,1,0,1,0,-1
poster,forced_decode,388,850400,1,0,1,0,-1
poster,forced_decode,389,965600,1,0,1,0,-1
poster,forced_decode,390,797200,1,0,1,0,-1
poster,forced_decode,391,781600,1,0,1,0,-1
poster,forced_decode,392,780200,1,0,1,0,-1
poster,forced_decode,393,777100,1,0,1,0,-1
poster,forced_decode,394,801200,1,0,1,0,-1
poster,forced_decode,395,904800,1,0,1,0,-1
poster,forced_decode,396,981500,1,0,1,0,-1
poster,forced_decode,397,780200,1,0,1,0,-1
poster,forced_decode,398,816700,1,0,1,0,-1
poster,forced_decode,399,825300,1,0,1,0,-1
poster,forced_decode,400,870300,1,0,1,0,-1
poster,forced_decode,401,980200,1,0,1,0,-1
poster,forced_decode,402,816100,1,0,1,0,-1
poster,forced_decode,403,820400,1,0,1,0,-1
poster,forced_decode,404,795800,1,0,1,0,-1
poster,forced_decode,405,1039400,1,0,1,0,-1
poster,forced_decode,406,1019900,1,0,1,0,-1
poster,forced_decode,407,790200,1,0,1,0,-1
poster,forced_decode,408,811400,1,0,1,0,-1
poster,forced_decode,409,806600,1,0,1,0,-1
poster,forced_decode,410,765400,1,0,1,0,-1
poster,forced_decode,411,810900,1,0,1,0,-1
poster,forced_decode,412,893400,1,0,1,0,-1
poster,forced_decode,413,1031900,1,0,1,0,-1
poster,forced_decode,414,810600,1,0,1,0,-1
poster,forced_decode,415,827800,1,0,1,0,-1
poster,forced_decode,416,846800,1,0,1,0,-1
poster,forced_decode,417,933700,1,0,1,0,-1
poster,forced_decode,418,930400,1,0,1,0,-1
poster,forced_decode,419,822300,1,0,1,0,-1
poster,forced_decode,420,804500,1,0,1,0,-1
poster,forced_decode,421,804800,1,0,1,0,-1
poster,forced_decode,422,999800,1,0,1,0,-1
poster,forced_decode,423,1072700,1,0,1,0,-1
poster,forced_decode,424,813900,1,0,1,0,-1
poster,forced_decode,425,826600,1,0,1,0,-1
poster,forced_decode,426,813600,1,0,1,0,-1
poster,forced_decode,427,784500,1,0,1,0,-1
poster,forced_decode,428,836500,1,0,1,0,-1
poster,forced_decode,429,933500,1,0,1,0,-1
poster,forced_decode,430,1001100,1,0,1,0,-1
poster,forced_decode,431,804300,1,0,1,0,-1
poster,forced_decode,432,809300,1,0,1,0,-1
poster,forced_decode,433,837300,1,0,1,0,-1
poster,forced_decode,434,883900,1,0,1,0,-1
poster,forced_decode,435,984400,1,0,1,0,-1
poster,forced_decode,436,831800,1,0,1,0,-1
poster,forced_decode,437,837000,1,0,1,0,-1
poster,forced_decode,438,828800,1,0,1,0,-1
poster,forced_decode,439,904100,1,0,1,0,-1
poster,forced_decode,440,1024800,1,0,1,0,-1
poster,forced_decode,441,854800,1,0,1,0,-1
poster,forced_decode,442,808100,1,0,1,0,-1
poster,forced_decode,443,835600,1,0,1,0,-1
poster,forced_decode,444,808400,1,0,1,0,-1
poster,forced_decode,445,832400,1,0,1,0,-1
poster,forced_decode,446,906000,1,0,1,0,-1
poster,forced_decode,447,1007700,1,0,1,0,-1
poster,forced_decode,448,834500,1,0,1,0,-1
poster,forced_decode,449,849300,1,0,1,0,-1
poster,forced_decode,450,841500,1,0,1,0,-1
poster,forced_decode,451,909800,1,0,1,0,-1
poster,forced_decode,452,972800,1,0,1,0,-1
poster,forced_decode,453,845200,1,0,1,0,-1
poster,forced_decode,454,829700,1,0,1,0,-1
poster,forced_decode,455,831900,1,0,1,0,-1
poster,forced_decode,456,934800,1,0,1,0,-1
poster,forced_decode,457,1008600,1,0,1,0,-1
poster,forced_decode,458,831500,1,0,1,0,-1
poster,forced_decode,459,787100,1,0,1,0,-1
poster,forced_decode,460,813200,1,0,1,0,-1
poster,forced_decode,461,775000,1,0,1,0,-1
poster,forced_decode,462,810600,1,0,1,0,-1
poster,forced_decode,463,875200,1,0,1,0,-1
poster,forced_decode,464,1105900,1,0,1,0,-1
poster,forced_decode,465,796300,1,0,1,0,-1
poster,forced_decode,466,823200,1,0,1,0,-1
poster,forced_decode,467,812600,1,0,1,0,-1
poster,forced_decode,468,831900,1,0,1,0,-1
poster,forced_decode,469,835000,1,0,1,0,-1
poster,forced_decode,470,830600,1,0,1,0,-1
poster,forced_decode,471,866500,1,0,1,0,-1
poster,forced_decode,472,838400,1,0,1,0,-1
poster,forced_decode,473,816400,1,0,1,0,-1
poster,forced_decode,474,961400,1,0,1,0,-1
poster,forced_decode,475,1140300,1,0,1,0,-1
poster,forced_decode,476,803600,1,0,1,0,-1
poster,forced_decode,477,836900,1,0,1,0,-1
poster,forced_decode,478,820100,1,0,1,0,-1
poster,forced_decode,479,840000,1,0,1,0,-1
poster,forced_decode,480,819800,1,0,1,0,-1
poster,forced_decode,481,816400,1,0,1,0,-1
poster,forced_decode,482,803000,1,0,1,0,-1
poster,forced_decode,483,846900,1,0,1,0,-1
poster,forced_decode,484,804900,1,0,1,0,-1
poster,forced_decode,485,862100,1,0,1,0,-1
poster,forced_decode,486,840100,1,0,1,0,-1
poster,forced_decode,487,920800,1,0,1,0,-1
poster,forced_decode,488,1087100,1,0,1,0,-1
poster,forced_decode,489,886500,1,0,1,0,-1
poster,forced_decode,490,872100,1,0,1,0,-1
poster,forced_decode,491,839100,1,0,1,0,-1
poster,forced_decode,492,823500,1,0,1,0,-1
poster,forced_decode,493,817200,1,0,1,0,-1
poster,forced_decode,494,823100,1,0,1,0,-1
poster,forced_decode,495,823100,1,0,1,0,-1
poster,forced_decode,496,816100,1,0,1,0,-1
poster,forced_decode,497,820600,1,0,1,0,-1
poster,forced_decode,498,998500,1,0,1,0,-1
poster,forced_decode,499,1073500,1,0,1,0,-1
poster,slint_internal_hit,0,54600,1,0,0,0,-1
poster,slint_internal_hit,1,42900,1,0,0,0,-1
poster,slint_internal_hit,2,40400,1,0,0,0,-1
poster,slint_internal_hit,3,38900,1,0,0,0,-1
poster,slint_internal_hit,4,39000,1,0,0,0,-1
poster,slint_internal_hit,5,39200,1,0,0,0,-1
poster,slint_internal_hit,6,39100,1,0,0,0,-1
poster,slint_internal_hit,7,50300,1,0,0,0,-1
poster,slint_internal_hit,8,40700,1,0,0,0,-1
poster,slint_internal_hit,9,38800,1,0,0,0,-1
poster,slint_internal_hit,10,39000,1,0,0,0,-1
poster,slint_internal_hit,11,39200,1,0,0,0,-1
poster,slint_internal_hit,12,38800,1,0,0,0,-1
poster,slint_internal_hit,13,39200,1,0,0,0,-1
poster,slint_internal_hit,14,38500,1,0,0,0,-1
poster,slint_internal_hit,15,38500,1,0,0,0,-1
poster,slint_internal_hit,16,39000,1,0,0,0,-1
poster,slint_internal_hit,17,38300,1,0,0,0,-1
poster,slint_internal_hit,18,38700,1,0,0,0,-1
poster,slint_internal_hit,19,39100,1,0,0,0,-1
poster,slint_internal_hit,20,39000,1,0,0,0,-1
poster,slint_internal_hit,21,39200,1,0,0,0,-1
poster,slint_internal_hit,22,38600,1,0,0,0,-1
poster,slint_internal_hit,23,38600,1,0,0,0,-1
poster,slint_internal_hit,24,39100,1,0,0,0,-1
poster,slint_internal_hit,25,38800,1,0,0,0,-1
poster,slint_internal_hit,26,38500,1,0,0,0,-1
poster,slint_internal_hit,27,39000,1,0,0,0,-1
poster,slint_internal_hit,28,100200,1,0,0,0,-1
poster,slint_internal_hit,29,38000,1,0,0,0,-1
poster,slint_internal_hit,30,37300,1,0,0,0,-1
poster,slint_internal_hit,31,37400,1,0,0,0,-1
poster,slint_internal_hit,32,37800,1,0,0,0,-1
poster,slint_internal_hit,33,37700,1,0,0,0,-1
poster,slint_internal_hit,34,37800,1,0,0,0,-1
poster,slint_internal_hit,35,37700,1,0,0,0,-1
poster,slint_internal_hit,36,37100,1,0,0,0,-1
poster,slint_internal_hit,37,38000,1,0,0,0,-1
poster,slint_internal_hit,38,37300,1,0,0,0,-1
poster,slint_internal_hit,39,37600,1,0,0,0,-1
poster,slint_internal_hit,40,42500,1,0,0,0,-1
poster,slint_internal_hit,41,38100,1,0,0,0,-1
poster,slint_internal_hit,42,38100,1,0,0,0,-1
poster,slint_internal_hit,43,38000,1,0,0,0,-1
poster,slint_internal_hit,44,37700,1,0,0,0,-1
poster,slint_internal_hit,45,38400,1,0,0,0,-1
poster,slint_internal_hit,46,37300,1,0,0,0,-1
poster,slint_internal_hit,47,37600,1,0,0,0,-1
poster,slint_internal_hit,48,38200,1,0,0,0,-1
poster,slint_internal_hit,49,37600,1,0,0,0,-1
poster,slint_internal_hit,50,45000,1,0,0,0,-1
poster,slint_internal_hit,51,39000,1,0,0,0,-1
poster,slint_internal_hit,52,37300,1,0,0,0,-1
poster,slint_internal_hit,53,37700,1,0,0,0,-1
poster,slint_internal_hit,54,38000,1,0,0,0,-1
poster,slint_internal_hit,55,37600,1,0,0,0,-1
poster,slint_internal_hit,56,37800,1,0,0,0,-1
poster,slint_internal_hit,57,37200,1,0,0,0,-1
poster,slint_internal_hit,58,37900,1,0,0,0,-1
poster,slint_internal_hit,59,37900,1,0,0,0,-1
poster,slint_internal_hit,60,37200,1,0,0,0,-1
poster,slint_internal_hit,61,37400,1,0,0,0,-1
poster,slint_internal_hit,62,37700,1,0,0,0,-1
poster,slint_internal_hit,63,37500,1,0,0,0,-1
poster,slint_internal_hit,64,37900,1,0,0,0,-1
poster,slint_internal_hit,65,37300,1,0,0,0,-1
poster,slint_internal_hit,66,37600,1,0,0,0,-1
poster,slint_internal_hit,67,37800,1,0,0,0,-1
poster,slint_internal_hit,68,42800,1,0,0,0,-1
poster,slint_internal_hit,69,46300,1,0,0,0,-1
poster,slint_internal_hit,70,38700,1,0,0,0,-1
poster,slint_internal_hit,71,37600,1,0,0,0,-1
poster,slint_internal_hit,72,38100,1,0,0,0,-1
poster,slint_internal_hit,73,37400,1,0,0,0,-1
poster,slint_internal_hit,74,37100,1,0,0,0,-1
poster,slint_internal_hit,75,38000,1,0,0,0,-1
poster,slint_internal_hit,76,36800,1,0,0,0,-1
poster,slint_internal_hit,77,37400,1,0,0,0,-1
poster,slint_internal_hit,78,37200,1,0,0,0,-1
poster,slint_internal_hit,79,37500,1,0,0,0,-1
poster,slint_internal_hit,80,37900,1,0,0,0,-1
poster,slint_internal_hit,81,37200,1,0,0,0,-1
poster,slint_internal_hit,82,37300,1,0,0,0,-1
poster,slint_internal_hit,83,37900,1,0,0,0,-1
poster,slint_internal_hit,84,37000,1,0,0,0,-1
poster,slint_internal_hit,85,37400,1,0,0,0,-1
poster,slint_internal_hit,86,37500,1,0,0,0,-1
poster,slint_internal_hit,87,37200,1,0,0,0,-1
poster,slint_internal_hit,88,37700,1,0,0,0,-1
poster,slint_internal_hit,89,37200,1,0,0,0,-1
poster,slint_internal_hit,90,37200,1,0,0,0,-1
poster,slint_internal_hit,91,38100,1,0,0,0,-1
poster,slint_internal_hit,92,37300,1,0,0,0,-1
poster,slint_internal_hit,93,37300,1,0,0,0,-1
poster,slint_internal_hit,94,37300,1,0,0,0,-1
poster,slint_internal_hit,95,37400,1,0,0,0,-1
poster,slint_internal_hit,96,45300,1,0,0,0,-1
poster,slint_internal_hit,97,38200,1,0,0,0,-1
poster,slint_internal_hit,98,37400,1,0,0,0,-1
poster,slint_internal_hit,99,37600,1,0,0,0,-1
poster,slint_internal_hit,100,37200,1,0,0,0,-1
poster,slint_internal_hit,101,37300,1,0,0,0,-1
poster,slint_internal_hit,102,37600,1,0,0,0,-1
poster,slint_internal_hit,103,37100,1,0,0,0,-1
poster,slint_internal_hit,104,37400,1,0,0,0,-1
poster,slint_internal_hit,105,37400,1,0,0,0,-1
poster,slint_internal_hit,106,37600,1,0,0,0,-1
poster,slint_internal_hit,107,37600,1,0,0,0,-1
poster,slint_internal_hit,108,37000,1,0,0,0,-1
poster,slint_internal_hit,109,37200,1,0,0,0,-1
poster,slint_internal_hit,110,37700,1,0,0,0,-1
poster,slint_internal_hit,111,37100,1,0,0,0,-1
poster,slint_internal_hit,112,37400,1,0,0,0,-1
poster,slint_internal_hit,113,37500,1,0,0,0,-1
poster,slint_internal_hit,114,37200,1,0,0,0,-1
poster,slint_internal_hit,115,37700,1,0,0,0,-1
poster,slint_internal_hit,116,37200,1,0,0,0,-1
poster,slint_internal_hit,117,37300,1,0,0,0,-1
poster,slint_internal_hit,118,51900,1,0,0,0,-1
poster,slint_internal_hit,119,35300,1,0,0,0,-1
poster,slint_internal_hit,120,36100,1,0,0,0,-1
poster,slint_internal_hit,121,36100,1,0,0,0,-1
poster,slint_internal_hit,122,35700,1,0,0,0,-1
poster,slint_internal_hit,123,36300,1,0,0,0,-1
poster,slint_internal_hit,124,35600,1,0,0,0,-1
poster,slint_internal_hit,125,35600,1,0,0,0,-1
poster,slint_internal_hit,126,36700,1,0,0,0,-1
poster,slint_internal_hit,127,35500,1,0,0,0,-1
poster,slint_internal_hit,128,35800,1,0,0,0,-1
poster,slint_internal_hit,129,36500,1,0,0,0,-1
poster,slint_internal_hit,130,35800,1,0,0,0,-1
poster,slint_internal_hit,131,36000,1,0,0,0,-1
poster,slint_internal_hit,132,35600,1,0,0,0,-1
poster,slint_internal_hit,133,35300,1,0,0,0,-1
poster,slint_internal_hit,134,36000,1,0,0,0,-1
poster,slint_internal_hit,135,35600,1,0,0,0,-1
poster,slint_internal_hit,136,35500,1,0,0,0,-1
poster,slint_internal_hit,137,36000,1,0,0,0,-1
poster,slint_internal_hit,138,35600,1,0,0,0,-1
poster,slint_internal_hit,139,35700,1,0,0,0,-1
poster,slint_internal_hit,140,35200,1,0,0,0,-1
poster,slint_internal_hit,141,35300,1,0,0,0,-1
poster,slint_internal_hit,142,55100,1,0,0,0,-1
poster,slint_internal_hit,143,43500,1,0,0,0,-1
poster,slint_internal_hit,144,36600,1,0,0,0,-1
poster,slint_internal_hit,145,36700,1,0,0,0,-1
poster,slint_internal_hit,146,36200,1,0,0,0,-1
poster,slint_internal_hit,147,36800,1,0,0,0,-1
poster,slint_internal_hit,148,36700,1,0,0,0,-1
poster,slint_internal_hit,149,36300,1,0,0,0,-1
poster,slint_internal_hit,150,36800,1,0,0,0,-1
poster,slint_internal_hit,151,36800,1,0,0,0,-1
poster,slint_internal_hit,152,36200,1,0,0,0,-1
poster,slint_internal_hit,153,36700,1,0,0,0,-1
poster,slint_internal_hit,154,36200,1,0,0,0,-1
poster,slint_internal_hit,155,36300,1,0,0,0,-1
poster,slint_internal_hit,156,36600,1,0,0,0,-1
poster,slint_internal_hit,157,36400,1,0,0,0,-1
poster,slint_internal_hit,158,37000,1,0,0,0,-1
poster,slint_internal_hit,159,36300,1,0,0,0,-1
poster,slint_internal_hit,160,36100,1,0,0,0,-1
poster,slint_internal_hit,161,55900,1,0,0,0,-1
poster,slint_internal_hit,162,36900,1,0,0,0,-1
poster,slint_internal_hit,163,36600,1,0,0,0,-1
poster,slint_internal_hit,164,51600,1,0,0,0,-1
poster,slint_internal_hit,165,37400,1,0,0,0,-1
poster,slint_internal_hit,166,38000,1,0,0,0,-1
poster,slint_internal_hit,167,37400,1,0,0,0,-1
poster,slint_internal_hit,168,37500,1,0,0,0,-1
poster,slint_internal_hit,169,38300,1,0,0,0,-1
poster,slint_internal_hit,170,37400,1,0,0,0,-1
poster,slint_internal_hit,171,37500,1,0,0,0,-1
poster,slint_internal_hit,172,37800,1,0,0,0,-1
poster,slint_internal_hit,173,37400,1,0,0,0,-1
poster,slint_internal_hit,174,37700,1,0,0,0,-1
poster,slint_internal_hit,175,37100,1,0,0,0,-1
poster,slint_internal_hit,176,37400,1,0,0,0,-1
poster,slint_internal_hit,177,38000,1,0,0,0,-1
poster,slint_internal_hit,178,37300,1,0,0,0,-1
poster,slint_internal_hit,179,37200,1,0,0,0,-1
poster,slint_internal_hit,180,37700,1,0,0,0,-1
poster,slint_internal_hit,181,37500,1,0,0,0,-1
poster,slint_internal_hit,182,37800,1,0,0,0,-1
poster,slint_internal_hit,183,37300,1,0,0,0,-1
poster,slint_internal_hit,184,37300,1,0,0,0,-1
poster,slint_internal_hit,185,37800,1,0,0,0,-1
poster,slint_internal_hit,186,37800,1,0,0,0,-1
poster,slint_internal_hit,187,37500,1,0,0,0,-1
poster,slint_internal_hit,188,52200,1,0,0,0,-1
poster,slint_internal_hit,189,44300,1,0,0,0,-1
poster,slint_internal_hit,190,36900,1,0,0,0,-1
poster,slint_internal_hit,191,36600,1,0,0,0,-1
poster,slint_internal_hit,192,36500,1,0,0,0,-1
poster,slint_internal_hit,193,36800,1,0,0,0,-1
poster,slint_internal_hit,194,36000,1,0,0,0,-1
poster,slint_internal_hit,195,36400,1,0,0,0,-1
poster,slint_internal_hit,196,36900,1,0,0,0,-1
poster,slint_internal_hit,197,36600,1,0,0,0,-1
poster,slint_internal_hit,198,36600,1,0,0,0,-1
poster,slint_internal_hit,199,36900,1,0,0,0,-1
poster,slint_internal_hit,200,36500,1,0,0,0,-1
poster,slint_internal_hit,201,37100,1,0,0,0,-1
poster,slint_internal_hit,202,35700,1,0,0,0,-1
poster,slint_internal_hit,203,36600,1,0,0,0,-1
poster,slint_internal_hit,204,36900,1,0,0,0,-1
poster,slint_internal_hit,205,36400,1,0,0,0,-1
poster,slint_internal_hit,206,37500,1,0,0,0,-1
poster,slint_internal_hit,207,37200,1,0,0,0,-1
poster,slint_internal_hit,208,36800,1,0,0,0,-1
poster,slint_internal_hit,209,37600,1,0,0,0,-1
poster,slint_internal_hit,210,36900,1,0,0,0,-1
poster,slint_internal_hit,211,37000,1,0,0,0,-1
poster,slint_internal_hit,212,37400,1,0,0,0,-1
poster,slint_internal_hit,213,36200,1,0,0,0,-1
poster,slint_internal_hit,214,36800,1,0,0,0,-1
poster,slint_internal_hit,215,36900,1,0,0,0,-1
poster,slint_internal_hit,216,37300,1,0,0,0,-1
poster,slint_internal_hit,217,37300,1,0,0,0,-1
poster,slint_internal_hit,218,36400,1,0,0,0,-1
poster,slint_internal_hit,219,36200,1,0,0,0,-1
poster,slint_internal_hit,220,37000,1,0,0,0,-1
poster,slint_internal_hit,221,36400,1,0,0,0,-1
poster,slint_internal_hit,222,36600,1,0,0,0,-1
poster,slint_internal_hit,223,36700,1,0,0,0,-1
poster,slint_internal_hit,224,36800,1,0,0,0,-1
poster,slint_internal_hit,225,37800,1,0,0,0,-1
poster,slint_internal_hit,226,36700,1,0,0,0,-1
poster,slint_internal_hit,227,36800,1,0,0,0,-1
poster,slint_internal_hit,228,36800,1,0,0,0,-1
poster,slint_internal_hit,229,36200,1,0,0,0,-1
poster,slint_internal_hit,230,36500,1,0,0,0,-1
poster,slint_internal_hit,231,36900,1,0,0,0,-1
poster,slint_internal_hit,232,36700,1,0,0,0,-1
poster,slint_internal_hit,233,37300,1,0,0,0,-1
poster,slint_internal_hit,234,60500,1,0,0,0,-1
poster,slint_internal_hit,235,44700,1,0,0,0,-1
poster,slint_internal_hit,236,39000,1,0,0,0,-1
poster,slint_internal_hit,237,37500,1,0,0,0,-1
poster,slint_internal_hit,238,37500,1,0,0,0,-1
poster,slint_internal_hit,239,38000,1,0,0,0,-1
poster,slint_internal_hit,240,37100,1,0,0,0,-1
poster,slint_internal_hit,241,37800,1,0,0,0,-1
poster,slint_internal_hit,242,37600,1,0,0,0,-1
poster,slint_internal_hit,243,37700,1,0,0,0,-1
poster,slint_internal_hit,244,38000,1,0,0,0,-1
poster,slint_internal_hit,245,37300,1,0,0,0,-1
poster,slint_internal_hit,246,37600,1,0,0,0,-1
poster,slint_internal_hit,247,38400,1,0,0,0,-1
poster,slint_internal_hit,248,37300,1,0,0,0,-1
poster,slint_internal_hit,249,37500,1,0,0,0,-1
poster,slint_internal_hit,250,37800,1,0,0,0,-1
poster,slint_internal_hit,251,37700,1,0,0,0,-1
poster,slint_internal_hit,252,38100,1,0,0,0,-1
poster,slint_internal_hit,253,37300,1,0,0,0,-1
poster,slint_internal_hit,254,37500,1,0,0,0,-1
poster,slint_internal_hit,255,37800,1,0,0,0,-1
poster,slint_internal_hit,256,51700,1,0,0,0,-1
poster,slint_internal_hit,257,36600,1,0,0,0,-1
poster,slint_internal_hit,258,36800,1,0,0,0,-1
poster,slint_internal_hit,259,36800,1,0,0,0,-1
poster,slint_internal_hit,260,37200,1,0,0,0,-1
poster,slint_internal_hit,261,36800,1,0,0,0,-1
poster,slint_internal_hit,262,36500,1,0,0,0,-1
poster,slint_internal_hit,263,37000,1,0,0,0,-1
poster,slint_internal_hit,264,45700,1,0,0,0,-1
poster,slint_internal_hit,265,37000,1,0,0,0,-1
poster,slint_internal_hit,266,36500,1,0,0,0,-1
poster,slint_internal_hit,267,36700,1,0,0,0,-1
poster,slint_internal_hit,268,37100,1,0,0,0,-1
poster,slint_internal_hit,269,36400,1,0,0,0,-1
poster,slint_internal_hit,270,36400,1,0,0,0,-1
poster,slint_internal_hit,271,36700,1,0,0,0,-1
poster,slint_internal_hit,272,35900,1,0,0,0,-1
poster,slint_internal_hit,273,36300,1,0,0,0,-1
poster,slint_internal_hit,274,36600,1,0,0,0,-1
poster,slint_internal_hit,275,36500,1,0,0,0,-1
poster,slint_internal_hit,276,37000,1,0,0,0,-1
poster,slint_internal_hit,277,36100,1,0,0,0,-1
poster,slint_internal_hit,278,36600,1,0,0,0,-1
poster,slint_internal_hit,279,53100,1,0,0,0,-1
poster,slint_internal_hit,280,36100,1,0,0,0,-1
poster,slint_internal_hit,281,42500,1,0,0,0,-1
poster,slint_internal_hit,282,37600,1,0,0,0,-1
poster,slint_internal_hit,283,36100,1,0,0,0,-1
poster,slint_internal_hit,284,36800,1,0,0,0,-1
poster,slint_internal_hit,285,36800,1,0,0,0,-1
poster,slint_internal_hit,286,36500,1,0,0,0,-1
poster,slint_internal_hit,287,36900,1,0,0,0,-1
poster,slint_internal_hit,288,36500,1,0,0,0,-1
poster,slint_internal_hit,289,36200,1,0,0,0,-1
poster,slint_internal_hit,290,36800,1,0,0,0,-1
poster,slint_internal_hit,291,36100,1,0,0,0,-1
poster,slint_internal_hit,292,36700,1,0,0,0,-1
poster,slint_internal_hit,293,36800,1,0,0,0,-1
poster,slint_internal_hit,294,36600,1,0,0,0,-1
poster,slint_internal_hit,295,37100,1,0,0,0,-1
poster,slint_internal_hit,296,36200,1,0,0,0,-1
poster,slint_internal_hit,297,36300,1,0,0,0,-1
poster,slint_internal_hit,298,36800,1,0,0,0,-1
poster,slint_internal_hit,299,35900,1,0,0,0,-1
poster,slint_internal_hit,300,36400,1,0,0,0,-1
poster,slint_internal_hit,301,36500,1,0,0,0,-1
poster,slint_internal_hit,302,36500,1,0,0,0,-1
poster,slint_internal_hit,303,37800,1,0,0,0,-1
poster,slint_internal_hit,304,36600,1,0,0,0,-1
poster,slint_internal_hit,305,36500,1,0,0,0,-1
poster,slint_internal_hit,306,36600,1,0,0,0,-1
poster,slint_internal_hit,307,36100,1,0,0,0,-1
poster,slint_internal_hit,308,36600,1,0,0,0,-1
poster,slint_internal_hit,309,36500,1,0,0,0,-1
poster,slint_internal_hit,310,36200,1,0,0,0,-1
poster,slint_internal_hit,311,36800,1,0,0,0,-1
poster,slint_internal_hit,312,36100,1,0,0,0,-1
poster,slint_internal_hit,313,36400,1,0,0,0,-1
poster,slint_internal_hit,314,36600,1,0,0,0,-1
poster,slint_internal_hit,315,36200,1,0,0,0,-1
poster,slint_internal_hit,316,36400,1,0,0,0,-1
poster,slint_internal_hit,317,36400,1,0,0,0,-1
poster,slint_internal_hit,318,36400,1,0,0,0,-1
poster,slint_internal_hit,319,36900,1,0,0,0,-1
poster,slint_internal_hit,320,36100,1,0,0,0,-1
poster,slint_internal_hit,321,36400,1,0,0,0,-1
poster,slint_internal_hit,322,36800,1,0,0,0,-1
poster,slint_internal_hit,323,36100,1,0,0,0,-1
poster,slint_internal_hit,324,36500,1,0,0,0,-1
poster,slint_internal_hit,325,36700,1,0,0,0,-1
poster,slint_internal_hit,326,36500,1,0,0,0,-1
poster,slint_internal_hit,327,36800,1,0,0,0,-1
poster,slint_internal_hit,328,36300,1,0,0,0,-1
poster,slint_internal_hit,329,42900,1,0,0,0,-1
poster,slint_internal_hit,330,37300,1,0,0,0,-1
poster,slint_internal_hit,331,36300,1,0,0,0,-1
poster,slint_internal_hit,332,36400,1,0,0,0,-1
poster,slint_internal_hit,333,36800,1,0,0,0,-1
poster,slint_internal_hit,334,36100,1,0,0,0,-1
poster,slint_internal_hit,335,36700,1,0,0,0,-1
poster,slint_internal_hit,336,47100,1,0,0,0,-1
poster,slint_internal_hit,337,36800,1,0,0,0,-1
poster,slint_internal_hit,338,36900,1,0,0,0,-1
poster,slint_internal_hit,339,36400,1,0,0,0,-1
poster,slint_internal_hit,340,36600,1,0,0,0,-1
poster,slint_internal_hit,341,36800,1,0,0,0,-1
poster,slint_internal_hit,342,36400,1,0,0,0,-1
poster,slint_internal_hit,343,36800,1,0,0,0,-1
poster,slint_internal_hit,344,36700,1,0,0,0,-1
poster,slint_internal_hit,345,36600,1,0,0,0,-1
poster,slint_internal_hit,346,37100,1,0,0,0,-1
poster,slint_internal_hit,347,36300,1,0,0,0,-1
poster,slint_internal_hit,348,36300,1,0,0,0,-1
poster,slint_internal_hit,349,36700,1,0,0,0,-1
poster,slint_internal_hit,350,36000,1,0,0,0,-1
poster,slint_internal_hit,351,36500,1,0,0,0,-1
poster,slint_internal_hit,352,36700,1,0,0,0,-1
poster,slint_internal_hit,353,36400,1,0,0,0,-1
poster,slint_internal_hit,354,36900,1,0,0,0,-1
poster,slint_internal_hit,355,36300,1,0,0,0,-1
poster,slint_internal_hit,356,36500,1,0,0,0,-1
poster,slint_internal_hit,357,36700,1,0,0,0,-1
poster,slint_internal_hit,358,35900,1,0,0,0,-1
poster,slint_internal_hit,359,36500,1,0,0,0,-1
poster,slint_internal_hit,360,36600,1,0,0,0,-1
poster,slint_internal_hit,361,36500,1,0,0,0,-1
poster,slint_internal_hit,362,37100,1,0,0,0,-1
poster,slint_internal_hit,363,36200,1,0,0,0,-1
poster,slint_internal_hit,364,36200,1,0,0,0,-1
poster,slint_internal_hit,365,36800,1,0,0,0,-1
poster,slint_internal_hit,366,36000,1,0,0,0,-1
poster,slint_internal_hit,367,36300,1,0,0,0,-1
poster,slint_internal_hit,368,36600,1,0,0,0,-1
poster,slint_internal_hit,369,36400,1,0,0,0,-1
poster,slint_internal_hit,370,36600,1,0,0,0,-1
poster,slint_internal_hit,371,36100,1,0,0,0,-1
poster,slint_internal_hit,372,36400,1,0,0,0,-1
poster,slint_internal_hit,373,36700,1,0,0,0,-1
poster,slint_internal_hit,374,50000,1,0,0,0,-1
poster,slint_internal_hit,375,35400,1,0,0,0,-1
poster,slint_internal_hit,376,41500,1,0,0,0,-1
poster,slint_internal_hit,377,36000,1,0,0,0,-1
poster,slint_internal_hit,378,35400,1,0,0,0,-1
poster,slint_internal_hit,379,35200,1,0,0,0,-1
poster,slint_internal_hit,380,35400,1,0,0,0,-1
poster,slint_internal_hit,381,35700,1,0,0,0,-1
poster,slint_internal_hit,382,35200,1,0,0,0,-1
poster,slint_internal_hit,383,35400,1,0,0,0,-1
poster,slint_internal_hit,384,35500,1,0,0,0,-1
poster,slint_internal_hit,385,35200,1,0,0,0,-1
poster,slint_internal_hit,386,35300,1,0,0,0,-1
poster,slint_internal_hit,387,35800,1,0,0,0,-1
poster,slint_internal_hit,388,35500,1,0,0,0,-1
poster,slint_internal_hit,389,35700,1,0,0,0,-1
poster,slint_internal_hit,390,35900,1,0,0,0,-1
poster,slint_internal_hit,391,35500,1,0,0,0,-1
poster,slint_internal_hit,392,35800,1,0,0,0,-1
poster,slint_internal_hit,393,34900,1,0,0,0,-1
poster,slint_internal_hit,394,35200,1,0,0,0,-1
poster,slint_internal_hit,395,35600,1,0,0,0,-1
poster,slint_internal_hit,396,35100,1,0,0,0,-1
poster,slint_internal_hit,397,35500,1,0,0,0,-1
poster,slint_internal_hit,398,35300,1,0,0,0,-1
poster,slint_internal_hit,399,35400,1,0,0,0,-1
poster,slint_internal_hit,400,35600,1,0,0,0,-1
poster,slint_internal_hit,401,35000,1,0,0,0,-1
poster,slint_internal_hit,402,35200,1,0,0,0,-1
poster,slint_internal_hit,403,35000,1,0,0,0,-1
poster,slint_internal_hit,404,35200,1,0,0,0,-1
poster,slint_internal_hit,405,35900,1,0,0,0,-1
poster,slint_internal_hit,406,35100,1,0,0,0,-1
poster,slint_internal_hit,407,35300,1,0,0,0,-1
poster,slint_internal_hit,408,35600,1,0,0,0,-1
poster,slint_internal_hit,409,35100,1,0,0,0,-1
poster,slint_internal_hit,410,35800,1,0,0,0,-1
poster,slint_internal_hit,411,35600,1,0,0,0,-1
poster,slint_internal_hit,412,35500,1,0,0,0,-1
poster,slint_internal_hit,413,35700,1,0,0,0,-1
poster,slint_internal_hit,414,35200,1,0,0,0,-1
poster,slint_internal_hit,415,35400,1,0,0,0,-1
poster,slint_internal_hit,416,35700,1,0,0,0,-1
poster,slint_internal_hit,417,34900,1,0,0,0,-1
poster,slint_internal_hit,418,35200,1,0,0,0,-1
poster,slint_internal_hit,419,35500,1,0,0,0,-1
poster,slint_internal_hit,420,35500,1,0,0,0,-1
poster,slint_internal_hit,421,35900,1,0,0,0,-1
poster,slint_internal_hit,422,35100,1,0,0,0,-1
poster,slint_internal_hit,423,35300,1,0,0,0,-1
poster,slint_internal_hit,424,35800,1,0,0,0,-1
poster,slint_internal_hit,425,40900,1,0,0,0,-1
poster,slint_internal_hit,426,36300,1,0,0,0,-1
poster,slint_internal_hit,427,35700,1,0,0,0,-1
poster,slint_internal_hit,428,34900,1,0,0,0,-1
poster,slint_internal_hit,429,35600,1,0,0,0,-1
poster,slint_internal_hit,430,35400,1,0,0,0,-1
poster,slint_internal_hit,431,35200,1,0,0,0,-1
poster,slint_internal_hit,432,35600,1,0,0,0,-1
poster,slint_internal_hit,433,35100,1,0,0,0,-1
poster,slint_internal_hit,434,35200,1,0,0,0,-1
poster,slint_internal_hit,435,35600,1,0,0,0,-1
poster,slint_internal_hit,436,34900,1,0,0,0,-1
poster,slint_internal_hit,437,35400,1,0,0,0,-1
poster,slint_internal_hit,438,35400,1,0,0,0,-1
poster,slint_internal_hit,439,35300,1,0,0,0,-1
poster,slint_internal_hit,440,35500,1,0,0,0,-1
poster,slint_internal_hit,441,35300,1,0,0,0,-1
poster,slint_internal_hit,442,35100,1,0,0,0,-1
poster,slint_internal_hit,443,35900,1,0,0,0,-1
poster,slint_internal_hit,444,35100,1,0,0,0,-1
poster,slint_internal_hit,445,54600,1,0,0,0,-1
poster,slint_internal_hit,446,48400,1,0,0,0,-1
poster,slint_internal_hit,447,68000,1,0,0,0,-1
poster,slint_internal_hit,448,51400,1,0,0,0,-1
poster,slint_internal_hit,449,52400,1,0,0,0,-1
poster,slint_internal_hit,450,53200,1,0,0,0,-1
poster,slint_internal_hit,451,52400,1,0,0,0,-1
poster,slint_internal_hit,452,51100,1,0,0,0,-1
poster,slint_internal_hit,453,52100,1,0,0,0,-1
poster,slint_internal_hit,454,46400,1,0,0,0,-1
poster,slint_internal_hit,455,36800,1,0,0,0,-1
poster,slint_internal_hit,456,35700,1,0,0,0,-1
poster,slint_internal_hit,457,35500,1,0,0,0,-1
poster,slint_internal_hit,458,35300,1,0,0,0,-1
poster,slint_internal_hit,459,35700,1,0,0,0,-1
poster,slint_internal_hit,460,35100,1,0,0,0,-1
poster,slint_internal_hit,461,35300,1,0,0,0,-1
poster,slint_internal_hit,462,35700,1,0,0,0,-1
poster,slint_internal_hit,463,34900,1,0,0,0,-1
poster,slint_internal_hit,464,35300,1,0,0,0,-1
poster,slint_internal_hit,465,35400,1,0,0,0,-1
poster,slint_internal_hit,466,35600,1,0,0,0,-1
poster,slint_internal_hit,467,51200,1,0,0,0,-1
poster,slint_internal_hit,468,36600,1,0,0,0,-1
poster,slint_internal_hit,469,45100,1,0,0,0,-1
poster,slint_internal_hit,470,37600,1,0,0,0,-1
poster,slint_internal_hit,471,36400,1,0,0,0,-1
poster,slint_internal_hit,472,36400,1,0,0,0,-1
poster,slint_internal_hit,473,36600,1,0,0,0,-1
poster,slint_internal_hit,474,36100,1,0,0,0,-1
poster,slint_internal_hit,475,36500,1,0,0,0,-1
poster,slint_internal_hit,476,36300,1,0,0,0,-1
poster,slint_internal_hit,477,37200,1,0,0,0,-1
poster,slint_internal_hit,478,37300,1,0,0,0,-1
poster,slint_internal_hit,479,36100,1,0,0,0,-1
poster,slint_internal_hit,480,36200,1,0,0,0,-1
poster,slint_internal_hit,481,36800,1,0,0,0,-1
poster,slint_internal_hit,482,36300,1,0,0,0,-1
poster,slint_internal_hit,483,36400,1,0,0,0,-1
poster,slint_internal_hit,484,36100,1,0,0,0,-1
poster,slint_internal_hit,485,36400,1,0,0,0,-1
poster,slint_internal_hit,486,55900,1,0,0,0,-1
poster,slint_internal_hit,487,36400,1,0,0,0,-1
poster,slint_internal_hit,488,54300,1,0,0,0,-1
poster,slint_internal_hit,489,56900,1,0,0,0,-1
poster,slint_internal_hit,490,35200,1,0,0,0,-1
poster,slint_internal_hit,491,35600,1,0,0,0,-1
poster,slint_internal_hit,492,35700,1,0,0,0,-1
poster,slint_internal_hit,493,35300,1,0,0,0,-1
poster,slint_internal_hit,494,36000,1,0,0,0,-1
poster,slint_internal_hit,495,35200,1,0,0,0,-1
poster,slint_internal_hit,496,35400,1,0,0,0,-1
poster,slint_internal_hit,497,35700,1,0,0,0,-1
poster,slint_internal_hit,498,35300,1,0,0,0,-1
poster,slint_internal_hit,499,35800,1,0,0,0,-1
poster,explicit_hit,0,600,1,1,0,0,-1
poster,explicit_hit,1,300,1,1,0,0,-1
poster,explicit_hit,2,200,1,1,0,0,-1
poster,explicit_hit,3,300,1,1,0,0,-1
poster,explicit_hit,4,200,1,1,0,0,-1
poster,explicit_hit,5,200,1,1,0,0,-1
poster,explicit_hit,6,300,1,1,0,0,-1
poster,explicit_hit,7,300,1,1,0,0,-1
poster,explicit_hit,8,300,1,1,0,0,-1
poster,explicit_hit,9,300,1,1,0,0,-1
poster,explicit_hit,10,300,1,1,0,0,-1
poster,explicit_hit,11,300,1,1,0,0,-1
poster,explicit_hit,12,300,1,1,0,0,-1
poster,explicit_hit,13,200,1,1,0,0,-1
poster,explicit_hit,14,200,1,1,0,0,-1
poster,explicit_hit,15,100,1,1,0,0,-1
poster,explicit_hit,16,300,1,1,0,0,-1
poster,explicit_hit,17,200,1,1,0,0,-1
poster,explicit_hit,18,300,1,1,0,0,-1
poster,explicit_hit,19,300,1,1,0,0,-1
poster,explicit_hit,20,300,1,1,0,0,-1
poster,explicit_hit,21,300,1,1,0,0,-1
poster,explicit_hit,22,300,1,1,0,0,-1
poster,explicit_hit,23,200,1,1,0,0,-1
poster,explicit_hit,24,300,1,1,0,0,-1
poster,explicit_hit,25,200,1,1,0,0,-1
poster,explicit_hit,26,100,1,1,0,0,-1
poster,explicit_hit,27,200,1,1,0,0,-1
poster,explicit_hit,28,100,1,1,0,0,-1
poster,explicit_hit,29,200,1,1,0,0,-1
poster,explicit_hit,30,200,1,1,0,0,-1
poster,explicit_hit,31,200,1,1,0,0,-1
poster,explicit_hit,32,200,1,1,0,0,-1
poster,explicit_hit,33,200,1,1,0,0,-1
poster,explicit_hit,34,200,1,1,0,0,-1
poster,explicit_hit,35,200,1,1,0,0,-1
poster,explicit_hit,36,200,1,1,0,0,-1
poster,explicit_hit,37,100,1,1,0,0,-1
poster,explicit_hit,38,100,1,1,0,0,-1
poster,explicit_hit,39,100,1,1,0,0,-1
poster,explicit_hit,40,100,1,1,0,0,-1
poster,explicit_hit,41,100,1,1,0,0,-1
poster,explicit_hit,42,200,1,1,0,0,-1
poster,explicit_hit,43,200,1,1,0,0,-1
poster,explicit_hit,44,100,1,1,0,0,-1
poster,explicit_hit,45,200,1,1,0,0,-1
poster,explicit_hit,46,200,1,1,0,0,-1
poster,explicit_hit,47,300,1,1,0,0,-1
poster,explicit_hit,48,200,1,1,0,0,-1
poster,explicit_hit,49,200,1,1,0,0,-1
poster,explicit_hit,50,100,1,1,0,0,-1
poster,explicit_hit,51,100,1,1,0,0,-1
poster,explicit_hit,52,100,1,1,0,0,-1
poster,explicit_hit,53,100,1,1,0,0,-1
poster,explicit_hit,54,200,1,1,0,0,-1
poster,explicit_hit,55,200,1,1,0,0,-1
poster,explicit_hit,56,200,1,1,0,0,-1
poster,explicit_hit,57,200,1,1,0,0,-1
poster,explicit_hit,58,200,1,1,0,0,-1
poster,explicit_hit,59,100,1,1,0,0,-1
poster,explicit_hit,60,200,1,1,0,0,-1
poster,explicit_hit,61,200,1,1,0,0,-1
poster,explicit_hit,62,100,1,1,0,0,-1
poster,explicit_hit,63,100,1,1,0,0,-1
poster,explicit_hit,64,100,1,1,0,0,-1
poster,explicit_hit,65,200,1,1,0,0,-1
poster,explicit_hit,66,200,1,1,0,0,-1
poster,explicit_hit,67,100,1,1,0,0,-1
poster,explicit_hit,68,200,1,1,0,0,-1
poster,explicit_hit,69,200,1,1,0,0,-1
poster,explicit_hit,70,200,1,1,0,0,-1
poster,explicit_hit,71,100,1,1,0,0,-1
poster,explicit_hit,72,200,1,1,0,0,-1
poster,explicit_hit,73,100,1,1,0,0,-1
poster,explicit_hit,74,100,1,1,0,0,-1
poster,explicit_hit,75,200,1,1,0,0,-1
poster,explicit_hit,76,200,1,1,0,0,-1
poster,explicit_hit,77,200,1,1,0,0,-1
poster,explicit_hit,78,100,1,1,0,0,-1
poster,explicit_hit,79,100,1,1,0,0,-1
poster,explicit_hit,80,100,1,1,0,0,-1
poster,explicit_hit,81,200,1,1,0,0,-1
poster,explicit_hit,82,100,1,1,0,0,-1
poster,explicit_hit,83,200,1,1,0,0,-1
poster,explicit_hit,84,200,1,1,0,0,-1
poster,explicit_hit,85,200,1,1,0,0,-1
poster,explicit_hit,86,100,1,1,0,0,-1
poster,explicit_hit,87,200,1,1,0,0,-1
poster,explicit_hit,88,100,1,1,0,0,-1
poster,explicit_hit,89,200,1,1,0,0,-1
poster,explicit_hit,90,200,1,1,0,0,-1
poster,explicit_hit,91,100,1,1,0,0,-1
poster,explicit_hit,92,200,1,1,0,0,-1
poster,explicit_hit,93,100,1,1,0,0,-1
poster,explicit_hit,94,100,1,1,0,0,-1
poster,explicit_hit,95,100,1,1,0,0,-1
poster,explicit_hit,96,200,1,1,0,0,-1
poster,explicit_hit,97,100,1,1,0,0,-1
poster,explicit_hit,98,100,1,1,0,0,-1
poster,explicit_hit,99,200,1,1,0,0,-1
poster,explicit_hit,100,100,1,1,0,0,-1
poster,explicit_hit,101,200,1,1,0,0,-1
poster,explicit_hit,102,100,1,1,0,0,-1
poster,explicit_hit,103,200,1,1,0,0,-1
poster,explicit_hit,104,100,1,1,0,0,-1
poster,explicit_hit,105,100,1,1,0,0,-1
poster,explicit_hit,106,100,1,1,0,0,-1
poster,explicit_hit,107,100,1,1,0,0,-1
poster,explicit_hit,108,200,1,1,0,0,-1
poster,explicit_hit,109,200,1,1,0,0,-1
poster,explicit_hit,110,100,1,1,0,0,-1
poster,explicit_hit,111,100,1,1,0,0,-1
poster,explicit_hit,112,200,1,1,0,0,-1
poster,explicit_hit,113,200,1,1,0,0,-1
poster,explicit_hit,114,200,1,1,0,0,-1
poster,explicit_hit,115,200,1,1,0,0,-1
poster,explicit_hit,116,100,1,1,0,0,-1
poster,explicit_hit,117,200,1,1,0,0,-1
poster,explicit_hit,118,100,1,1,0,0,-1
poster,explicit_hit,119,100,1,1,0,0,-1
poster,explicit_hit,120,100,1,1,0,0,-1
poster,explicit_hit,121,100,1,1,0,0,-1
poster,explicit_hit,122,200,1,1,0,0,-1
poster,explicit_hit,123,200,1,1,0,0,-1
poster,explicit_hit,124,100,1,1,0,0,-1
poster,explicit_hit,125,100,1,1,0,0,-1
poster,explicit_hit,126,100,1,1,0,0,-1
poster,explicit_hit,127,200,1,1,0,0,-1
poster,explicit_hit,128,200,1,1,0,0,-1
poster,explicit_hit,129,200,1,1,0,0,-1
poster,explicit_hit,130,100,1,1,0,0,-1
poster,explicit_hit,131,100,1,1,0,0,-1
poster,explicit_hit,132,100,1,1,0,0,-1
poster,explicit_hit,133,200,1,1,0,0,-1
poster,explicit_hit,134,100,1,1,0,0,-1
poster,explicit_hit,135,100,1,1,0,0,-1
poster,explicit_hit,136,100,1,1,0,0,-1
poster,explicit_hit,137,200,1,1,0,0,-1
poster,explicit_hit,138,100,1,1,0,0,-1
poster,explicit_hit,139,100,1,1,0,0,-1
poster,explicit_hit,140,100,1,1,0,0,-1
poster,explicit_hit,141,100,1,1,0,0,-1
poster,explicit_hit,142,100,1,1,0,0,-1
poster,explicit_hit,143,100,1,1,0,0,-1
poster,explicit_hit,144,200,1,1,0,0,-1
poster,explicit_hit,145,100,1,1,0,0,-1
poster,explicit_hit,146,100,1,1,0,0,-1
poster,explicit_hit,147,100,1,1,0,0,-1
poster,explicit_hit,148,200,1,1,0,0,-1
poster,explicit_hit,149,100,1,1,0,0,-1
poster,explicit_hit,150,100,1,1,0,0,-1
poster,explicit_hit,151,100,1,1,0,0,-1
poster,explicit_hit,152,100,1,1,0,0,-1
poster,explicit_hit,153,200,1,1,0,0,-1
poster,explicit_hit,154,200,1,1,0,0,-1
poster,explicit_hit,155,200,1,1,0,0,-1
poster,explicit_hit,156,100,1,1,0,0,-1
poster,explicit_hit,157,100,1,1,0,0,-1
poster,explicit_hit,158,200,1,1,0,0,-1
poster,explicit_hit,159,200,1,1,0,0,-1
poster,explicit_hit,160,200,1,1,0,0,-1
poster,explicit_hit,161,200,1,1,0,0,-1
poster,explicit_hit,162,100,1,1,0,0,-1
poster,explicit_hit,163,200,1,1,0,0,-1
poster,explicit_hit,164,200,1,1,0,0,-1
poster,explicit_hit,165,100,1,1,0,0,-1
poster,explicit_hit,166,100,1,1,0,0,-1
poster,explicit_hit,167,200,1,1,0,0,-1
poster,explicit_hit,168,200,1,1,0,0,-1
poster,explicit_hit,169,100,1,1,0,0,-1
poster,explicit_hit,170,100,1,1,0,0,-1
poster,explicit_hit,171,100,1,1,0,0,-1
poster,explicit_hit,172,100,1,1,0,0,-1
poster,explicit_hit,173,100,1,1,0,0,-1
poster,explicit_hit,174,100,1,1,0,0,-1
poster,explicit_hit,175,200,1,1,0,0,-1
poster,explicit_hit,176,100,1,1,0,0,-1
poster,explicit_hit,177,100,1,1,0,0,-1
poster,explicit_hit,178,100,1,1,0,0,-1
poster,explicit_hit,179,100,1,1,0,0,-1
poster,explicit_hit,180,100,1,1,0,0,-1
poster,explicit_hit,181,200,1,1,0,0,-1
poster,explicit_hit,182,200,1,1,0,0,-1
poster,explicit_hit,183,100,1,1,0,0,-1
poster,explicit_hit,184,200,1,1,0,0,-1
poster,explicit_hit,185,200,1,1,0,0,-1
poster,explicit_hit,186,200,1,1,0,0,-1
poster,explicit_hit,187,100,1,1,0,0,-1
poster,explicit_hit,188,200,1,1,0,0,-1
poster,explicit_hit,189,100,1,1,0,0,-1
poster,explicit_hit,190,100,1,1,0,0,-1
poster,explicit_hit,191,200,1,1,0,0,-1
poster,explicit_hit,192,100,1,1,0,0,-1
poster,explicit_hit,193,100,1,1,0,0,-1
poster,explicit_hit,194,100,1,1,0,0,-1
poster,explicit_hit,195,100,1,1,0,0,-1
poster,explicit_hit,196,200,1,1,0,0,-1
poster,explicit_hit,197,100,1,1,0,0,-1
poster,explicit_hit,198,100,1,1,0,0,-1
poster,explicit_hit,199,200,1,1,0,0,-1
poster,explicit_hit,200,200,1,1,0,0,-1
poster,explicit_hit,201,100,1,1,0,0,-1
poster,explicit_hit,202,100,1,1,0,0,-1
poster,explicit_hit,203,200,1,1,0,0,-1
poster,explicit_hit,204,200,1,1,0,0,-1
poster,explicit_hit,205,200,1,1,0,0,-1
poster,explicit_hit,206,100,1,1,0,0,-1
poster,explicit_hit,207,200,1,1,0,0,-1
poster,explicit_hit,208,100,1,1,0,0,-1
poster,explicit_hit,209,200,1,1,0,0,-1
poster,explicit_hit,210,100,1,1,0,0,-1
poster,explicit_hit,211,100,1,1,0,0,-1
poster,explicit_hit,212,200,1,1,0,0,-1
poster,explicit_hit,213,100,1,1,0,0,-1
poster,explicit_hit,214,100,1,1,0,0,-1
poster,explicit_hit,215,100,1,1,0,0,-1
poster,explicit_hit,216,100,1,1,0,0,-1
poster,explicit_hit,217,100,1,1,0,0,-1
poster,explicit_hit,218,100,1,1,0,0,-1
poster,explicit_hit,219,100,1,1,0,0,-1
poster,explicit_hit,220,100,1,1,0,0,-1
poster,explicit_hit,221,100,1,1,0,0,-1
poster,explicit_hit,222,200,1,1,0,0,-1
poster,explicit_hit,223,100,1,1,0,0,-1
poster,explicit_hit,224,200,1,1,0,0,-1
poster,explicit_hit,225,100,1,1,0,0,-1
poster,explicit_hit,226,100,1,1,0,0,-1
poster,explicit_hit,227,200,1,1,0,0,-1
poster,explicit_hit,228,200,1,1,0,0,-1
poster,explicit_hit,229,100,1,1,0,0,-1
poster,explicit_hit,230,200,1,1,0,0,-1
poster,explicit_hit,231,100,1,1,0,0,-1
poster,explicit_hit,232,100,1,1,0,0,-1
poster,explicit_hit,233,200,1,1,0,0,-1
poster,explicit_hit,234,100,1,1,0,0,-1
poster,explicit_hit,235,200,1,1,0,0,-1
poster,explicit_hit,236,100,1,1,0,0,-1
poster,explicit_hit,237,100,1,1,0,0,-1
poster,explicit_hit,238,200,1,1,0,0,-1
poster,explicit_hit,239,200,1,1,0,0,-1
poster,explicit_hit,240,200,1,1,0,0,-1
poster,explicit_hit,241,100,1,1,0,0,-1
poster,explicit_hit,242,100,1,1,0,0,-1
poster,explicit_hit,243,200,1,1,0,0,-1
poster,explicit_hit,244,100,1,1,0,0,-1
poster,explicit_hit,245,100,1,1,0,0,-1
poster,explicit_hit,246,100,1,1,0,0,-1
poster,explicit_hit,247,100,1,1,0,0,-1
poster,explicit_hit,248,200,1,1,0,0,-1
poster,explicit_hit,249,100,1,1,0,0,-1
poster,explicit_hit,250,200,1,1,0,0,-1
poster,explicit_hit,251,200,1,1,0,0,-1
poster,explicit_hit,252,100,1,1,0,0,-1
poster,explicit_hit,253,100,1,1,0,0,-1
poster,explicit_hit,254,200,1,1,0,0,-1
poster,explicit_hit,255,200,1,1,0,0,-1
poster,explicit_hit,256,200,1,1,0,0,-1
poster,explicit_hit,257,100,1,1,0,0,-1
poster,explicit_hit,258,100,1,1,0,0,-1
poster,explicit_hit,259,200,1,1,0,0,-1
poster,explicit_hit,260,200,1,1,0,0,-1
poster,explicit_hit,261,100,1,1,0,0,-1
poster,explicit_hit,262,100,1,1,0,0,-1
poster,explicit_hit,263,100,1,1,0,0,-1
poster,explicit_hit,264,200,1,1,0,0,-1
poster,explicit_hit,265,200,1,1,0,0,-1
poster,explicit_hit,266,200,1,1,0,0,-1
poster,explicit_hit,267,100,1,1,0,0,-1
poster,explicit_hit,268,200,1,1,0,0,-1
poster,explicit_hit,269,100,1,1,0,0,-1
poster,explicit_hit,270,200,1,1,0,0,-1
poster,explicit_hit,271,100,1,1,0,0,-1
poster,explicit_hit,272,100,1,1,0,0,-1
poster,explicit_hit,273,100,1,1,0,0,-1
poster,explicit_hit,274,100,1,1,0,0,-1
poster,explicit_hit,275,200,1,1,0,0,-1
poster,explicit_hit,276,100,1,1,0,0,-1
poster,explicit_hit,277,100,1,1,0,0,-1
poster,explicit_hit,278,200,1,1,0,0,-1
poster,explicit_hit,279,100,1,1,0,0,-1
poster,explicit_hit,280,100,1,1,0,0,-1
poster,explicit_hit,281,200,1,1,0,0,-1
poster,explicit_hit,282,100,1,1,0,0,-1
poster,explicit_hit,283,100,1,1,0,0,-1
poster,explicit_hit,284,200,1,1,0,0,-1
poster,explicit_hit,285,200,1,1,0,0,-1
poster,explicit_hit,286,200,1,1,0,0,-1
poster,explicit_hit,287,200,1,1,0,0,-1
poster,explicit_hit,288,100,1,1,0,0,-1
poster,explicit_hit,289,200,1,1,0,0,-1
poster,explicit_hit,290,100,1,1,0,0,-1
poster,explicit_hit,291,200,1,1,0,0,-1
poster,explicit_hit,292,100,1,1,0,0,-1
poster,explicit_hit,293,200,1,1,0,0,-1
poster,explicit_hit,294,100,1,1,0,0,-1
poster,explicit_hit,295,200,1,1,0,0,-1
poster,explicit_hit,296,200,1,1,0,0,-1
poster,explicit_hit,297,200,1,1,0,0,-1
poster,explicit_hit,298,100,1,1,0,0,-1
poster,explicit_hit,299,100,1,1,0,0,-1
poster,explicit_hit,300,100,1,1,0,0,-1
poster,explicit_hit,301,200,1,1,0,0,-1
poster,explicit_hit,302,200,1,1,0,0,-1
poster,explicit_hit,303,100,1,1,0,0,-1
poster,explicit_hit,304,200,1,1,0,0,-1
poster,explicit_hit,305,200,1,1,0,0,-1
poster,explicit_hit,306,200,1,1,0,0,-1
poster,explicit_hit,307,200,1,1,0,0,-1
poster,explicit_hit,308,200,1,1,0,0,-1
poster,explicit_hit,309,200,1,1,0,0,-1
poster,explicit_hit,310,100,1,1,0,0,-1
poster,explicit_hit,311,200,1,1,0,0,-1
poster,explicit_hit,312,200,1,1,0,0,-1
poster,explicit_hit,313,200,1,1,0,0,-1
poster,explicit_hit,314,200,1,1,0,0,-1
poster,explicit_hit,315,200,1,1,0,0,-1
poster,explicit_hit,316,200,1,1,0,0,-1
poster,explicit_hit,317,200,1,1,0,0,-1
poster,explicit_hit,318,200,1,1,0,0,-1
poster,explicit_hit,319,100,1,1,0,0,-1
poster,explicit_hit,320,200,1,1,0,0,-1
poster,explicit_hit,321,200,1,1,0,0,-1
poster,explicit_hit,322,100,1,1,0,0,-1
poster,explicit_hit,323,100,1,1,0,0,-1
poster,explicit_hit,324,100,1,1,0,0,-1
poster,explicit_hit,325,200,1,1,0,0,-1
poster,explicit_hit,326,200,1,1,0,0,-1
poster,explicit_hit,327,100,1,1,0,0,-1
poster,explicit_hit,328,200,1,1,0,0,-1
poster,explicit_hit,329,200,1,1,0,0,-1
poster,explicit_hit,330,200,1,1,0,0,-1
poster,explicit_hit,331,100,1,1,0,0,-1
poster,explicit_hit,332,100,1,1,0,0,-1
poster,explicit_hit,333,100,1,1,0,0,-1
poster,explicit_hit,334,200,1,1,0,0,-1
poster,explicit_hit,335,200,1,1,0,0,-1
poster,explicit_hit,336,100,1,1,0,0,-1
poster,explicit_hit,337,100,1,1,0,0,-1
poster,explicit_hit,338,200,1,1,0,0,-1
poster,explicit_hit,339,200,1,1,0,0,-1
poster,explicit_hit,340,100,1,1,0,0,-1
poster,explicit_hit,341,100,1,1,0,0,-1
poster,explicit_hit,342,100,1,1,0,0,-1
poster,explicit_hit,343,100,1,1,0,0,-1
poster,explicit_hit,344,200,1,1,0,0,-1
poster,explicit_hit,345,200,1,1,0,0,-1
poster,explicit_hit,346,100,1,1,0,0,-1
poster,explicit_hit,347,100,1,1,0,0,-1
poster,explicit_hit,348,100,1,1,0,0,-1
poster,explicit_hit,349,200,1,1,0,0,-1
poster,explicit_hit,350,100,1,1,0,0,-1
poster,explicit_hit,351,100,1,1,0,0,-1
poster,explicit_hit,352,200,1,1,0,0,-1
poster,explicit_hit,353,200,1,1,0,0,-1
poster,explicit_hit,354,100,1,1,0,0,-1
poster,explicit_hit,355,100,1,1,0,0,-1
poster,explicit_hit,356,200,1,1,0,0,-1
poster,explicit_hit,357,100,1,1,0,0,-1
poster,explicit_hit,358,200,1,1,0,0,-1
poster,explicit_hit,359,100,1,1,0,0,-1
poster,explicit_hit,360,200,1,1,0,0,-1
poster,explicit_hit,361,100,1,1,0,0,-1
poster,explicit_hit,362,100,1,1,0,0,-1
poster,explicit_hit,363,100,1,1,0,0,-1
poster,explicit_hit,364,100,1,1,0,0,-1
poster,explicit_hit,365,100,1,1,0,0,-1
poster,explicit_hit,366,200,1,1,0,0,-1
poster,explicit_hit,367,200,1,1,0,0,-1
poster,explicit_hit,368,100,1,1,0,0,-1
poster,explicit_hit,369,200,1,1,0,0,-1
poster,explicit_hit,370,200,1,1,0,0,-1
poster,explicit_hit,371,100,1,1,0,0,-1
poster,explicit_hit,372,100,1,1,0,0,-1
poster,explicit_hit,373,100,1,1,0,0,-1
poster,explicit_hit,374,200,1,1,0,0,-1
poster,explicit_hit,375,100,1,1,0,0,-1
poster,explicit_hit,376,200,1,1,0,0,-1
poster,explicit_hit,377,100,1,1,0,0,-1
poster,explicit_hit,378,100,1,1,0,0,-1
poster,explicit_hit,379,200,1,1,0,0,-1
poster,explicit_hit,380,200,1,1,0,0,-1
poster,explicit_hit,381,100,1,1,0,0,-1
poster,explicit_hit,382,100,1,1,0,0,-1
poster,explicit_hit,383,100,1,1,0,0,-1
poster,explicit_hit,384,200,1,1,0,0,-1
poster,explicit_hit,385,200,1,1,0,0,-1
poster,explicit_hit,386,100,1,1,0,0,-1
poster,explicit_hit,387,200,1,1,0,0,-1
poster,explicit_hit,388,100,1,1,0,0,-1
poster,explicit_hit,389,200,1,1,0,0,-1
poster,explicit_hit,390,100,1,1,0,0,-1
poster,explicit_hit,391,100,1,1,0,0,-1
poster,explicit_hit,392,100,1,1,0,0,-1
poster,explicit_hit,393,200,1,1,0,0,-1
poster,explicit_hit,394,100,1,1,0,0,-1
poster,explicit_hit,395,200,1,1,0,0,-1
poster,explicit_hit,396,200,1,1,0,0,-1
poster,explicit_hit,397,100,1,1,0,0,-1
poster,explicit_hit,398,200,1,1,0,0,-1
poster,explicit_hit,399,100,1,1,0,0,-1
poster,explicit_hit,400,100,1,1,0,0,-1
poster,explicit_hit,401,200,1,1,0,0,-1
poster,explicit_hit,402,100,1,1,0,0,-1
poster,explicit_hit,403,200,1,1,0,0,-1
poster,explicit_hit,404,200,1,1,0,0,-1
poster,explicit_hit,405,100,1,1,0,0,-1
poster,explicit_hit,406,100,1,1,0,0,-1
poster,explicit_hit,407,200,1,1,0,0,-1
poster,explicit_hit,408,200,1,1,0,0,-1
poster,explicit_hit,409,100,1,1,0,0,-1
poster,explicit_hit,410,200,1,1,0,0,-1
poster,explicit_hit,411,100,1,1,0,0,-1
poster,explicit_hit,412,100,1,1,0,0,-1
poster,explicit_hit,413,200,1,1,0,0,-1
poster,explicit_hit,414,100,1,1,0,0,-1
poster,explicit_hit,415,100,1,1,0,0,-1
poster,explicit_hit,416,200,1,1,0,0,-1
poster,explicit_hit,417,200,1,1,0,0,-1
poster,explicit_hit,418,100,1,1,0,0,-1
poster,explicit_hit,419,100,1,1,0,0,-1
poster,explicit_hit,420,100,1,1,0,0,-1
poster,explicit_hit,421,200,1,1,0,0,-1
poster,explicit_hit,422,100,1,1,0,0,-1
poster,explicit_hit,423,100,1,1,0,0,-1
poster,explicit_hit,424,100,1,1,0,0,-1
poster,explicit_hit,425,200,1,1,0,0,-1
poster,explicit_hit,426,200,1,1,0,0,-1
poster,explicit_hit,427,100,1,1,0,0,-1
poster,explicit_hit,428,100,1,1,0,0,-1
poster,explicit_hit,429,100,1,1,0,0,-1
poster,explicit_hit,430,100,1,1,0,0,-1
poster,explicit_hit,431,200,1,1,0,0,-1
poster,explicit_hit,432,200,1,1,0,0,-1
poster,explicit_hit,433,200,1,1,0,0,-1
poster,explicit_hit,434,100,1,1,0,0,-1
poster,explicit_hit,435,200,1,1,0,0,-1
poster,explicit_hit,436,200,1,1,0,0,-1
poster,explicit_hit,437,100,1,1,0,0,-1
poster,explicit_hit,438,100,1,1,0,0,-1
poster,explicit_hit,439,200,1,1,0,0,-1
poster,explicit_hit,440,200,1,1,0,0,-1
poster,explicit_hit,441,100,1,1,0,0,-1
poster,explicit_hit,442,100,1,1,0,0,-1
poster,explicit_hit,443,100,1,1,0,0,-1
poster,explicit_hit,444,200,1,1,0,0,-1
poster,explicit_hit,445,100,1,1,0,0,-1
poster,explicit_hit,446,200,1,1,0,0,-1
poster,explicit_hit,447,100,1,1,0,0,-1
poster,explicit_hit,448,100,1,1,0,0,-1
poster,explicit_hit,449,200,1,1,0,0,-1
poster,explicit_hit,450,200,1,1,0,0,-1
poster,explicit_hit,451,200,1,1,0,0,-1
poster,explicit_hit,452,100,1,1,0,0,-1
poster,explicit_hit,453,200,1,1,0,0,-1
poster,explicit_hit,454,100,1,1,0,0,-1
poster,explicit_hit,455,100,1,1,0,0,-1
poster,explicit_hit,456,200,1,1,0,0,-1
poster,explicit_hit,457,200,1,1,0,0,-1
poster,explicit_hit,458,200,1,1,0,0,-1
poster,explicit_hit,459,200,1,1,0,0,-1
poster,explicit_hit,460,200,1,1,0,0,-1
poster,explicit_hit,461,200,1,1,0,0,-1
poster,explicit_hit,462,100,1,1,0,0,-1
poster,explicit_hit,463,200,1,1,0,0,-1
poster,explicit_hit,464,200,1,1,0,0,-1
poster,explicit_hit,465,100,1,1,0,0,-1
poster,explicit_hit,466,200,1,1,0,0,-1
poster,explicit_hit,467,100,1,1,0,0,-1
poster,explicit_hit,468,100,1,1,0,0,-1
poster,explicit_hit,469,200,1,1,0,0,-1
poster,explicit_hit,470,200,1,1,0,0,-1
poster,explicit_hit,471,100,1,1,0,0,-1
poster,explicit_hit,472,200,1,1,0,0,-1
poster,explicit_hit,473,100,1,1,0,0,-1
poster,explicit_hit,474,200,1,1,0,0,-1
poster,explicit_hit,475,100,1,1,0,0,-1
poster,explicit_hit,476,100,1,1,0,0,-1
poster,explicit_hit,477,200,1,1,0,0,-1
poster,explicit_hit,478,100,1,1,0,0,-1
poster,explicit_hit,479,100,1,1,0,0,-1
poster,explicit_hit,480,200,1,1,0,0,-1
poster,explicit_hit,481,100,1,1,0,0,-1
poster,explicit_hit,482,100,1,1,0,0,-1
poster,explicit_hit,483,200,1,1,0,0,-1
poster,explicit_hit,484,200,1,1,0,0,-1
poster,explicit_hit,485,200,1,1,0,0,-1
poster,explicit_hit,486,200,1,1,0,0,-1
poster,explicit_hit,487,100,1,1,0,0,-1
poster,explicit_hit,488,200,1,1,0,0,-1
poster,explicit_hit,489,200,1,1,0,0,-1
poster,explicit_hit,490,100,1,1,0,0,-1
poster,explicit_hit,491,100,1,1,0,0,-1
poster,explicit_hit,492,200,1,1,0,0,-1
poster,explicit_hit,493,100,1,1,0,0,-1
poster,explicit_hit,494,100,1,1,0,0,-1
poster,explicit_hit,495,200,1,1,0,0,-1
poster,explicit_hit,496,100,1,1,0,0,-1
poster,explicit_hit,497,100,1,1,0,0,-1
poster,explicit_hit,498,200,1,1,0,0,-1
poster,explicit_hit,499,200,1,1,0,0,-1
poster,nine_new_images,0,7582700,9,0,9,9,-1
poster,nine_new_images,1,7693500,9,0,9,9,-1
poster,nine_new_images,2,6388500,9,0,9,9,-1
poster,nine_new_images,3,6473600,9,0,9,9,-1
poster,nine_new_images,4,7347500,9,0,9,9,-1
poster,nine_new_images,5,7406300,9,0,9,9,-1
poster,nine_new_images,6,7404400,9,0,9,9,-1
poster,nine_new_images,7,7049500,9,0,9,9,-1
poster,nine_new_images,8,7636500,9,0,9,9,-1
poster,nine_new_images,9,7689500,9,0,9,9,-1
poster,nine_new_images,10,8547200,9,0,9,9,-1
poster,nine_new_images,11,7076100,9,0,9,9,-1
poster,nine_new_images,12,7445200,9,0,9,9,-1
poster,nine_new_images,13,7424900,9,0,9,9,-1
poster,nine_new_images,14,6504200,9,0,9,9,-1
poster,nine_new_images,15,7312000,9,0,9,9,-1
poster,nine_new_images,16,7913000,9,0,9,9,-1
poster,nine_new_images,17,7678800,9,0,9,9,-1
poster,nine_new_images,18,6604800,9,0,9,9,-1
poster,nine_new_images,19,6726100,9,0,9,9,-1
poster,nine_new_images,20,7217800,9,0,9,9,-1
poster,nine_new_images,21,6669500,9,0,9,9,-1
poster,nine_new_images,22,7625100,9,0,9,9,-1
poster,nine_new_images,23,7657900,9,0,9,9,-1
poster,nine_new_images,24,7722500,9,0,9,9,-1
poster,nine_new_images,25,6966800,9,0,9,9,-1
poster,nine_new_images,26,7232900,9,0,9,9,-1
poster,nine_new_images,27,7749300,9,0,9,9,-1
poster,nine_new_images,28,7459000,9,0,9,9,-1
poster,nine_new_images,29,7490200,9,0,9,9,-1
poster,nine_new_images,30,7687300,9,0,9,9,-1
poster,nine_new_images,31,7816900,9,0,9,9,-1
poster,nine_new_images,32,7322000,9,0,9,9,-1
poster,nine_new_images,33,7641800,9,0,9,9,-1
poster,nine_new_images,34,7635400,9,0,9,9,-1
poster,nine_new_images,35,6973700,9,0,9,9,-1
poster,nine_new_images,36,7338100,9,0,9,9,-1
poster,nine_new_images,37,7401900,9,0,9,9,-1
poster,nine_new_images,38,7463900,9,0,9,9,-1
poster,nine_new_images,39,7041400,9,0,9,9,-1
poster,nine_new_images,40,7453500,9,0,9,9,-1
poster,nine_new_images,41,7976300,9,0,9,9,-1
poster,nine_new_images,42,7647500,9,0,9,9,-1
poster,nine_new_images,43,7778400,9,0,9,9,-1
poster,nine_new_images,44,7166300,9,0,9,9,-1
poster,nine_new_images,45,8197500,9,0,9,9,-1
poster,nine_new_images,46,11029100,9,0,9,9,-1
poster,nine_new_images,47,7479200,9,0,9,9,-1
poster,nine_new_images,48,8484600,9,0,9,9,-1
poster,nine_new_images,49,7963600,9,0,9,9,-1
