category,case,sample,elapsed_ns,rows,hits,misses,evictions,selected_id
overhead,timer_pair,0,100,0,0,0,0,-1
overhead,timer_pair,1,0,0,0,0,0,-1
overhead,timer_pair,2,100,0,0,0,0,-1
overhead,timer_pair,3,0,0,0,0,0,-1
overhead,timer_pair,4,100,0,0,0,0,-1
overhead,timer_pair,5,0,0,0,0,0,-1
overhead,timer_pair,6,100,0,0,0,0,-1
overhead,timer_pair,7,100,0,0,0,0,-1
overhead,timer_pair,8,100,0,0,0,0,-1
overhead,timer_pair,9,100,0,0,0,0,-1
overhead,timer_pair,10,100,0,0,0,0,-1
overhead,timer_pair,11,0,0,0,0,0,-1
overhead,timer_pair,12,100,0,0,0,0,-1
overhead,timer_pair,13,100,0,0,0,0,-1
overhead,timer_pair,14,0,0,0,0,0,-1
overhead,timer_pair,15,0,0,0,0,0,-1
overhead,timer_pair,16,0,0,0,0,0,-1
overhead,timer_pair,17,100,0,0,0,0,-1
overhead,timer_pair,18,0,0,0,0,0,-1
overhead,timer_pair,19,0,0,0,0,0,-1
overhead,timer_pair,20,0,0,0,0,0,-1
overhead,timer_pair,21,100,0,0,0,0,-1
overhead,timer_pair,22,0,0,0,0,0,-1
overhead,timer_pair,23,0,0,0,0,0,-1
overhead,timer_pair,24,100,0,0,0,0,-1
overhead,timer_pair,25,0,0,0,0,0,-1
overhead,timer_pair,26,0,0,0,0,0,-1
overhead,timer_pair,27,0,0,0,0,0,-1
overhead,timer_pair,28,0,0,0,0,0,-1
overhead,timer_pair,29,100,0,0,0,0,-1
overhead,timer_pair,30,0,0,0,0,0,-1
overhead,timer_pair,31,0,0,0,0,0,-1
overhead,timer_pair,32,0,0,0,0,0,-1
overhead,timer_pair,33,0,0,0,0,0,-1
overhead,timer_pair,34,0,0,0,0,0,-1
overhead,timer_pair,35,0,0,0,0,0,-1
overhead,timer_pair,36,0,0,0,0,0,-1
overhead,timer_pair,37,0,0,0,0,0,-1
overhead,timer_pair,38,100,0,0,0,0,-1
overhead,timer_pair,39,0,0,0,0,0,-1
overhead,timer_pair,40,0,0,0,0,0,-1
overhead,timer_pair,41,0,0,0,0,0,-1
overhead,timer_pair,42,0,0,0,0,0,-1
overhead,timer_pair,43,0,0,0,0,0,-1
overhead,timer_pair,44,0,0,0,0,0,-1
overhead,timer_pair,45,0,0,0,0,0,-1
overhead,timer_pair,46,0,0,0,0,0,-1
overhead,timer_pair,47,0,0,0,0,0,-1
overhead,timer_pair,48,0,0,0,0,0,-1
overhead,timer_pair,49,100,0,0,0,0,-1
overhead,timer_pair,50,0,0,0,0,0,-1
overhead,timer_pair,51,0,0,0,0,0,-1
overhead,timer_pair,52,0,0,0,0,0,-1
overhead,timer_pair,53,0,0,0,0,0,-1
overhead,timer_pair,54,100,0,0,0,0,-1
overhead,timer_pair,55,100,0,0,0,0,-1
overhead,timer_pair,56,0,0,0,0,0,-1
overhead,timer_pair,57,0,0,0,0,0,-1
overhead,timer_pair,58,0,0,0,0,0,-1
overhead,timer_pair,59,100,0,0,0,0,-1
overhead,timer_pair,60,0,0,0,0,0,-1
overhead,timer_pair,61,0,0,0,0,0,-1
overhead,timer_pair,62,0,0,0,0,0,-1
overhead,timer_pair,63,100,0,0,0,0,-1
overhead,timer_pair,64,100,0,0,0,0,-1
overhead,timer_pair,65,0,0,0,0,0,-1
overhead,timer_pair,66,0,0,0,0,0,-1
overhead,timer_pair,67,0,0,0,0,0,-1
overhead,timer_pair,68,0,0,0,0,0,-1
overhead,timer_pair,69,0,0,0,0,0,-1
overhead,timer_pair,70,0,0,0,0,0,-1
overhead,timer_pair,71,100,0,0,0,0,-1
overhead,timer_pair,72,100,0,0,0,0,-1
overhead,timer_pair,73,0,0,0,0,0,-1
overhead,timer_pair,74,0,0,0,0,0,-1
overhead,timer_pair,75,100,0,0,0,0,-1
overhead,timer_pair,76,0,0,0,0,0,-1
overhead,timer_pair,77,0,0,0,0,0,-1
overhead,timer_pair,78,0,0,0,0,0,-1
overhead,timer_pair,79,0,0,0,0,0,-1
overhead,timer_pair,80,0,0,0,0,0,-1
overhead,timer_pair,81,100,0,0,0,0,-1
overhead,timer_pair,82,100,0,0,0,0,-1
overhead,timer_pair,83,0,0,0,0,0,-1
overhead,timer_pair,84,0,0,0,0,0,-1
overhead,timer_pair,85,100,0,0,0,0,-1
overhead,timer_pair,86,0,0,0,0,0,-1
overhead,timer_pair,87,0,0,0,0,0,-1
overhead,timer_pair,88,100,0,0,0,0,-1
overhead,timer_pair,89,0,0,0,0,0,-1
overhead,timer_pair,90,0,0,0,0,0,-1
overhead,timer_pair,91,100,0,0,0,0,-1
overhead,timer_pair,92,100,0,0,0,0,-1
overhead,timer_pair,93,0,0,0,0,0,-1
overhead,timer_pair,94,0,0,0,0,0,-1
overhead,timer_pair,95,0,0,0,0,0,-1
overhead,timer_pair,96,0,0,0,0,0,-1
overhead,timer_pair,97,100,0,0,0,0,-1
overhead,timer_pair,98,100,0,0,0,0,-1
overhead,timer_pair,99,0,0,0,0,0,-1
overhead,timer_pair,100,100,0,0,0,0,-1
overhead,timer_pair,101,0,0,0,0,0,-1
overhead,timer_pair,102,100,0,0,0,0,-1
overhead,timer_pair,103,0,0,0,0,0,-1
overhead,timer_pair,104,0,0,0,0,0,-1
overhead,timer_pair,105,0,0,0,0,0,-1
overhead,timer_pair,106,0,0,0,0,0,-1
overhead,timer_pair,107,0,0,0,0,0,-1
overhead,timer_pair,108,0,0,0,0,0,-1
overhead,timer_pair,109,0,0,0,0,0,-1
overhead,timer_pair,110,0,0,0,0,0,-1
overhead,timer_pair,111,0,0,0,0,0,-1
overhead,timer_pair,112,100,0,0,0,0,-1
overhead,timer_pair,113,0,0,0,0,0,-1
overhead,timer_pair,114,0,0,0,0,0,-1
overhead,timer_pair,115,100,0,0,0,0,-1
overhead,timer_pair,116,0,0,0,0,0,-1
overhead,timer_pair,117,0,0,0,0,0,-1
overhead,timer_pair,118,100,0,0,0,0,-1
overhead,timer_pair,119,0,0,0,0,0,-1
overhead,timer_pair,120,0,0,0,0,0,-1
overhead,timer_pair,121,0,0,0,0,0,-1
overhead,timer_pair,122,0,0,0,0,0,-1
overhead,timer_pair,123,0,0,0,0,0,-1
overhead,timer_pair,124,0,0,0,0,0,-1
overhead,timer_pair,125,0,0,0,0,0,-1
overhead,timer_pair,126,0,0,0,0,0,-1
overhead,timer_pair,127,100,0,0,0,0,-1
overhead,timer_pair,128,0,0,0,0,0,-1
overhead,timer_pair,129,0,0,0,0,0,-1
overhead,timer_pair,130,0,0,0,0,0,-1
overhead,timer_pair,131,0,0,0,0,0,-1
overhead,timer_pair,132,0,0,0,0,0,-1
overhead,timer_pair,133,100,0,0,0,0,-1
overhead,timer_pair,134,0,0,0,0,0,-1
overhead,timer_pair,135,0,0,0,0,0,-1
overhead,timer_pair,136,100,0,0,0,0,-1
overhead,timer_pair,137,100,0,0,0,0,-1
overhead,timer_pair,138,0,0,0,0,0,-1
overhead,timer_pair,139,100,0,0,0,0,-1
overhead,timer_pair,140,0,0,0,0,0,-1
overhead,timer_pair,141,0,0,0,0,0,-1
overhead,timer_pair,142,100,0,0,0,0,-1
overhead,timer_pair,143,100,0,0,0,0,-1
overhead,timer_pair,144,0,0,0,0,0,-1
overhead,timer_pair,145,0,0,0,0,0,-1
overhead,timer_pair,146,0,0,0,0,0,-1
overhead,timer_pair,147,0,0,0,0,0,-1
overhead,timer_pair,148,100,0,0,0,0,-1
overhead,timer_pair,149,0,0,0,0,0,-1
overhead,timer_pair,150,0,0,0,0,0,-1
overhead,timer_pair,151,0,0,0,0,0,-1
overhead,timer_pair,152,100,0,0,0,0,-1
overhead,timer_pair,153,0,0,0,0,0,-1
overhead,timer_pair,154,0,0,0,0,0,-1
overhead,timer_pair,155,0,0,0,0,0,-1
overhead,timer_pair,156,100,0,0,0,0,-1
overhead,timer_pair,157,0,0,0,0,0,-1
overhead,timer_pair,158,0,0,0,0,0,-1
overhead,timer_pair,159,0,0,0,0,0,-1
overhead,timer_pair,160,100,0,0,0,0,-1
overhead,timer_pair,161,100,0,0,0,0,-1
overhead,timer_pair,162,0,0,0,0,0,-1
overhead,timer_pair,163,0,0,0,0,0,-1
overhead,timer_pair,164,100,0,0,0,0,-1
overhead,timer_pair,165,0,0,0,0,0,-1
overhead,timer_pair,166,100,0,0,0,0,-1
overhead,timer_pair,167,0,0,0,0,0,-1
overhead,timer_pair,168,0,0,0,0,0,-1
overhead,timer_pair,169,0,0,0,0,0,-1
overhead,timer_pair,170,0,0,0,0,0,-1
overhead,timer_pair,171,100,0,0,0,0,-1
overhead,timer_pair,172,0,0,0,0,0,-1
overhead,timer_pair,173,0,0,0,0,0,-1
overhead,timer_pair,174,0,0,0,0,0,-1
overhead,timer_pair,175,0,0,0,0,0,-1
overhead,timer_pair,176,100,0,0,0,0,-1
overhead,timer_pair,177,100,0,0,0,0,-1
overhead,timer_pair,178,0,0,0,0,0,-1
overhead,timer_pair,179,0,0,0,0,0,-1
overhead,timer_pair,180,0,0,0,0,0,-1
overhead,timer_pair,181,0,0,0,0,0,-1
overhead,timer_pair,182,100,0,0,0,0,-1
overhead,timer_pair,183,100,0,0,0,0,-1
overhead,timer_pair,184,0,0,0,0,0,-1
overhead,timer_pair,185,0,0,0,0,0,-1
overhead,timer_pair,186,0,0,0,0,0,-1
overhead,timer_pair,187,0,0,0,0,0,-1
overhead,timer_pair,188,0,0,0,0,0,-1
overhead,timer_pair,189,100,0,0,0,0,-1
overhead,timer_pair,190,0,0,0,0,0,-1
overhead,timer_pair,191,0,0,0,0,0,-1
overhead,timer_pair,192,0,0,0,0,0,-1
overhead,timer_pair,193,0,0,0,0,0,-1
overhead,timer_pair,194,100,0,0,0,0,-1
overhead,timer_pair,195,0,0,0,0,0,-1
overhead,timer_pair,196,0,0,0,0,0,-1
overhead,timer_pair,197,100,0,0,0,0,-1
overhead,timer_pair,198,0,0,0,0,0,-1
overhead,timer_pair,199,0,0,0,0,0,-1
overhead,timer_pair,200,0,0,0,0,0,-1
overhead,timer_pair,201,0,0,0,0,0,-1
overhead,timer_pair,202,0,0,0,0,0,-1
overhead,timer_pair,203,100,0,0,0,0,-1
overhead,timer_pair,204,0,0,0,0,0,-1
overhead,timer_pair,205,0,0,0,0,0,-1
overhead,timer_pair,206,100,0,0,0,0,-1
overhead,timer_pair,207,0,0,0,0,0,-1
overhead,timer_pair,208,0,0,0,0,0,-1
overhead,timer_pair,209,0,0,0,0,0,-1
overhead,timer_pair,210,0,0,0,0,0,-1
overhead,timer_pair,211,100,0,0,0,0,-1
overhead,timer_pair,212,0,0,0,0,0,-1
overhead,timer_pair,213,0,0,0,0,0,-1
overhead,timer_pair,214,100,0,0,0,0,-1
overhead,timer_pair,215,0,0,0,0,0,-1
overhead,timer_pair,216,0,0,0,0,0,-1
overhead,timer_pair,217,0,0,0,0,0,-1
overhead,timer_pair,218,0,0,0,0,0,-1
overhead,timer_pair,219,100,0,0,0,0,-1
overhead,timer_pair,220,100,0,0,0,0,-1
overhead,timer_pair,221,0,0,0,0,0,-1
overhead,timer_pair,222,100,0,0,0,0,-1
overhead,timer_pair,223,100,0,0,0,0,-1
overhead,timer_pair,224,0,0,0,0,0,-1
overhead,timer_pair,225,0,0,0,0,0,-1
overhead,timer_pair,226,0,0,0,0,0,-1
overhead,timer_pair,227,0,0,0,0,0,-1
overhead,timer_pair,228,100,0,0,0,0,-1
overhead,timer_pair,229,0,0,0,0,0,-1
overhead,timer_pair,230,100,0,0,0,0,-1
overhead,timer_pair,231,100,0,0,0,0,-1
overhead,timer_pair,232,0,0,0,0,0,-1
overhead,timer_pair,233,0,0,0,0,0,-1
overhead,timer_pair,234,100,0,0,0,0,-1
overhead,timer_pair,235,0,0,0,0,0,-1
overhead,timer_pair,236,0,0,0,0,0,-1
overhead,timer_pair,237,100,0,0,0,0,-1
overhead,timer_pair,238,0,0,0,0,0,-1
overhead,timer_pair,239,0,0,0,0,0,-1
overhead,timer_pair,240,100,0,0,0,0,-1
overhead,timer_pair,241,0,0,0,0,0,-1
overhead,timer_pair,242,0,0,0,0,0,-1
overhead,timer_pair,243,0,0,0,0,0,-1
overhead,timer_pair,244,100,0,0,0,0,-1
overhead,timer_pair,245,0,0,0,0,0,-1
overhead,timer_pair,246,0,0,0,0,0,-1
overhead,timer_pair,247,100,0,0,0,0,-1
overhead,timer_pair,248,0,0,0,0,0,-1
overhead,timer_pair,249,0,0,0,0,0,-1
overhead,timer_pair,250,0,0,0,0,0,-1
overhead,timer_pair,251,0,0,0,0,0,-1
overhead,timer_pair,252,0,0,0,0,0,-1
overhead,timer_pair,253,100,0,0,0,0,-1
overhead,timer_pair,254,0,0,0,0,0,-1
overhead,timer_pair,255,100,0,0,0,0,-1
overhead,timer_pair,256,0,0,0,0,0,-1
overhead,timer_pair,257,0,0,0,0,0,-1
overhead,timer_pair,258,100,0,0,0,0,-1
overhead,timer_pair,259,0,0,0,0,0,-1
overhead,timer_pair,260,100,0,0,0,0,-1
overhead,timer_pair,261,0,0,0,0,0,-1
overhead,timer_pair,262,100,0,0,0,0,-1
overhead,timer_pair,263,0,0,0,0,0,-1
overhead,timer_pair,264,0,0,0,0,0,-1
overhead,timer_pair,265,0,0,0,0,0,-1
overhead,timer_pair,266,100,0,0,0,0,-1
overhead,timer_pair,267,0,0,0,0,0,-1
overhead,timer_pair,268,0,0,0,0,0,-1
overhead,timer_pair,269,0,0,0,0,0,-1
overhead,timer_pair,270,100,0,0,0,0,-1
overhead,timer_pair,271,0,0,0,0,0,-1
overhead,timer_pair,272,0,0,0,0,0,-1
overhead,timer_pair,273,100,0,0,0,0,-1
overhead,timer_pair,274,0,0,0,0,0,-1
overhead,timer_pair,275,0,0,0,0,0,-1
overhead,timer_pair,276,100,0,0,0,0,-1
overhead,timer_pair,277,0,0,0,0,0,-1
overhead,timer_pair,278,0,0,0,0,0,-1
overhead,timer_pair,279,0,0,0,0,0,-1
overhead,timer_pair,280,0,0,0,0,0,-1
overhead,timer_pair,281,100,0,0,0,0,-1
overhead,timer_pair,282,0,0,0,0,0,-1
overhead,timer_pair,283,0,0,0,0,0,-1
overhead,timer_pair,284,0,0,0,0,0,-1
overhead,timer_pair,285,0,0,0,0,0,-1
overhead,timer_pair,286,100,0,0,0,0,-1
overhead,timer_pair,287,0,0,0,0,0,-1
overhead,timer_pair,288,0,0,0,0,0,-1
overhead,timer_pair,289,0,0,0,0,0,-1
overhead,timer_pair,290,0,0,0,0,0,-1
overhead,timer_pair,291,100,0,0,0,0,-1
overhead,timer_pair,292,0,0,0,0,0,-1
overhead,timer_pair,293,100,0,0,0,0,-1
overhead,timer_pair,294,0,0,0,0,0,-1
overhead,timer_pair,295,100,0,0,0,0,-1
overhead,timer_pair,296,0,0,0,0,0,-1
overhead,timer_pair,297,0,0,0,0,0,-1
overhead,timer_pair,298,0,0,0,0,0,-1
overhead,timer_pair,299,0,0,0,0,0,-1
overhead,timer_pair,300,100,0,0,0,0,-1
overhead,timer_pair,301,0,0,0,0,0,-1
overhead,timer_pair,302,100,0,0,0,0,-1
overhead,timer_pair,303,0,0,0,0,0,-1
overhead,timer_pair,304,0,0,0,0,0,-1
overhead,timer_pair,305,100,0,0,0,0,-1
overhead,timer_pair,306,0,0,0,0,0,-1
overhead,timer_pair,307,0,0,0,0,0,-1
overhead,timer_pair,308,0,0,0,0,0,-1
overhead,timer_pair,309,100,0,0,0,0,-1
overhead,timer_pair,310,0,0,0,0,0,-1
overhead,timer_pair,311,100,0,0,0,0,-1
overhead,timer_pair,312,100,0,0,0,0,-1
overhead,timer_pair,313,0,0,0,0,0,-1
overhead,timer_pair,314,0,0,0,0,0,-1
overhead,timer_pair,315,0,0,0,0,0,-1
overhead,timer_pair,316,100,0,0,0,0,-1
overhead,timer_pair,317,0,0,0,0,0,-1
overhead,timer_pair,318,0,0,0,0,0,-1
overhead,timer_pair,319,0,0,0,0,0,-1
overhead,timer_pair,320,100,0,0,0,0,-1
overhead,timer_pair,321,0,0,0,0,0,-1
overhead,timer_pair,322,0,0,0,0,0,-1
overhead,timer_pair,323,0,0,0,0,0,-1
overhead,timer_pair,324,0,0,0,0,0,-1
overhead,timer_pair,325,0,0,0,0,0,-1
overhead,timer_pair,326,100,0,0,0,0,-1
overhead,timer_pair,327,0,0,0,0,0,-1
overhead,timer_pair,328,0,0,0,0,0,-1
overhead,timer_pair,329,0,0,0,0,0,-1
overhead,timer_pair,330,100,0,0,0,0,-1
overhead,timer_pair,331,0,0,0,0,0,-1
overhead,timer_pair,332,100,0,0,0,0,-1
overhead,timer_pair,333,0,0,0,0,0,-1
overhead,timer_pair,334,100,0,0,0,0,-1
overhead,timer_pair,335,100,0,0,0,0,-1
overhead,timer_pair,336,100,0,0,0,0,-1
overhead,timer_pair,337,0,0,0,0,0,-1
overhead,timer_pair,338,100,0,0,0,0,-1
overhead,timer_pair,339,100,0,0,0,0,-1
overhead,timer_pair,340,0,0,0,0,0,-1
overhead,timer_pair,341,100,0,0,0,0,-1
overhead,timer_pair,342,0,0,0,0,0,-1
overhead,timer_pair,343,100,0,0,0,0,-1
overhead,timer_pair,344,0,0,0,0,0,-1
overhead,timer_pair,345,0,0,0,0,0,-1
overhead,timer_pair,346,0,0,0,0,0,-1
overhead,timer_pair,347,0,0,0,0,0,-1
overhead,timer_pair,348,0,0,0,0,0,-1
overhead,timer_pair,349,100,0,0,0,0,-1
overhead,timer_pair,350,0,0,0,0,0,-1
overhead,timer_pair,351,100,0,0,0,0,-1
overhead,timer_pair,352,0,0,0,0,0,-1
overhead,timer_pair,353,0,0,0,0,0,-1
overhead,timer_pair,354,100,0,0,0,0,-1
overhead,timer_pair,355,100,0,0,0,0,-1
overhead,timer_pair,356,0,0,0,0,0,-1
overhead,timer_pair,357,0,0,0,0,0,-1
overhead,timer_pair,358,0,0,0,0,0,-1
overhead,timer_pair,359,0,0,0,0,0,-1
overhead,timer_pair,360,0,0,0,0,0,-1
overhead,timer_pair,361,100,0,0,0,0,-1
overhead,timer_pair,362,100,0,0,0,0,-1
overhead,timer_pair,363,100,0,0,0,0,-1
overhead,timer_pair,364,0,0,0,0,0,-1
overhead,timer_pair,365,0,0,0,0,0,-1
overhead,timer_pair,366,100,0,0,0,0,-1
overhead,timer_pair,367,0,0,0,0,0,-1
overhead,timer_pair,368,0,0,0,0,0,-1
overhead,timer_pair,369,0,0,0,0,0,-1
overhead,timer_pair,370,0,0,0,0,0,-1
overhead,timer_pair,371,0,0,0,0,0,-1
overhead,timer_pair,372,0,0,0,0,0,-1
overhead,timer_pair,373,0,0,0,0,0,-1
overhead,timer_pair,374,100,0,0,0,0,-1
overhead,timer_pair,375,0,0,0,0,0,-1
overhead,timer_pair,376,100,0,0,0,0,-1
overhead,timer_pair,377,0,0,0,0,0,-1
overhead,timer_pair,378,0,0,0,0,0,-1
overhead,timer_pair,379,0,0,0,0,0,-1
overhead,timer_pair,380,0,0,0,0,0,-1
overhead,timer_pair,381,0,0,0,0,0,-1
overhead,timer_pair,382,100,0,0,0,0,-1
overhead,timer_pair,383,0,0,0,0,0,-1
overhead,timer_pair,384,0,0,0,0,0,-1
overhead,timer_pair,385,0,0,0,0,0,-1
overhead,timer_pair,386,0,0,0,0,0,-1
overhead,timer_pair,387,100,0,0,0,0,-1
overhead,timer_pair,388,0,0,0,0,0,-1
overhead,timer_pair,389,100,0,0,0,0,-1
overhead,timer_pair,390,0,0,0,0,0,-1
overhead,timer_pair,391,100,0,0,0,0,-1
overhead,timer_pair,392,0,0,0,0,0,-1
overhead,timer_pair,393,0,0,0,0,0,-1
overhead,timer_pair,394,0,0,0,0,0,-1
overhead,timer_pair,395,0,0,0,0,0,-1
overhead,timer_pair,396,0,0,0,0,0,-1
overhead,timer_pair,397,0,0,0,0,0,-1
overhead,timer_pair,398,100,0,0,0,0,-1
overhead,timer_pair,399,0,0,0,0,0,-1
overhead,timer_pair,400,100,0,0,0,0,-1
overhead,timer_pair,401,0,0,0,0,0,-1
overhead,timer_pair,402,100,0,0,0,0,-1
overhead,timer_pair,403,0,0,0,0,0,-1
overhead,timer_pair,404,0,0,0,0,0,-1
overhead,timer_pair,405,0,0,0,0,0,-1
overhead,timer_pair,406,0,0,0,0,0,-1
overhead,timer_pair,407,100,0,0,0,0,-1
overhead,timer_pair,408,0,0,0,0,0,-1
overhead,timer_pair,409,0,0,0,0,0,-1
overhead,timer_pair,410,100,0,0,0,0,-1
overhead,timer_pair,411,100,0,0,0,0,-1
overhead,timer_pair,412,0,0,0,0,0,-1
overhead,timer_pair,413,0,0,0,0,0,-1
overhead,timer_pair,414,100,0,0,0,0,-1
overhead,timer_pair,415,0,0,0,0,0,-1
overhead,timer_pair,416,100,0,0,0,0,-1
overhead,timer_pair,417,0,0,0,0,0,-1
overhead,timer_pair,418,0,0,0,0,0,-1
overhead,timer_pair,419,100,0,0,0,0,-1
overhead,timer_pair,420,0,0,0,0,0,-1
overhead,timer_pair,421,0,0,0,0,0,-1
overhead,timer_pair,422,100,0,0,0,0,-1
overhead,timer_pair,423,0,0,0,0,0,-1
overhead,timer_pair,424,0,0,0,0,0,-1
overhead,timer_pair,425,0,0,0,0,0,-1
overhead,timer_pair,426,100,0,0,0,0,-1
overhead,timer_pair,427,0,0,0,0,0,-1
overhead,timer_pair,428,0,0,0,0,0,-1
overhead,timer_pair,429,0,0,0,0,0,-1
overhead,timer_pair,430,100,0,0,0,0,-1
overhead,timer_pair,431,0,0,0,0,0,-1
overhead,timer_pair,432,0,0,0,0,0,-1
overhead,timer_pair,433,0,0,0,0,0,-1
overhead,timer_pair,434,0,0,0,0,0,-1
overhead,timer_pair,435,0,0,0,0,0,-1
overhead,timer_pair,436,0,0,0,0,0,-1
overhead,timer_pair,437,0,0,0,0,0,-1
overhead,timer_pair,438,100,0,0,0,0,-1
overhead,timer_pair,439,0,0,0,0,0,-1
overhead,timer_pair,440,0,0,0,0,0,-1
overhead,timer_pair,441,0,0,0,0,0,-1
overhead,timer_pair,442,100,0,0,0,0,-1
overhead,timer_pair,443,0,0,0,0,0,-1
overhead,timer_pair,444,0,0,0,0,0,-1
overhead,timer_pair,445,100,0,0,0,0,-1
overhead,timer_pair,446,100,0,0,0,0,-1
overhead,timer_pair,447,100,0,0,0,0,-1
overhead,timer_pair,448,0,0,0,0,0,-1
overhead,timer_pair,449,0,0,0,0,0,-1
overhead,timer_pair,450,100,0,0,0,0,-1
overhead,timer_pair,451,0,0,0,0,0,-1
overhead,timer_pair,452,0,0,0,0,0,-1
overhead,timer_pair,453,0,0,0,0,0,-1
overhead,timer_pair,454,100,0,0,0,0,-1
overhead,timer_pair,455,0,0,0,0,0,-1
overhead,timer_pair,456,100,0,0,0,0,-1
overhead,timer_pair,457,0,0,0,0,0,-1
overhead,timer_pair,458,100,0,0,0,0,-1
overhead,timer_pair,459,0,0,0,0,0,-1
overhead,timer_pair,460,100,0,0,0,0,-1
overhead,timer_pair,461,100,0,0,0,0,-1
overhead,timer_pair,462,0,0,0,0,0,-1
overhead,timer_pair,463,100,0,0,0,0,-1
overhead,timer_pair,464,100,0,0,0,0,-1
overhead,timer_pair,465,0,0,0,0,0,-1
overhead,timer_pair,466,100,0,0,0,0,-1
overhead,timer_pair,467,0,0,0,0,0,-1
overhead,timer_pair,468,0,0,0,0,0,-1
overhead,timer_pair,469,100,0,0,0,0,-1
overhead,timer_pair,470,0,0,0,0,0,-1
overhead,timer_pair,471,100,0,0,0,0,-1
overhead,timer_pair,472,0,0,0,0,0,-1
overhead,timer_pair,473,0,0,0,0,0,-1
overhead,timer_pair,474,0,0,0,0,0,-1
overhead,timer_pair,475,0,0,0,0,0,-1
overhead,timer_pair,476,100,0,0,0,0,-1
overhead,timer_pair,477,0,0,0,0,0,-1
overhead,timer_pair,478,100,0,0,0,0,-1
overhead,timer_pair,479,0,0,0,0,0,-1
overhead,timer_pair,480,0,0,0,0,0,-1
overhead,timer_pair,481,100,0,0,0,0,-1
overhead,timer_pair,482,100,0,0,0,0,-1
overhead,timer_pair,483,100,0,0,0,0,-1
overhead,timer_pair,484,100,0,0,0,0,-1
overhead,timer_pair,485,100,0,0,0,0,-1
overhead,timer_pair,486,0,0,0,0,0,-1
overhead,timer_pair,487,100,0,0,0,0,-1
overhead,timer_pair,488,0,0,0,0,0,-1
overhead,timer_pair,489,100,0,0,0,0,-1
overhead,timer_pair,490,100,0,0,0,0,-1
overhead,timer_pair,491,100,0,0,0,0,-1
overhead,timer_pair,492,100,0,0,0,0,-1
overhead,timer_pair,493,100,0,0,0,0,-1
overhead,timer_pair,494,100,0,0,0,0,-1
overhead,timer_pair,495,100,0,0,0,0,-1
overhead,timer_pair,496,0,0,0,0,0,-1
overhead,timer_pair,497,0,0,0,0,0,-1
overhead,timer_pair,498,0,0,0,0,0,-1
overhead,timer_pair,499,0,0,0,0,0,-1
overhead,timer_pair,500,0,0,0,0,0,-1
overhead,timer_pair,501,0,0,0,0,0,-1
overhead,timer_pair,502,0,0,0,0,0,-1
overhead,timer_pair,503,0,0,0,0,0,-1
overhead,timer_pair,504,0,0,0,0,0,-1
overhead,timer_pair,505,0,0,0,0,0,-1
overhead,timer_pair,506,0,0,0,0,0,-1
overhead,timer_pair,507,0,0,0,0,0,-1
overhead,timer_pair,508,0,0,0,0,0,-1
overhead,timer_pair,509,0,0,0,0,0,-1
overhead,timer_pair,510,0,0,0,0,0,-1
overhead,timer_pair,511,0,0,0,0,0,-1
overhead,timer_pair,512,0,0,0,0,0,-1
overhead,timer_pair,513,0,0,0,0,0,-1
overhead,timer_pair,514,100,0,0,0,0,-1
overhead,timer_pair,515,0,0,0,0,0,-1
overhead,timer_pair,516,0,0,0,0,0,-1
overhead,timer_pair,517,100,0,0,0,0,-1
overhead,timer_pair,518,0,0,0,0,0,-1
overhead,timer_pair,519,0,0,0,0,0,-1
overhead,timer_pair,520,0,0,0,0,0,-1
overhead,timer_pair,521,0,0,0,0,0,-1
overhead,timer_pair,522,0,0,0,0,0,-1
overhead,timer_pair,523,100,0,0,0,0,-1
overhead,timer_pair,524,0,0,0,0,0,-1
overhead,timer_pair,525,100,0,0,0,0,-1
overhead,timer_pair,526,0,0,0,0,0,-1
overhead,timer_pair,527,100,0,0,0,0,-1
overhead,timer_pair,528,0,0,0,0,0,-1
overhead,timer_pair,529,0,0,0,0,0,-1
overhead,timer_pair,530,100,0,0,0,0,-1
overhead,timer_pair,531,0,0,0,0,0,-1
overhead,timer_pair,532,0,0,0,0,0,-1
overhead,timer_pair,533,100,0,0,0,0,-1
overhead,timer_pair,534,0,0,0,0,0,-1
overhead,timer_pair,535,0,0,0,0,0,-1
overhead,timer_pair,536,100,0,0,0,0,-1
overhead,timer_pair,537,0,0,0,0,0,-1
overhead,timer_pair,538,0,0,0,0,0,-1
overhead,timer_pair,539,0,0,0,0,0,-1
overhead,timer_pair,540,100,0,0,0,0,-1
overhead,timer_pair,541,0,0,0,0,0,-1
overhead,timer_pair,542,0,0,0,0,0,-1
overhead,timer_pair,543,100,0,0,0,0,-1
overhead,timer_pair,544,0,0,0,0,0,-1
overhead,timer_pair,545,0,0,0,0,0,-1
overhead,timer_pair,546,0,0,0,0,0,-1
overhead,timer_pair,547,100,0,0,0,0,-1
overhead,timer_pair,548,100,0,0,0,0,-1
overhead,timer_pair,549,100,0,0,0,0,-1
overhead,timer_pair,550,0,0,0,0,0,-1
overhead,timer_pair,551,0,0,0,0,0,-1
overhead,timer_pair,552,0,0,0,0,0,-1
overhead,timer_pair,553,0,0,0,0,0,-1
overhead,timer_pair,554,0,0,0,0,0,-1
overhead,timer_pair,555,100,0,0,0,0,-1
overhead,timer_pair,556,0,0,0,0,0,-1
overhead,timer_pair,557,100,0,0,0,0,-1
overhead,timer_pair,558,0,0,0,0,0,-1
overhead,timer_pair,559,0,0,0,0,0,-1
overhead,timer_pair,560,0,0,0,0,0,-1
overhead,timer_pair,561,100,0,0,0,0,-1
overhead,timer_pair,562,0,0,0,0,0,-1
overhead,timer_pair,563,0,0,0,0,0,-1
overhead,timer_pair,564,100,0,0,0,0,-1
overhead,timer_pair,565,0,0,0,0,0,-1
overhead,timer_pair,566,0,0,0,0,0,-1
overhead,timer_pair,567,100,0,0,0,0,-1
overhead,timer_pair,568,0,0,0,0,0,-1
overhead,timer_pair,569,100,0,0,0,0,-1
overhead,timer_pair,570,0,0,0,0,0,-1
overhead,timer_pair,571,0,0,0,0,0,-1
overhead,timer_pair,572,0,0,0,0,0,-1
overhead,timer_pair,573,0,0,0,0,0,-1
overhead,timer_pair,574,100,0,0,0,0,-1
overhead,timer_pair,575,0,0,0,0,0,-1
overhead,timer_pair,576,100,0,0,0,0,-1
overhead,timer_pair,577,0,0,0,0,0,-1
overhead,timer_pair,578,100,0,0,0,0,-1
overhead,timer_pair,579,0,0,0,0,0,-1
overhead,timer_pair,580,100,0,0,0,0,-1
overhead,timer_pair,581,0,0,0,0,0,-1
overhead,timer_pair,582,0,0,0,0,0,-1
overhead,timer_pair,583,100,0,0,0,0,-1
overhead,timer_pair,584,100,0,0,0,0,-1
overhead,timer_pair,585,0,0,0,0,0,-1
overhead,timer_pair,586,0,0,0,0,0,-1
overhead,timer_pair,587,0,0,0,0,0,-1
overhead,timer_pair,588,0,0,0,0,0,-1
overhead,timer_pair,589,0,0,0,0,0,-1
overhead,timer_pair,590,100,0,0,0,0,-1
overhead,timer_pair,591,0,0,0,0,0,-1
overhead,timer_pair,592,100,0,0,0,0,-1
overhead,timer_pair,593,0,0,0,0,0,-1
overhead,timer_pair,594,0,0,0,0,0,-1
overhead,timer_pair,595,0,0,0,0,0,-1
overhead,timer_pair,596,0,0,0,0,0,-1
overhead,timer_pair,597,100,0,0,0,0,-1
overhead,timer_pair,598,100,0,0,0,0,-1
overhead,timer_pair,599,0,0,0,0,0,-1
overhead,timer_pair,600,100,0,0,0,0,-1
overhead,timer_pair,601,0,0,0,0,0,-1
overhead,timer_pair,602,0,0,0,0,0,-1
overhead,timer_pair,603,0,0,0,0,0,-1
overhead,timer_pair,604,0,0,0,0,0,-1
overhead,timer_pair,605,0,0,0,0,0,-1
overhead,timer_pair,606,0,0,0,0,0,-1
overhead,timer_pair,607,100,0,0,0,0,-1
overhead,timer_pair,608,0,0,0,0,0,-1
overhead,timer_pair,609,0,0,0,0,0,-1
overhead,timer_pair,610,100,0,0,0,0,-1
overhead,timer_pair,611,0,0,0,0,0,-1
overhead,timer_pair,612,100,0,0,0,0,-1
overhead,timer_pair,613,0,0,0,0,0,-1
overhead,timer_pair,614,100,0,0,0,0,-1
overhead,timer_pair,615,0,0,0,0,0,-1
overhead,timer_pair,616,0,0,0,0,0,-1
overhead,timer_pair,617,100,0,0,0,0,-1
overhead,timer_pair,618,0,0,0,0,0,-1
overhead,timer_pair,619,0,0,0,0,0,-1
overhead,timer_pair,620,0,0,0,0,0,-1
overhead,timer_pair,621,100,0,0,0,0,-1
overhead,timer_pair,622,0,0,0,0,0,-1
overhead,timer_pair,623,0,0,0,0,0,-1
overhead,timer_pair,624,0,0,0,0,0,-1
overhead,timer_pair,625,0,0,0,0,0,-1
overhead,timer_pair,626,0,0,0,0,0,-1
overhead,timer_pair,627,0,0,0,0,0,-1
overhead,timer_pair,628,100,0,0,0,0,-1
overhead,timer_pair,629,0,0,0,0,0,-1
overhead,timer_pair,630,0,0,0,0,0,-1
overhead,timer_pair,631,0,0,0,0,0,-1
overhead,timer_pair,632,100,0,0,0,0,-1
overhead,timer_pair,633,100,0,0,0,0,-1
overhead,timer_pair,634,100,0,0,0,0,-1
overhead,timer_pair,635,0,0,0,0,0,-1
overhead,timer_pair,636,0,0,0,0,0,-1
overhead,timer_pair,637,0,0,0,0,0,-1
overhead,timer_pair,638,0,0,0,0,0,-1
overhead,timer_pair,639,100,0,0,0,0,-1
overhead,timer_pair,640,0,0,0,0,0,-1
overhead,timer_pair,641,0,0,0,0,0,-1
overhead,timer_pair,642,0,0,0,0,0,-1
overhead,timer_pair,643,100,0,0,0,0,-1
overhead,timer_pair,644,0,0,0,0,0,-1
overhead,timer_pair,645,0,0,0,0,0,-1
overhead,timer_pair,646,0,0,0,0,0,-1
overhead,timer_pair,647,100,0,0,0,0,-1
overhead,timer_pair,648,0,0,0,0,0,-1
overhead,timer_pair,649,0,0,0,0,0,-1
overhead,timer_pair,650,0,0,0,0,0,-1
overhead,timer_pair,651,0,0,0,0,0,-1
overhead,timer_pair,652,100,0,0,0,0,-1
overhead,timer_pair,653,0,0,0,0,0,-1
overhead,timer_pair,654,0,0,0,0,0,-1
overhead,timer_pair,655,0,0,0,0,0,-1
overhead,timer_pair,656,0,0,0,0,0,-1
overhead,timer_pair,657,0,0,0,0,0,-1
overhead,timer_pair,658,0,0,0,0,0,-1
overhead,timer_pair,659,100,0,0,0,0,-1
overhead,timer_pair,660,100,0,0,0,0,-1
overhead,timer_pair,661,0,0,0,0,0,-1
overhead,timer_pair,662,100,0,0,0,0,-1
overhead,timer_pair,663,0,0,0,0,0,-1
overhead,timer_pair,664,100,0,0,0,0,-1
overhead,timer_pair,665,0,0,0,0,0,-1
overhead,timer_pair,666,100,0,0,0,0,-1
overhead,timer_pair,667,0,0,0,0,0,-1
overhead,timer_pair,668,100,0,0,0,0,-1
overhead,timer_pair,669,0,0,0,0,0,-1
overhead,timer_pair,670,100,0,0,0,0,-1
overhead,timer_pair,671,0,0,0,0,0,-1
overhead,timer_pair,672,0,0,0,0,0,-1
overhead,timer_pair,673,0,0,0,0,0,-1
overhead,timer_pair,674,0,0,0,0,0,-1
overhead,timer_pair,675,0,0,0,0,0,-1
overhead,timer_pair,676,100,0,0,0,0,-1
overhead,timer_pair,677,0,0,0,0,0,-1
overhead,timer_pair,678,100,0,0,0,0,-1
overhead,timer_pair,679,0,0,0,0,0,-1
overhead,timer_pair,680,100,0,0,0,0,-1
overhead,timer_pair,681,0,0,0,0,0,-1
overhead,timer_pair,682,0,0,0,0,0,-1
overhead,timer_pair,683,0,0,0,0,0,-1
overhead,timer_pair,684,0,0,0,0,0,-1
overhead,timer_pair,685,0,0,0,0,0,-1
overhead,timer_pair,686,0,0,0,0,0,-1
overhead,timer_pair,687,0,0,0,0,0,-1
overhead,timer_pair,688,0,0,0,0,0,-1
overhead,timer_pair,689,0,0,0,0,0,-1
overhead,timer_pair,690,0,0,0,0,0,-1
overhead,timer_pair,691,0,0,0,0,0,-1
overhead,timer_pair,692,100,0,0,0,0,-1
overhead,timer_pair,693,0,0,0,0,0,-1
overhead,timer_pair,694,100,0,0,0,0,-1
overhead,timer_pair,695,100,0,0,0,0,-1
overhead,timer_pair,696,100,0,0,0,0,-1
overhead,timer_pair,697,100,0,0,0,0,-1
overhead,timer_pair,698,0,0,0,0,0,-1
overhead,timer_pair,699,0,0,0,0,0,-1
overhead,timer_pair,700,0,0,0,0,0,-1
overhead,timer_pair,701,0,0,0,0,0,-1
overhead,timer_pair,702,100,0,0,0,0,-1
overhead,timer_pair,703,100,0,0,0,0,-1
overhead,timer_pair,704,0,0,0,0,0,-1
overhead,timer_pair,705,0,0,0,0,0,-1
overhead,timer_pair,706,100,0,0,0,0,-1
overhead,timer_pair,707,100,0,0,0,0,-1
overhead,timer_pair,708,0,0,0,0,0,-1
overhead,timer_pair,709,100,0,0,0,0,-1
overhead,timer_pair,710,0,0,0,0,0,-1
overhead,timer_pair,711,0,0,0,0,0,-1
overhead,timer_pair,712,0,0,0,0,0,-1
overhead,timer_pair,713,0,0,0,0,0,-1
overhead,timer_pair,714,0,0,0,0,0,-1
overhead,timer_pair,715,0,0,0,0,0,-1
overhead,timer_pair,716,100,0,0,0,0,-1
overhead,timer_pair,717,0,0,0,0,0,-1
overhead,timer_pair,718,0,0,0,0,0,-1
overhead,timer_pair,719,100,0,0,0,0,-1
overhead,timer_pair,720,0,0,0,0,0,-1
overhead,timer_pair,721,0,0,0,0,0,-1
overhead,timer_pair,722,0,0,0,0,0,-1
overhead,timer_pair,723,0,0,0,0,0,-1
overhead,timer_pair,724,0,0,0,0,0,-1
overhead,timer_pair,725,100,0,0,0,0,-1
overhead,timer_pair,726,0,0,0,0,0,-1
overhead,timer_pair,727,0,0,0,0,0,-1
overhead,timer_pair,728,0,0,0,0,0,-1
overhead,timer_pair,729,100,0,0,0,0,-1
overhead,timer_pair,730,0,0,0,0,0,-1
overhead,timer_pair,731,0,0,0,0,0,-1
overhead,timer_pair,732,0,0,0,0,0,-1
overhead,timer_pair,733,0,0,0,0,0,-1
overhead,timer_pair,734,0,0,0,0,0,-1
overhead,timer_pair,735,0,0,0,0,0,-1
overhead,timer_pair,736,0,0,0,0,0,-1
overhead,timer_pair,737,0,0,0,0,0,-1
overhead,timer_pair,738,0,0,0,0,0,-1
overhead,timer_pair,739,0,0,0,0,0,-1
overhead,timer_pair,740,0,0,0,0,0,-1
overhead,timer_pair,741,0,0,0,0,0,-1
overhead,timer_pair,742,100,0,0,0,0,-1
overhead,timer_pair,743,0,0,0,0,0,-1
overhead,timer_pair,744,0,0,0,0,0,-1
overhead,timer_pair,745,0,0,0,0,0,-1
overhead,timer_pair,746,0,0,0,0,0,-1
overhead,timer_pair,747,0,0,0,0,0,-1
overhead,timer_pair,748,0,0,0,0,0,-1
overhead,timer_pair,749,0,0,0,0,0,-1
overhead,timer_pair,750,100,0,0,0,0,-1
overhead,timer_pair,751,0,0,0,0,0,-1
overhead,timer_pair,752,0,0,0,0,0,-1
overhead,timer_pair,753,0,0,0,0,0,-1
overhead,timer_pair,754,100,0,0,0,0,-1
overhead,timer_pair,755,0,0,0,0,0,-1
overhead,timer_pair,756,0,0,0,0,0,-1
overhead,timer_pair,757,100,0,0,0,0,-1
overhead,timer_pair,758,0,0,0,0,0,-1
overhead,timer_pair,759,0,0,0,0,0,-1
overhead,timer_pair,760,0,0,0,0,0,-1
overhead,timer_pair,761,100,0,0,0,0,-1
overhead,timer_pair,762,0,0,0,0,0,-1
overhead,timer_pair,763,0,0,0,0,0,-1
overhead,timer_pair,764,100,0,0,0,0,-1
overhead,timer_pair,765,0,0,0,0,0,-1
overhead,timer_pair,766,100,0,0,0,0,-1
overhead,timer_pair,767,0,0,0,0,0,-1
overhead,timer_pair,768,100,0,0,0,0,-1
overhead,timer_pair,769,0,0,0,0,0,-1
overhead,timer_pair,770,100,0,0,0,0,-1
overhead,timer_pair,771,0,0,0,0,0,-1
overhead,timer_pair,772,100,0,0,0,0,-1
overhead,timer_pair,773,0,0,0,0,0,-1
overhead,timer_pair,774,0,0,0,0,0,-1
overhead,timer_pair,775,100,0,0,0,0,-1
overhead,timer_pair,776,0,0,0,0,0,-1
overhead,timer_pair,777,100,0,0,0,0,-1
overhead,timer_pair,778,0,0,0,0,0,-1
overhead,timer_pair,779,100,0,0,0,0,-1
overhead,timer_pair,780,0,0,0,0,0,-1
overhead,timer_pair,781,0,0,0,0,0,-1
overhead,timer_pair,782,100,0,0,0,0,-1
overhead,timer_pair,783,0,0,0,0,0,-1
overhead,timer_pair,784,0,0,0,0,0,-1
overhead,timer_pair,785,100,0,0,0,0,-1
overhead,timer_pair,786,0,0,0,0,0,-1
overhead,timer_pair,787,0,0,0,0,0,-1
overhead,timer_pair,788,0,0,0,0,0,-1
overhead,timer_pair,789,100,0,0,0,0,-1
overhead,timer_pair,790,0,0,0,0,0,-1
overhead,timer_pair,791,100,0,0,0,0,-1
overhead,timer_pair,792,0,0,0,0,0,-1
overhead,timer_pair,793,0,0,0,0,0,-1
overhead,timer_pair,794,0,0,0,0,0,-1
overhead,timer_pair,795,0,0,0,0,0,-1
overhead,timer_pair,796,0,0,0,0,0,-1
overhead,timer_pair,797,100,0,0,0,0,-1
overhead,timer_pair,798,0,0,0,0,0,-1
overhead,timer_pair,799,100,0,0,0,0,-1
overhead,timer_pair,800,100,0,0,0,0,-1
overhead,timer_pair,801,100,0,0,0,0,-1
overhead,timer_pair,802,0,0,0,0,0,-1
overhead,timer_pair,803,0,0,0,0,0,-1
overhead,timer_pair,804,0,0,0,0,0,-1
overhead,timer_pair,805,100,0,0,0,0,-1
overhead,timer_pair,806,0,0,0,0,0,-1
overhead,timer_pair,807,0,0,0,0,0,-1
overhead,timer_pair,808,100,0,0,0,0,-1
overhead,timer_pair,809,0,0,0,0,0,-1
overhead,timer_pair,810,100,0,0,0,0,-1
overhead,timer_pair,811,0,0,0,0,0,-1
overhead,timer_pair,812,100,0,0,0,0,-1
overhead,timer_pair,813,0,0,0,0,0,-1
overhead,timer_pair,814,0,0,0,0,0,-1
overhead,timer_pair,815,100,0,0,0,0,-1
overhead,timer_pair,816,100,0,0,0,0,-1
overhead,timer_pair,817,100,0,0,0,0,-1
overhead,timer_pair,818,0,0,0,0,0,-1
overhead,timer_pair,819,0,0,0,0,0,-1
overhead,timer_pair,820,100,0,0,0,0,-1
overhead,timer_pair,821,0,0,0,0,0,-1
overhead,timer_pair,822,0,0,0,0,0,-1
overhead,timer_pair,823,100,0,0,0,0,-1
overhead,timer_pair,824,0,0,0,0,0,-1
overhead,timer_pair,825,100,0,0,0,0,-1
overhead,timer_pair,826,0,0,0,0,0,-1
overhead,timer_pair,827,100,0,0,0,0,-1
overhead,timer_pair,828,0,0,0,0,0,-1
overhead,timer_pair,829,0,0,0,0,0,-1
overhead,timer_pair,830,100,0,0,0,0,-1
overhead,timer_pair,831,0,0,0,0,0,-1
overhead,timer_pair,832,0,0,0,0,0,-1
overhead,timer_pair,833,0,0,0,0,0,-1
overhead,timer_pair,834,0,0,0,0,0,-1
overhead,timer_pair,835,0,0,0,0,0,-1
overhead,timer_pair,836,0,0,0,0,0,-1
overhead,timer_pair,837,100,0,0,0,0,-1
overhead,timer_pair,838,0,0,0,0,0,-1
overhead,timer_pair,839,0,0,0,0,0,-1
overhead,timer_pair,840,0,0,0,0,0,-1
overhead,timer_pair,841,0,0,0,0,0,-1
overhead,timer_pair,842,100,0,0,0,0,-1
overhead,timer_pair,843,0,0,0,0,0,-1
overhead,timer_pair,844,100,0,0,0,0,-1
overhead,timer_pair,845,0,0,0,0,0,-1
overhead,timer_pair,846,0,0,0,0,0,-1
overhead,timer_pair,847,100,0,0,0,0,-1
overhead,timer_pair,848,0,0,0,0,0,-1
overhead,timer_pair,849,100,0,0,0,0,-1
overhead,timer_pair,850,0,0,0,0,0,-1
overhead,timer_pair,851,0,0,0,0,0,-1
overhead,timer_pair,852,100,0,0,0,0,-1
overhead,timer_pair,853,100,0,0,0,0,-1
overhead,timer_pair,854,0,0,0,0,0,-1
overhead,timer_pair,855,100,0,0,0,0,-1
overhead,timer_pair,856,100,0,0,0,0,-1
overhead,timer_pair,857,0,0,0,0,0,-1
overhead,timer_pair,858,0,0,0,0,0,-1
overhead,timer_pair,859,0,0,0,0,0,-1
overhead,timer_pair,860,0,0,0,0,0,-1
overhead,timer_pair,861,0,0,0,0,0,-1
overhead,timer_pair,862,100,0,0,0,0,-1
overhead,timer_pair,863,0,0,0,0,0,-1
overhead,timer_pair,864,100,0,0,0,0,-1
overhead,timer_pair,865,100,0,0,0,0,-1
overhead,timer_pair,866,100,0,0,0,0,-1
overhead,timer_pair,867,0,0,0,0,0,-1
overhead,timer_pair,868,0,0,0,0,0,-1
overhead,timer_pair,869,0,0,0,0,0,-1
overhead,timer_pair,870,100,0,0,0,0,-1
overhead,timer_pair,871,0,0,0,0,0,-1
overhead,timer_pair,872,0,0,0,0,0,-1
overhead,timer_pair,873,0,0,0,0,0,-1
overhead,timer_pair,874,0,0,0,0,0,-1
overhead,timer_pair,875,0,0,0,0,0,-1
overhead,timer_pair,876,0,0,0,0,0,-1
overhead,timer_pair,877,100,0,0,0,0,-1
overhead,timer_pair,878,0,0,0,0,0,-1
overhead,timer_pair,879,0,0,0,0,0,-1
overhead,timer_pair,880,0,0,0,0,0,-1
overhead,timer_pair,881,100,0,0,0,0,-1
overhead,timer_pair,882,0,0,0,0,0,-1
overhead,timer_pair,883,0,0,0,0,0,-1
overhead,timer_pair,884,100,0,0,0,0,-1
overhead,timer_pair,885,0,0,0,0,0,-1
overhead,timer_pair,886,0,0,0,0,0,-1
overhead,timer_pair,887,0,0,0,0,0,-1
overhead,timer_pair,888,0,0,0,0,0,-1
overhead,timer_pair,889,100,0,0,0,0,-1
overhead,timer_pair,890,0,0,0,0,0,-1
overhead,timer_pair,891,100,0,0,0,0,-1
overhead,timer_pair,892,0,0,0,0,0,-1
overhead,timer_pair,893,0,0,0,0,0,-1
overhead,timer_pair,894,0,0,0,0,0,-1
overhead,timer_pair,895,0,0,0,0,0,-1
overhead,timer_pair,896,0,0,0,0,0,-1
overhead,timer_pair,897,0,0,0,0,0,-1
overhead,timer_pair,898,0,0,0,0,0,-1
overhead,timer_pair,899,100,0,0,0,0,-1
overhead,timer_pair,900,0,0,0,0,0,-1
overhead,timer_pair,901,0,0,0,0,0,-1
overhead,timer_pair,902,0,0,0,0,0,-1
overhead,timer_pair,903,0,0,0,0,0,-1
overhead,timer_pair,904,100,0,0,0,0,-1
overhead,timer_pair,905,0,0,0,0,0,-1
overhead,timer_pair,906,0,0,0,0,0,-1
overhead,timer_pair,907,0,0,0,0,0,-1
overhead,timer_pair,908,0,0,0,0,0,-1
overhead,timer_pair,909,100,0,0,0,0,-1
overhead,timer_pair,910,0,0,0,0,0,-1
overhead,timer_pair,911,0,0,0,0,0,-1
overhead,timer_pair,912,100,0,0,0,0,-1
overhead,timer_pair,913,0,0,0,0,0,-1
overhead,timer_pair,914,0,0,0,0,0,-1
overhead,timer_pair,915,0,0,0,0,0,-1
overhead,timer_pair,916,0,0,0,0,0,-1
overhead,timer_pair,917,100,0,0,0,0,-1
overhead,timer_pair,918,0,0,0,0,0,-1
overhead,timer_pair,919,0,0,0,0,0,-1
overhead,timer_pair,920,0,0,0,0,0,-1
overhead,timer_pair,921,100,0,0,0,0,-1
overhead,timer_pair,922,100,0,0,0,0,-1
overhead,timer_pair,923,0,0,0,0,0,-1
overhead,timer_pair,924,100,0,0,0,0,-1
overhead,timer_pair,925,100,0,0,0,0,-1
overhead,timer_pair,926,0,0,0,0,0,-1
overhead,timer_pair,927,0,0,0,0,0,-1
overhead,timer_pair,928,0,0,0,0,0,-1
overhead,timer_pair,929,0,0,0,0,0,-1
overhead,timer_pair,930,0,0,0,0,0,-1
overhead,timer_pair,931,100,0,0,0,0,-1
overhead,timer_pair,932,0,0,0,0,0,-1
overhead,timer_pair,933,0,0,0,0,0,-1
overhead,timer_pair,934,100,0,0,0,0,-1
overhead,timer_pair,935,100,0,0,0,0,-1
overhead,timer_pair,936,100,0,0,0,0,-1
overhead,timer_pair,937,0,0,0,0,0,-1
overhead,timer_pair,938,0,0,0,0,0,-1
overhead,timer_pair,939,0,0,0,0,0,-1
overhead,timer_pair,940,100,0,0,0,0,-1
overhead,timer_pair,941,0,0,0,0,0,-1
overhead,timer_pair,942,0,0,0,0,0,-1
overhead,timer_pair,943,100,0,0,0,0,-1
overhead,timer_pair,944,0,0,0,0,0,-1
overhead,timer_pair,945,0,0,0,0,0,-1
overhead,timer_pair,946,0,0,0,0,0,-1
overhead,timer_pair,947,0,0,0,0,0,-1
overhead,timer_pair,948,0,0,0,0,0,-1
overhead,timer_pair,949,100,0,0,0,0,-1
overhead,timer_pair,950,100,0,0,0,0,-1
overhead,timer_pair,951,0,0,0,0,0,-1
overhead,timer_pair,952,0,0,0,0,0,-1
overhead,timer_pair,953,0,0,0,0,0,-1
overhead,timer_pair,954,100,0,0,0,0,-1
overhead,timer_pair,955,0,0,0,0,0,-1
overhead,timer_pair,956,0,0,0,0,0,-1
overhead,timer_pair,957,0,0,0,0,0,-1
overhead,timer_pair,958,100,0,0,0,0,-1
overhead,timer_pair,959,0,0,0,0,0,-1
overhead,timer_pair,960,100,0,0,0,0,-1
overhead,timer_pair,961,0,0,0,0,0,-1
overhead,timer_pair,962,0,0,0,0,0,-1
overhead,timer_pair,963,0,0,0,0,0,-1
overhead,timer_pair,964,100,0,0,0,0,-1
overhead,timer_pair,965,0,0,0,0,0,-1
overhead,timer_pair,966,0,0,0,0,0,-1
overhead,timer_pair,967,0,0,0,0,0,-1
overhead,timer_pair,968,0,0,0,0,0,-1
overhead,timer_pair,969,0,0,0,0,0,-1
overhead,timer_pair,970,0,0,0,0,0,-1
overhead,timer_pair,971,0,0,0,0,0,-1
overhead,timer_pair,972,0,0,0,0,0,-1
overhead,timer_pair,973,100,0,0,0,0,-1
overhead,timer_pair,974,0,0,0,0,0,-1
overhead,timer_pair,975,0,0,0,0,0,-1
overhead,timer_pair,976,100,0,0,0,0,-1
overhead,timer_pair,977,0,0,0,0,0,-1
overhead,timer_pair,978,100,0,0,0,0,-1
overhead,timer_pair,979,0,0,0,0,0,-1
overhead,timer_pair,980,100,0,0,0,0,-1
overhead,timer_pair,981,0,0,0,0,0,-1
overhead,timer_pair,982,100,0,0,0,0,-1
overhead,timer_pair,983,100,0,0,0,0,-1
overhead,timer_pair,984,100,0,0,0,0,-1
overhead,timer_pair,985,0,0,0,0,0,-1
overhead,timer_pair,986,100,0,0,0,0,-1
overhead,timer_pair,987,0,0,0,0,0,-1
overhead,timer_pair,988,0,0,0,0,0,-1
overhead,timer_pair,989,100,0,0,0,0,-1
overhead,timer_pair,990,0,0,0,0,0,-1
overhead,timer_pair,991,0,0,0,0,0,-1
overhead,timer_pair,992,100,0,0,0,0,-1
overhead,timer_pair,993,0,0,0,0,0,-1
overhead,timer_pair,994,100,0,0,0,0,-1
overhead,timer_pair,995,0,0,0,0,0,-1
overhead,timer_pair,996,0,0,0,0,0,-1
overhead,timer_pair,997,0,0,0,0,0,-1
overhead,timer_pair,998,100,0,0,0,0,-1
overhead,timer_pair,999,0,0,0,0,0,-1
poster,first_path_decode,0,1081600,1,0,1,0,-1
poster,first_path_decode,1,753500,1,0,1,0,-1
poster,first_path_decode,2,781200,1,0,1,0,-1
poster,first_path_decode,3,882000,1,0,1,0,-1
poster,first_path_decode,4,861000,1,0,1,0,-1
poster,first_path_decode,5,915600,1,0,1,0,-1
poster,first_path_decode,6,886400,1,0,1,0,-1
poster,first_path_decode,7,896900,1,0,1,0,-1
poster,first_path_decode,8,873100,1,0,1,0,-1
poster,first_path_decode,9,922900,1,0,1,0,-1
poster,first_path_decode,10,882500,1,0,1,0,-1
poster,first_path_decode,11,899400,1,0,1,0,-1
poster,first_path_decode,12,935700,1,0,1,0,-1
poster,first_path_decode,13,948000,1,0,1,0,-1
poster,first_path_decode,14,946400,1,0,1,0,-1
poster,first_path_decode,15,933600,1,0,1,0,-1
poster,first_path_decode,16,883900,1,0,1,0,-1
poster,first_path_decode,17,809000,1,0,1,0,-1
poster,first_path_decode,18,908800,1,0,1,0,-1
poster,first_path_decode,19,1067400,1,0,1,0,-1
poster,first_path_decode,20,868300,1,0,1,0,-1
poster,first_path_decode,21,947900,1,0,1,0,-1
poster,first_path_decode,22,1060400,1,0,1,0,-1
poster,first_path_decode,23,992600,1,0,1,0,-1
poster,first_path_decode,24,1018800,1,0,1,0,-1
poster,first_path_decode,25,1019700,1,0,1,0,-1
poster,first_path_decode,26,1015000,1,0,1,0,-1
poster,first_path_decode,27,995000,1,0,1,0,-1
poster,first_path_decode,28,1013400,1,0,1,0,-1
poster,first_path_decode,29,984600,1,0,1,0,-1
poster,first_path_decode,30,1024200,1,0,1,0,-1
poster,first_path_decode,31,1040900,1,0,1,0,-1
poster,first_path_decode,32,1142200,1,0,1,0,-1
poster,first_path_decode,33,1012300,1,0,1,0,-1
poster,first_path_decode,34,1061000,1,0,1,0,-1
poster,first_path_decode,35,1022900,1,0,1,0,-1
poster,first_path_decode,36,1029900,1,0,1,0,-1
poster,first_path_decode,37,1071100,1,0,1,0,-1
poster,first_path_decode,38,1049400,1,0,1,0,-1
poster,first_path_decode,39,991900,1,0,1,0,-1
poster,first_path_decode,40,993400,1,0,1,0,-1
poster,first_path_decode,41,1029300,1,0,1,0,-1
poster,first_path_decode,42,1187600,1,0,1,0,-1
poster,first_path_decode,43,1097600,1,0,1,0,-1
poster,first_path_decode,44,1006900,1,0,1,0,-1
poster,first_path_decode,45,1026100,1,0,1,0,-1
poster,first_path_decode,46,1017700,1,0,1,0,-1
poster,first_path_decode,47,1024400,1,0,1,0,-1
poster,first_path_decode,48,1105700,1,0,1,0,-1
poster,first_path_decode,49,1042800,1,0,1,0,-1
poster,first_path_decode,50,1026500,1,0,1,0,-1
poster,first_path_decode,51,1056300,1,0,1,0,-1
poster,first_path_decode,52,1126500,1,0,1,0,-1
poster,first_path_decode,53,1041800,1,0,1,0,-1
poster,first_path_decode,54,1027800,1,0,1,0,-1
poster,first_path_decode,55,1039900,1,0,1,0,-1
poster,first_path_decode,56,1048500,1,0,1,0,-1
poster,first_path_decode,57,1034300,1,0,1,0,-1
poster,first_path_decode,58,1070400,1,0,1,0,-1
poster,first_path_decode,59,1051200,1,0,1,0,-1
poster,first_path_decode,60,1054500,1,0,1,0,-1
poster,first_path_decode,61,1008700,1,0,1,0,-1
poster,first_path_decode,62,1025100,1,0,1,0,-1
poster,first_path_decode,63,1042400,1,0,1,0,-1
poster,first_path_decode,64,1183000,1,0,1,0,-1
poster,first_path_decode,65,983200,1,0,1,0,-1
poster,first_path_decode,66,1056900,1,0,1,0,-1
poster,first_path_decode,67,1013200,1,0,1,0,-1
poster,first_path_decode,68,1023300,1,0,1,0,-1
poster,first_path_decode,69,1011100,1,0,1,0,-1
poster,first_path_decode,70,1008700,1,0,1,0,-1
poster,first_path_decode,71,1038100,1,0,1,0,-1
poster,first_path_decode,72,1028900,1,0,1,0,-1
poster,first_path_decode,73,1013000,1,0,1,0,-1
poster,first_path_decode,74,1021900,1,0,1,0,-1
poster,first_path_decode,75,1024800,1,0,1,0,-1
poster,first_path_decode,76,989800,1,0,1,0,-1
poster,first_path_decode,77,1030700,1,0,1,0,-1
poster,first_path_decode,78,1011900,1,0,1,0,-1
poster,first_path_decode,79,1085500,1,0,1,0,-1
poster,first_path_decode,80,1156700,1,0,1,0,-1
poster,first_path_decode,81,1178600,1,0,1,0,-1
poster,first_path_decode,82,1127600,1,0,1,0,-1
poster,first_path_decode,83,1085700,1,0,1,0,-1
poster,first_path_decode,84,1023800,1,0,1,0,-1
poster,first_path_decode,85,1048200,1,0,1,0,-1
poster,first_path_decode,86,1039800,1,0,1,0,-1
poster,first_path_decode,87,1057400,1,0,1,0,-1
poster,first_path_decode,88,1057000,1,0,1,0,-1
poster,first_path_decode,89,1102100,1,0,1,0,-1
poster,first_path_decode,90,1087500,1,0,1,0,-1
poster,first_path_decode,91,1067900,1,0,1,0,-1
poster,first_path_decode,92,1035900,1,0,1,0,-1
poster,first_path_decode,93,1041600,1,0,1,0,-1
poster,first_path_decode,94,1047000,1,0,1,0,-1
poster,first_path_decode,95,1045800,1,0,1,0,-1
poster,first_path_decode,96,1278900,1,0,1,0,-1
poster,first_path_decode,97,1015200,1,0,1,0,-1
poster,first_path_decode,98,1049000,1,0,1,0,-1
poster,first_path_decode,99,1049500,1,0,1,0,-1
poster,forced_decode,0,963800,1,0,1,0,-1
poster,forced_decode,1,934600,1,0,1,0,-1
poster,forced_decode,2,903500,1,0,1,0,-1
poster,forced_decode,3,959000,1,0,1,0,-1
poster,forced_decode,4,940100,1,0,1,0,-1
poster,forced_decode,5,919500,1,0,1,0,-1
poster,forced_decode,6,1018900,1,0,1,0,-1
poster,forced_decode,7,1045800,1,0,1,0,-1
poster,forced_decode,8,929100,1,0,1,0,-1
poster,forced_decode,9,1020700,1,0,1,0,-1
poster,forced_decode,10,930700,1,0,1,0,-1
poster,forced_decode,11,936200,1,0,1,0,-1
poster,forced_decode,12,935700,1,0,1,0,-1
poster,forced_decode,13,1069600,1,0,1,0,-1
poster,forced_decode,14,977900,1,0,1,0,-1
poster,forced_decode,15,1095400,1,0,1,0,-1
poster,forced_decode,16,917500,1,0,1,0,-1
poster,forced_decode,17,1067600,1,0,1,0,-1
poster,forced_decode,18,1133200,1,0,1,0,-1
poster,forced_decode,19,986800,1,0,1,0,-1
poster,forced_decode,20,1020500,1,0,1,0,-1
poster,forced_decode,21,1011800,1,0,1,0,-1
poster,forced_decode,22,1000700,1,0,1,0,-1
poster,forced_decode,23,1026500,1,0,1,0,-1
poster,forced_decode,24,994800,1,0,1,0,-1
poster,forced_decode,25,972300,1,0,1,0,-1
poster,forced_decode,26,948000,1,0,1,0,-1
poster,forced_decode,27,981300,1,0,1,0,-1
poster,forced_decode,28,1092900,1,0,1,0,-1
poster,forced_decode,29,1127600,1,0,1,0,-1
poster,forced_decode,30,964500,1,0,1,0,-1
poster,forced_decode,31,882000,1,0,1,0,-1
poster,forced_decode,32,863300,1,0,1,0,-1
poster,forced_decode,33,898600,1,0,1,0,-1
poster,forced_decode,34,892600,1,0,1,0,-1
poster,forced_decode,35,870900,1,0,1,0,-1
poster,forced_decode,36,903600,1,0,1,0,-1
poster,forced_decode,37,920200,1,0,1,0,-1
poster,forced_decode,38,821700,1,0,1,0,-1
poster,forced_decode,39,967200,1,0,1,0,-1
poster,forced_decode,40,960700,1,0,1,0,-1
poster,forced_decode,41,1019800,1,0,1,0,-1
poster,forced_decode,42,709400,1,0,1,0,-1
poster,forced_decode,43,840100,1,0,1,0,-1
poster,forced_decode,44,751100,1,0,1,0,-1
poster,forced_decode,45,929300,1,0,1,0,-1
poster,forced_decode,46,860100,1,0,1,0,-1
poster,forced_decode,47,797300,1,0,1,0,-1
poster,forced_decode,48,873600,1,0,1,0,-1
poster,forced_decode,49,826800,1,0,1,0,-1
poster,forced_decode,50,964800,1,0,1,0,-1
poster,forced_decode,51,909500,1,0,1,0,-1
poster,forced_decode,52,801800,1,0,1,0,-1
poster,forced_decode,53,848400,1,0,1,0,-1
poster,forced_decode,54,845300,1,0,1,0,-1
poster,forced_decode,55,1028000,1,0,1,0,-1
poster,forced_decode,56,947500,1,0,1,0,-1
poster,forced_decode,57,820300,1,0,1,0,-1
poster,forced_decode,58,895200,1,0,1,0,-1
poster,forced_decode,59,876400,1,0,1,0,-1
poster,forced_decode,60,1145800,1,0,1,0,-1
poster,forced_decode,61,915700,1,0,1,0,-1
poster,forced_decode,62,859000,1,0,1,0,-1
poster,forced_decode,63,897600,1,0,1,0,-1
poster,forced_decode,64,1006600,1,0,1,0,-1
poster,forced_decode,65,1149900,1,0,1,0,-1
poster,forced_decode,66,984500,1,0,1,0,-1
poster,forced_decode,67,845100,1,0,1,0,-1
poster,forced_decode,68,952600,1,0,1,0,-1
poster,forced_decode,69,884000,1,0,1,0,-1
poster,forced_decode,70,1010600,1,0,1,0,-1
poster,forced_decode,71,991800,1,0,1,0,-1
poster,forced_decode,72,917400,1,0,1,0,-1
poster,forced_decode,73,965300,1,0,1,0,-1
poster,forced_decode,74,887100,1,0,1,0,-1
poster,forced_decode,75,1064100,1,0,1,0,-1
poster,forced_decode,76,968700,1,0,1,0,-1
poster,forced_decode,77,878800,1,0,1,0,-1
poster,forced_decode,78,926900,1,0,1,0,-1
poster,forced_decode,79,969600,1,0,1,0,-1
poster,forced_decode,80,1114900,1,0,1,0,-1
poster,forced_decode,81,960200,1,0,1,0,-1
poster,forced_decode,82,826300,1,0,1,0,-1
poster,forced_decode,83,958600,1,0,1,0,-1
poster,forced_decode,84,867000,1,0,1,0,-1
poster,forced_decode,85,1094800,1,0,1,0,-1
poster,forced_decode,86,990800,1,0,1,0,-1
poster,forced_decode,87,873800,1,0,1,0,-1
poster,forced_decode,88,963600,1,0,1,0,-1
poster,forced_decode,89,898600,1,0,1,0,-1
poster,forced_decode,90,1064700,1,0,1,0,-1
poster,forced_decode,91,982200,1,0,1,0,-1
poster,forced_decode,92,857200,1,0,1,0,-1
poster,forced_decode,93,933800,1,0,1,0,-1
poster,forced_decode,94,900900,1,0,1,0,-1
poster,forced_decode,95,1098700,1,0,1,0,-1
poster,forced_decode,96,984700,1,0,1,0,-1
poster,forced_decode,97,878800,1,0,1,0,-1
poster,forced_decode,98,1038300,1,0,1,0,-1
poster,forced_decode,99,869100,1,0,1,0,-1
poster,forced_decode,100,1045700,1,0,1,0,-1
poster,forced_decode,101,987200,1,0,1,0,-1
poster,forced_decode,102,858700,1,0,1,0,-1
poster,forced_decode,103,961400,1,0,1,0,-1
poster,forced_decode,104,879600,1,0,1,0,-1
poster,forced_decode,105,1072100,1,0,1,0,-1
poster,forced_decode,106,1013800,1,0,1,0,-1
poster,forced_decode,107,860000,1,0,1,0,-1
poster,forced_decode,108,930200,1,0,1,0,-1
poster,forced_decode,109,893200,1,0,1,0,-1
poster,forced_decode,110,1015800,1,0,1,0,-1
poster,forced_decode,111,1037600,1,0,1,0,-1
poster,forced_decode,112,880200,1,0,1,0,-1
poster,forced_decode,113,1017600,1,0,1,0,-1
poster,forced_decode,114,892200,1,0,1,0,-1
poster,forced_decode,115,1092300,1,0,1,0,-1
poster,forced_decode,116,1112600,1,0,1,0,-1
poster,forced_decode,117,873000,1,0,1,0,-1
poster,forced_decode,118,927800,1,0,1,0,-1
poster,forced_decode,119,895400,1,0,1,0,-1
poster,forced_decode,120,1039300,1,0,1,0,-1
poster,forced_decode,121,973200,1,0,1,0,-1
poster,forced_decode,122,909400,1,0,1,0,-1
poster,forced_decode,123,955500,1,0,1,0,-1
poster,forced_decode,124,917100,1,0,1,0,-1
poster,forced_decode,125,1110000,1,0,1,0,-1
poster,forced_decode,126,959600,1,0,1,0,-1
poster,forced_decode,127,893800,1,0,1,0,-1
poster,forced_decode,128,988500,1,0,1,0,-1
poster,forced_decode,129,918600,1,0,1,0,-1
poster,forced_decode,130,1048700,1,0,1,0,-1
poster,forced_decode,131,961000,1,0,1,0,-1
poster,forced_decode,132,883400,1,0,1,0,-1
poster,forced_decode,133,1040600,1,0,1,0,-1
poster,forced_decode,134,983400,1,0,1,0,-1
poster,forced_decode,135,1236000,1,0,1,0,-1
poster,forced_decode,136,962300,1,0,1,0,-1
poster,forced_decode,137,878400,1,0,1,0,-1
poster,forced_decode,138,938600,1,0,1,0,-1
poster,forced_decode,139,879500,1,0,1,0,-1
poster,forced_decode,140,1070500,1,0,1,0,-1
poster,forced_decode,141,1037800,1,0,1,0,-1
poster,forced_decode,142,873500,1,0,1,0,-1
poster,forced_decode,143,1013200,1,0,1,0,-1
poster,forced_decode,144,895600,1,0,1,0,-1
poster,forced_decode,145,1095000,1,0,1,0,-1
poster,forced_decode,146,1009400,1,0,1,0,-1
poster,forced_decode,147,874500,1,0,1,0,-1
poster,forced_decode,148,940200,1,0,1,0,-1
poster,forced_decode,149,945100,1,0,1,0,-1
poster,forced_decode,150,1103800,1,0,1,0,-1
poster,forced_decode,151,1018800,1,0,1,0,-1
poster,forced_decode,152,892200,1,0,1,0,-1
poster,forced_decode,153,1073600,1,0,1,0,-1
poster,forced_decode,154,894500,1,0,1,0,-1
poster,forced_decode,155,1074300,1,0,1,0,-1
poster,forced_decode,156,1012700,1,0,1,0,-1
poster,forced_decode,157,875600,1,0,1,0,-1
poster,forced_decode,158,946200,1,0,1,0,-1
poster,forced_decode,159,1034500,1,0,1,0,-1
poster,forced_decode,160,1195000,1,0,1,0,-1
poster,forced_decode,161,977500,1,0,1,0,-1
poster,forced_decode,162,925500,1,0,1,0,-1
poster,forced_decode,163,982600,1,0,1,0,-1
poster,forced_decode,164,1058300,1,0,1,0,-1
poster,forced_decode,165,1058900,1,0,1,0,-1
poster,forced_decode,166,1006200,1,0,1,0,-1
poster,forced_decode,167,859700,1,0,1,0,-1
poster,forced_decode,168,842800,1,0,1,0,-1
poster,forced_decode,169,828100,1,0,1,0,-1
poster,forced_decode,170,890800,1,0,1,0,-1
poster,forced_decode,171,1020500,1,0,1,0,-1
poster,forced_decode,172,890800,1,0,1,0,-1
poster,forced_decode,173,954400,1,0,1,0,-1
poster,forced_decode,174,958300,1,0,1,0,-1
poster,forced_decode,175,1409500,1,0,1,0,-1
poster,forced_decode,176,853300,1,0,1,0,-1
poster,forced_decode,177,849300,1,0,1,0,-1
poster,forced_decode,178,762700,1,0,1,0,-1
poster,forced_decode,179,835800,1,0,1,0,-1
poster,forced_decode,180,849100,1,0,1,0,-1
poster,forced_decode,181,751400,1,0,1,0,-1
poster,forced_decode,182,786100,1,0,1,0,-1
poster,forced_decode,183,791400,1,0,1,0,-1
poster,forced_decode,184,870000,1,0,1,0,-1
poster,forced_decode,185,733200,1,0,1,0,-1
poster,forced_decode,186,728600,1,0,1,0,-1
poster,forced_decode,187,759000,1,0,1,0,-1
poster,forced_decode,188,794900,1,0,1,0,-1
poster,forced_decode,189,897500,1,0,1,0,-1
poster,forced_decode,190,789900,1,0,1,0,-1
poster,forced_decode,191,874700,1,0,1,0,-1
poster,forced_decode,192,804500,1,0,1,0,-1
poster,forced_decode,193,893100,1,0,1,0,-1
poster,forced_decode,194,788800,1,0,1,0,-1
poster,forced_decode,195,758800,1,0,1,0,-1
poster,forced_decode,196,763900,1,0,1,0,-1
poster,forced_decode,197,856700,1,0,1,0,-1
poster,forced_decode,198,992400,1,0,1,0,-1
poster,forced_decode,199,898000,1,0,1,0,-1
poster,forced_decode,200,911100,1,0,1,0,-1
poster,forced_decode,201,879000,1,0,1,0,-1
poster,forced_decode,202,958600,1,0,1,0,-1
poster,forced_decode,203,780300,1,0,1,0,-1
poster,forced_decode,204,757400,1,0,1,0,-1
poster,forced_decode,205,790300,1,0,1,0,-1
poster,forced_decode,206,881200,1,0,1,0,-1
poster,forced_decode,207,971000,1,0,1,0,-1
poster,forced_decode,208,844400,1,0,1,0,-1
poster,forced_decode,209,949200,1,0,1,0,-1
poster,forced_decode,210,886100,1,0,1,0,-1
poster,forced_decode,211,1077800,1,0,1,0,-1
poster,forced_decode,212,830700,1,0,1,0,-1
poster,forced_decode,213,1149800,1,0,1,0,-1
poster,forced_decode,214,852800,1,0,1,0,-1
poster,forced_decode,215,875200,1,0,1,0,-1
poster,forced_decode,216,909900,1,0,1,0,-1
poster,forced_decode,217,774000,1,0,1,0,-1
poster,forced_decode,218,846800,1,0,1,0,-1
poster,forced_decode,219,801800,1,0,1,0,-1
poster,forced_decode,220,857500,1,0,1,0,-1
poster,forced_decode,221,719700,1,0,1,0,-1
poster,forced_decode,222,738500,1,0,1,0,-1
poster,forced_decode,223,748300,1,0,1,0,-1
poster,forced_decode,224,809000,1,0,1,0,-1
poster,forced_decode,225,925000,1,0,1,0,-1
poster,forced_decode,226,791800,1,0,1,0,-1
poster,forced_decode,227,899100,1,0,1,0,-1
poster,forced_decode,228,874100,1,0,1,0,-1
poster,forced_decode,229,976900,1,0,1,0,-1
poster,forced_decode,230,793700,1,0,1,0,-1
poster,forced_decode,231,798000,1,0,1,0,-1
poster,forced_decode,232,806300,1,0,1,0,-1
poster,forced_decode,233,929400,1,0,1,0,-1
poster,forced_decode,234,957600,1,0,1,0,-1
poster,forced_decode,235,951200,1,0,1,0,-1
poster,forced_decode,236,960200,1,0,1,0,-1
poster,forced_decode,237,945600,1,0,1,0,-1
poster,forced_decode,238,982900,1,0,1,0,-1
poster,forced_decode,239,813200,1,0,1,0,-1
poster,forced_decode,240,843800,1,0,1,0,-1
poster,forced_decode,241,848600,1,0,1,0,-1
poster,forced_decode,242,864200,1,0,1,0,-1
poster,forced_decode,243,991300,1,0,1,0,-1
poster,forced_decode,244,900400,1,0,1,0,-1
poster,forced_decode,245,994300,1,0,1,0,-1
poster,forced_decode,246,952300,1,0,1,0,-1
poster,forced_decode,247,1097500,1,0,1,0,-1
poster,forced_decode,248,855000,1,0,1,0,-1
poster,forced_decode,249,796000,1,0,1,0,-1
poster,forced_decode,250,746400,1,0,1,0,-1
poster,forced_decode,251,882000,1,0,1,0,-1
poster,forced_decode,252,890200,1,0,1,0,-1
poster,forced_decode,253,751400,1,0,1,0,-1
poster,forced_decode,254,879200,1,0,1,0,-1
poster,forced_decode,255,792900,1,0,1,0,-1
poster,forced_decode,256,868100,1,0,1,0,-1
poster,forced_decode,257,696700,1,0,1,0,-1
poster,forced_decode,258,702200,1,0,1,0,-1
poster,forced_decode,259,702600,1,0,1,0,-1
poster,forced_decode,260,795100,1,0,1,0,-1
poster,forced_decode,261,881100,1,0,1,0,-1
poster,forced_decode,262,825200,1,0,1,0,-1
poster,forced_decode,263,852400,1,0,1,0,-1
poster,forced_decode,264,870800,1,0,1,0,-1
poster,forced_decode,265,938800,1,0,1,0,-1
poster,forced_decode,266,773200,1,0,1,0,-1
poster,forced_decode,267,899000,1,0,1,0,-1
poster,forced_decode,268,795400,1,0,1,0,-1
poster,forced_decode,269,837900,1,0,1,0,-1
poster,forced_decode,270,1071200,1,0,1,0,-1
poster,forced_decode,271,974300,1,0,1,0,-1
poster,forced_decode,272,1148600,1,0,1,0,-1
poster,forced_decode,273,959000,1,0,1,0,-1
poster,forced_decode,274,943600,1,0,1,0,-1
poster,forced_decode,275,779000,1,0,1,0,-1
poster,forced_decode,276,777900,1,0,1,0,-1
poster,forced_decode,277,815100,1,0,1,0,-1
poster,forced_decode,278,860300,1,0,1,0,-1
poster,forced_decode,279,976800,1,0,1,0,-1
poster,forced_decode,280,822500,1,0,1,0,-1
poster,forced_decode,281,920600,1,0,1,0,-1
poster,forced_decode,282,942900,1,0,1,0,-1
poster,forced_decode,283,1036200,1,0,1,0,-1
poster,forced_decode,284,886400,1,0,1,0,-1
poster,forced_decode,285,809100,1,0,1,0,-1
poster,forced_decode,286,801100,1,0,1,0,-1
poster,forced_decode,287,947500,1,0,1,0,-1
poster,forced_decode,288,1044800,1,0,1,0,-1
poster,forced_decode,289,892400,1,0,1,0,-1
poster,forced_decode,290,1050000,1,0,1,0,-1
poster,forced_decode,291,1051600,1,0,1,0,-1
poster,forced_decode,292,1569100,1,0,1,0,-1
poster,forced_decode,293,814400,1,0,1,0,-1
poster,forced_decode,294,861100,1,0,1,0,-1
poster,forced_decode,295,968800,1,0,1,0,-1
poster,forced_decode,296,800400,1,0,1,0,-1
poster,forced_decode,297,902800,1,0,1,0,-1
poster,forced_decode,298,908400,1,0,1,0,-1
poster,forced_decode,299,825800,1,0,1,0,-1
poster,forced_decode,300,833100,1,0,1,0,-1
poster,forced_decode,301,797200,1,0,1,0,-1
poster,forced_decode,302,836900,1,0,1,0,-1
poster,forced_decode,303,950300,1,0,1,0,-1
poster,forced_decode,304,839200,1,0,1,0,-1
poster,forced_decode,305,693900,1,0,1,0,-1
poster,forced_decode,306,694200,1,0,1,0,-1
poster,forced_decode,307,766500,1,0,1,0,-1
poster,forced_decode,308,826100,1,0,1,0,-1
poster,forced_decode,309,703000,1,0,1,0,-1
poster,forced_decode,310,677100,1,0,1,0,-1
poster,forced_decode,311,717100,1,0,1,0,-1
poster,forced_decode,312,752300,1,0,1,0,-1
poster,forced_decode,313,900100,1,0,1,0,-1
poster,forced_decode,314,762900,1,0,1,0,-1
poster,forced_decode,315,748300,1,0,1,0,-1
poster,forced_decode,316,739700,1,0,1,0,-1
poster,forced_decode,317,858000,1,0,1,0,-1
poster,forced_decode,318,962800,1,0,1,0,-1
poster,forced_decode,319,778600,1,0,1,0,-1
poster,forced_decode,320,746800,1,0,1,0,-1
poster,forced_decode,321,757400,1,0,1,0,-1
poster,forced_decode,322,784300,1,0,1,0,-1
poster,forced_decode,323,771300,1,0,1,0,-1
poster,forced_decode,324,972100,1,0,1,0,-1
poster,forced_decode,325,970800,1,0,1,0,-1
poster,forced_decode,326,760300,1,0,1,0,-1
poster,forced_decode,327,760400,1,0,1,0,-1
poster,forced_decode,328,788000,1,0,1,0,-1
poster,forced_decode,329,862200,1,0,1,0,-1
poster,forced_decode,330,1047500,1,0,1,0,-1
poster,forced_decode,331,783600,1,0,1,0,-1
poster,forced_decode,332,783000,1,0,1,0,-1
poster,forced_decode,333,796000,1,0,1,0,-1
poster,forced_decode,334,925300,1,0,1,0,-1
poster,forced_decode,335,1032000,1,0,1,0,-1
poster,forced_decode,336,798500,1,0,1,0,-1
poster,forced_decode,337,870500,1,0,1,0,-1
poster,forced_decode,338,856100,1,0,1,0,-1
poster,forced_decode,339,757300,1,0,1,0,-1
poster,forced_decode,340,735700,1,0,1,0,-1
poster,forced_decode,341,821100,1,0,1,0,-1
poster,forced_decode,342,829000,1,0,1,0,-1
poster,forced_decode,343,695600,1,0,1,0,-1
poster,forced_decode,344,668500,1,0,1,0,-1
poster,forced_decode,345,698400,1,0,1,0,-1
poster,forced_decode,346,753800,1,0,1,0,-1
poster,forced_decode,347,833600,1,0,1,0,-1
poster,forced_decode,348,708300,1,0,1,0,-1
poster,forced_decode,349,746300,1,0,1,0,-1
poster,forced_decode,350,714300,1,0,1,0,-1
poster,forced_decode,351,803000,1,0,1,0,-1
poster,forced_decode,352,929400,1,0,1,0,-1
poster,forced_decode,353,734600,1,0,1,0,-1
poster,forced_decode,354,745800,1,0,1,0,-1
poster,forced_decode,355,761300,1,0,1,0,-1
poster,forced_decode,356,776100,1,0,1,0,-1
poster,forced_decode,357,794100,1,0,1,0,-1
poster,forced_decode,358,882300,1,0,1,0,-1
poster,forced_decode,359,900900,1,0,1,0,-1
poster,forced_decode,360,713900,1,0,1,0,-1
poster,forced_decode,361,654200,1,0,1,0,-1
poster,forced_decode,362,687600,1,0,1,0,-1
poster,forced_decode,363,721100,1,0,1,0,-1
poster,forced_decode,364,835700,1,0,1,0,-1
poster,forced_decode,365,654900,1,0,1,0,-1
poster,forced_decode,366,695200,1,0,1,0,-1
poster,forced_decode,367,672600,1,0,1,0,-1
poster,forced_decode,368,776700,1,0,1,0,-1
poster,forced_decode,369,872200,1,0,1,0,-1
poster,forced_decode,370,729700,1,0,1,0,-1
poster,forced_decode,371,725900,1,0,1,0,-1
poster,forced_decode,372,723300,1,0,1,0,-1
poster,forced_decode,373,733700,1,0,1,0,-1
poster,forced_decode,374,706400,1,0,1,0,-1
poster,forced_decode,375,823000,1,0,1,0,-1
poster,forced_decode,376,890500,1,0,1,0,-1
poster,forced_decode,377,777700,1,0,1,0,-1
poster,forced_decode,378,795600,1,0,1,0,-1
poster,forced_decode,379,781300,1,0,1,0,-1
poster,forced_decode,380,806100,1,0,1,0,-1
poster,forced_decode,381,885800,1,0,1,0,-1
poster,forced_decode,382,737800,1,0,1,0,-1
poster,forced_decode,383,770600,1,0,1,0,-1
poster,forced_decode,384,776000,1,0,1,0,-1
poster,forced_decode,385,877000,1,0,1,0,-1
poster,forced_decode,386,927300,1,0,1,0,-1
poster,forced_decode,387,795000,1,0,1,0,-1
poster,forced_decode,388,752300,1,0,1,0,-1
poster,forced_decode,389,764200,1,0,1,0,-1
poster,forced_decode,390,785400,1,0,1,0,-1
poster,forced_decode,391,823900,1,0,1,0,-1
poster,forced_decode,392,962600,1,0,1,0,-1
poster,forced_decode,393,1059600,1,0,1,0,-1
poster,forced_decode,394,793000,1,0,1,0,-1
poster,forced_decode,395,771700,1,0,1,0,-1
poster,forced_decode,396,802200,1,0,1,0,-1
poster,forced_decode,397,845400,1,0,1,0,-1
poster,forced_decode,398,942100,1,0,1,0,-1
poster,forced_decode,399,840800,1,0,1,0,-1
poster,forced_decode,400,823400,1,0,1,0,-1
poster,forced_decode,401,821100,1,0,1,0,-1
poster,forced_decode,402,883400,1,0,1,0,-1
poster,forced_decode,403,982900,1,0,1,0,-1
poster,forced_decode,404,782700,1,0,1,0,-1
poster,forced_decode,405,805000,1,0,1,0,-1
poster,forced_decode,406,800600,1,0,1,0,-1
poster,forced_decode,407,795900,1,0,1,0,-1
poster,forced_decode,408,818000,1,0,1,0,-1
poster,forced_decode,409,895600,1,0,1,0,-1
poster,forced_decode,410,972000,1,0,1,0,-1
poster,forced_decode,411,837100,1,0,1,0,-1
poster,forced_decode,412,774800,1,0,1,0,-1
poster,forced_decode,413,842100,1,0,1,0,-1
poster,forced_decode,414,895600,1,0,1,0,-1
poster,forced_decode,415,938500,1,0,1,0,-1
poster,forced_decode,416,774700,1,0,1,0,-1
poster,forced_decode,417,819200,1,0,1,0,-1
poster,forced_decode,418,824800,1,0,1,0,-1
poster,forced_decode,419,918900,1,0,1,0,-1
poster,forced_decode,420,994100,1,0,1,0,-1
poster,forced_decode,421,797500,1,0,1,0,-1
poster,forced_decode,422,810100,1,0,1,0,-1
poster,forced_decode,423,811600,1,0,1,0,-1
poster,forced_decode,424,817500,1,0,1,0,-1
poster,forced_decode,425,820400,1,0,1,0,-1
poster,forced_decode,426,855100,1,0,1,0,-1
poster,forced_decode,427,961700,1,0,1,0,-1
poster,forced_decode,428,836100,1,0,1,0,-1
poster,forced_decode,429,835100,1,0,1,0,-1
poster,forced_decode,430,806600,1,0,1,0,-1
poster,forced_decode,431,858700,1,0,1,0,-1
poster,forced_decode,432,1005000,1,0,1,0,-1
poster,forced_decode,433,861200,1,0,1,0,-1
poster,forced_decode,434,865800,1,0,1,0,-1
poster,forced_decode,435,831600,1,0,1,0,-1
poster,forced_decode,436,924200,1,0,1,0,-1
poster,forced_decode,437,1044800,1,0,1,0,-1
poster,forced_decode,438,854800,1,0,1,0,-1
poster,forced_decode,439,807200,1,0,1,0,-1
poster,forced_decode,440,822000,1,0,1,0,-1
poster,forced_decode,441,842000,1,0,1,0,-1
poster,forced_decode,442,831300,1,0,1,0,-1
poster,forced_decode,443,976900,1,0,1,0,-1
poster,forced_decode,444,1050200,1,0,1,0,-1
poster,forced_decode,445,835200,1,0,1,0,-1
poster,forced_decode,446,815300,1,0,1,0,-1
poster,forced_decode,447,830800,1,0,1,0,-1
poster,forced_decode,448,888300,1,0,1,0,-1
poster,forced_decode,449,1017600,1,0,1,0,-1
poster,forced_decode,450,829700,1,0,1,0,-1
poster,forced_decode,451,838700,1,0,1,0,-1
poster,forced_decode,452,803900,1,0,1,0,-1
poster,forced_decode,453,878000,1,0,1,0,-1
poster,forced_decode,454,1013400,1,0,1,0,-1
poster,forced_decode,455,820600,1,0,1,0,-1
poster,forced_decode,456,840800,1,0,1,0,-1
poster,forced_decode,457,806500,1,0,1,0,-1
poster,forced_decode,458,825100,1,0,1,0,-1
poster,forced_decode,459,807600,1,0,1,0,-1
poster,forced_decode,460,898600,1,0,1,0,-1
poster,forced_decode,461,987000,1,0,1,0,-1
poster,forced_decode,462,822200,1,0,1,0,-1
poster,forced_decode,463,798300,1,0,1,0,-1
poster,forced_decode,464,847400,1,0,1,0,-1
poster,forced_decode,465,792500,1,0,1,0,-1
poster,forced_decode,466,829100,1,0,1,0,-1
poster,forced_decode,467,807700,1,0,1,0,-1
poster,forced_decode,468,856600,1,0,1,0,-1
poster,forced_decode,469,831600,1,0,1,0,-1
poster,forced_decode,470,819300,1,0,1,0,-1
poster,forced_decode,471,948900,1,0,1,0,-1
poster,forced_decode,472,1022000,1,0,1,0,-1
poster,forced_decode,473,810400,1,0,1,0,-1
poster,forced_decode,474,853100,1,0,1,0,-1
poster,forced_decode,475,880700,1,0,1,0,-1
poster,forced_decode,476,1119000,1,0,1,0,-1
poster,forced_decode,477,895000,1,0,1,0,-1
poster,forced_decode,478,828300,1,0,1,0,-1
poster,forced_decode,479,845000,1,0,1,0,-1
poster,forced_decode,480,805500,1,0,1,0,-1
poster,forced_decode,481,817600,1,0,1,0,-1
poster,forced_decode,482,801600,1,0,1,0,-1
poster,forced_decode,483,935100,1,0,1,0,-1
poster,forced_decode,484,993800,1,0,1,0,-1
poster,forced_decode,485,857500,1,0,1,0,-1
poster,forced_decode,486,818600,1,0,1,0,-1
poster,forced_decode,487,844100,1,0,1,0,-1
poster,forced_decode,488,804200,1,0,1,0,-1
poster,forced_decode,489,811900,1,0,1,0,-1
poster,forced_decode,490,830200,1,0,1,0,-1
poster,forced_decode,491,828800,1,0,1,0,-1
poster,forced_decode,492,802200,1,0,1,0,-1
poster,forced_decode,493,817200,1,0,1,0,-1
poster,forced_decode,494,904700,1,0,1,0,-1
poster,forced_decode,495,1000700,1,0,1,0,-1
poster,forced_decode,496,797100,1,0,1,0,-1
poster,forced_decode,497,827300,1,0,1,0,-1
poster,forced_decode,498,830100,1,0,1,0,-1
poster,forced_decode,499,805100,1,0,1,0,-1
poster,slint_internal_hit,0,55600,1,0,0,0,-1
poster,slint_internal_hit,1,42800,1,0,0,0,-1
poster,slint_internal_hit,2,39400,1,0,0,0,-1
poster,slint_internal_hit,3,39000,1,0,0,0,-1
poster,slint_internal_hit,4,53900,1,0,0,0,-1
poster,slint_internal_hit,5,38900,1,0,0,0,-1
poster,slint_internal_hit,6,39000,1,0,0,0,-1
poster,slint_internal_hit,7,39300,1,0,0,0,-1
poster,slint_internal_hit,8,38800,1,0,0,0,-1
poster,slint_internal_hit,9,39300,1,0,0,0,-1
poster,slint_internal_hit,10,45000,1,0,0,0,-1
poster,slint_internal_hit,11,39200,1,0,0,0,-1
poster,slint_internal_hit,12,41800,1,0,0,0,-1
poster,slint_internal_hit,13,38700,1,0,0,0,-1
poster,slint_internal_hit,14,38800,1,0,0,0,-1
poster,slint_internal_hit,15,39300,1,0,0,0,-1
poster,slint_internal_hit,16,38600,1,0,0,0,-1
poster,slint_internal_hit,17,38800,1,0,0,0,-1
poster,slint_internal_hit,18,38800,1,0,0,0,-1
poster,slint_internal_hit,19,39000,1,0,0,0,-1
poster,slint_internal_hit,20,39100,1,0,0,0,-1
poster,slint_internal_hit,21,39000,1,0,0,0,-1
poster,slint_internal_hit,22,38800,1,0,0,0,-1
poster,slint_internal_hit,23,52800,1,0,0,0,-1
poster,slint_internal_hit,24,36600,1,0,0,0,-1
poster,slint_internal_hit,25,36700,1,0,0,0,-1
poster,slint_internal_hit,26,37000,1,0,0,0,-1
poster,slint_internal_hit,27,37000,1,0,0,0,-1
poster,slint_internal_hit,28,37100,1,0,0,0,-1
poster,slint_internal_hit,29,36500,1,0,0,0,-1
poster,slint_internal_hit,30,45000,1,0,0,0,-1
poster,slint_internal_hit,31,42500,1,0,0,0,-1
poster,slint_internal_hit,32,37200,1,0,0,0,-1
poster,slint_internal_hit,33,36900,1,0,0,0,-1
poster,slint_internal_hit,34,37700,1,0,0,0,-1
poster,slint_internal_hit,35,36700,1,0,0,0,-1
poster,slint_internal_hit,36,37100,1,0,0,0,-1
poster,slint_internal_hit,37,37100,1,0,0,0,-1
poster,slint_internal_hit,38,36500,1,0,0,0,-1
poster,slint_internal_hit,39,37200,1,0,0,0,-1
poster,slint_internal_hit,40,37800,1,0,0,0,-1
poster,slint_internal_hit,41,37600,1,0,0,0,-1
poster,slint_internal_hit,42,37200,1,0,0,0,-1
poster,slint_internal_hit,43,36600,1,0,0,0,-1
poster,slint_internal_hit,44,36700,1,0,0,0,-1
poster,slint_internal_hit,45,36900,1,0,0,0,-1
poster,slint_internal_hit,46,36600,1,0,0,0,-1
poster,slint_internal_hit,47,37100,1,0,0,0,-1
poster,slint_internal_hit,48,36400,1,0,0,0,-1
poster,slint_internal_hit,49,37100,1,0,0,0,-1
poster,slint_internal_hit,50,37400,1,0,0,0,-1
poster,slint_internal_hit,51,36800,1,0,0,0,-1
poster,slint_internal_hit,52,37100,1,0,0,0,-1
poster,slint_internal_hit,53,36900,1,0,0,0,-1
poster,slint_internal_hit,54,36900,1,0,0,0,-1
poster,slint_internal_hit,55,37000,1,0,0,0,-1
poster,slint_internal_hit,56,36800,1,0,0,0,-1
poster,slint_internal_hit,57,54300,1,0,0,0,-1
poster,slint_internal_hit,58,54100,1,0,0,0,-1
poster,slint_internal_hit,59,69700,1,0,0,0,-1
poster,slint_internal_hit,60,68300,1,0,0,0,-1
poster,slint_internal_hit,61,56700,1,0,0,0,-1
poster,slint_internal_hit,62,51500,1,0,0,0,-1
poster,slint_internal_hit,63,69800,1,0,0,0,-1
poster,slint_internal_hit,64,78000,1,0,0,0,-1
poster,slint_internal_hit,65,53500,1,0,0,0,-1
poster,slint_internal_hit,66,42900,1,0,0,0,-1
poster,slint_internal_hit,67,39200,1,0,0,0,-1
poster,slint_internal_hit,68,37700,1,0,0,0,-1
poster,slint_internal_hit,69,38000,1,0,0,0,-1
poster,slint_internal_hit,70,39800,1,0,0,0,-1
poster,slint_internal_hit,71,37400,1,0,0,0,-1
poster,slint_internal_hit,72,37600,1,0,0,0,-1
poster,slint_internal_hit,73,37500,1,0,0,0,-1
poster,slint_internal_hit,74,36600,1,0,0,0,-1
poster,slint_internal_hit,75,37300,1,0,0,0,-1
poster,slint_internal_hit,76,37200,1,0,0,0,-1
poster,slint_internal_hit,77,37700,1,0,0,0,-1
poster,slint_internal_hit,78,38300,1,0,0,0,-1
poster,slint_internal_hit,79,37500,1,0,0,0,-1
poster,slint_internal_hit,80,37300,1,0,0,0,-1
poster,slint_internal_hit,81,37600,1,0,0,0,-1
poster,slint_internal_hit,82,37000,1,0,0,0,-1
poster,slint_internal_hit,83,47600,1,0,0,0,-1
poster,slint_internal_hit,84,38800,1,0,0,0,-1
poster,slint_internal_hit,85,36900,1,0,0,0,-1
poster,slint_internal_hit,86,37300,1,0,0,0,-1
poster,slint_internal_hit,87,37600,1,0,0,0,-1
poster,slint_internal_hit,88,37300,1,0,0,0,-1
poster,slint_internal_hit,89,37700,1,0,0,0,-1
poster,slint_internal_hit,90,37200,1,0,0,0,-1
poster,slint_internal_hit,91,37300,1,0,0,0,-1
poster,slint_internal_hit,92,37800,1,0,0,0,-1
poster,slint_internal_hit,93,37000,1,0,0,0,-1
poster,slint_internal_hit,94,37400,1,0,0,0,-1
poster,slint_internal_hit,95,37400,1,0,0,0,-1
poster,slint_internal_hit,96,37500,1,0,0,0,-1
poster,slint_internal_hit,97,38100,1,0,0,0,-1
poster,slint_internal_hit,98,37600,1,0,0,0,-1
poster,slint_internal_hit,99,37300,1,0,0,0,-1
poster,slint_internal_hit,100,44900,1,0,0,0,-1
poster,slint_internal_hit,101,50100,1,0,0,0,-1
poster,slint_internal_hit,102,45400,1,0,0,0,-1
poster,slint_internal_hit,103,50500,1,0,0,0,-1
poster,slint_internal_hit,104,56200,1,0,0,0,-1
poster,slint_internal_hit,105,58200,1,0,0,0,-1
poster,slint_internal_hit,106,55600,1,0,0,0,-1
poster,slint_internal_hit,107,54400,1,0,0,0,-1
poster,slint_internal_hit,108,65900,1,0,0,0,-1
poster,slint_internal_hit,109,60100,1,0,0,0,-1
poster,slint_internal_hit,110,43800,1,0,0,0,-1
poster,slint_internal_hit,111,38400,1,0,0,0,-1
poster,slint_internal_hit,112,38100,1,0,0,0,-1
poster,slint_internal_hit,113,37100,1,0,0,0,-1
poster,slint_internal_hit,114,37900,1,0,0,0,-1
poster,slint_internal_hit,115,36800,1,0,0,0,-1
poster,slint_internal_hit,116,37400,1,0,0,0,-1
poster,slint_internal_hit,117,37500,1,0,0,0,-1
poster,slint_internal_hit,118,37200,1,0,0,0,-1
poster,slint_internal_hit,119,38200,1,0,0,0,-1
poster,slint_internal_hit,120,37300,1,0,0,0,-1
poster,slint_internal_hit,121,37800,1,0,0,0,-1
poster,slint_internal_hit,122,37900,1,0,0,0,-1
poster,slint_internal_hit,123,37600,1,0,0,0,-1
poster,slint_internal_hit,124,37500,1,0,0,0,-1
poster,slint_internal_hit,125,37200,1,0,0,0,-1
poster,slint_internal_hit,126,37700,1,0,0,0,-1
poster,slint_internal_hit,127,37800,1,0,0,0,-1
poster,slint_internal_hit,128,37400,1,0,0,0,-1
poster,slint_internal_hit,129,38200,1,0,0,0,-1
poster,slint_internal_hit,130,38000,1,0,0,0,-1
poster,slint_internal_hit,131,37000,1,0,0,0,-1
poster,slint_internal_hit,132,37200,1,0,0,0,-1
poster,slint_internal_hit,133,37500,1,0,0,0,-1
poster,slint_internal_hit,134,36700,1,0,0,0,-1
poster,slint_internal_hit,135,38200,1,0,0,0,-1
poster,slint_internal_hit,136,37600,1,0,0,0,-1
poster,slint_internal_hit,137,37200,1,0,0,0,-1
poster,slint_internal_hit,138,37800,1,0,0,0,-1
poster,slint_internal_hit,139,37000,1,0,0,0,-1
poster,slint_internal_hit,140,37700,1,0,0,0,-1
poster,slint_internal_hit,141,37600,1,0,0,0,-1
poster,slint_internal_hit,142,37500,1,0,0,0,-1
poster,slint_internal_hit,143,48200,1,0,0,0,-1
poster,slint_internal_hit,144,54300,1,0,0,0,-1
poster,slint_internal_hit,145,37600,1,0,0,0,-1
poster,slint_internal_hit,146,37900,1,0,0,0,-1
poster,slint_internal_hit,147,38200,1,0,0,0,-1
poster,slint_internal_hit,148,38700,1,0,0,0,-1
poster,slint_internal_hit,149,39000,1,0,0,0,-1
poster,slint_internal_hit,150,53200,1,0,0,0,-1
poster,slint_internal_hit,151,53500,1,0,0,0,-1
poster,slint_internal_hit,152,107400,1,0,0,0,-1
poster,slint_internal_hit,153,59100,1,0,0,0,-1
poster,slint_internal_hit,154,46600,1,0,0,0,-1
poster,slint_internal_hit,155,46100,1,0,0,0,-1
poster,slint_internal_hit,156,45600,1,0,0,0,-1
poster,slint_internal_hit,157,46100,1,0,0,0,-1
poster,slint_internal_hit,158,45300,1,0,0,0,-1
poster,slint_internal_hit,159,46000,1,0,0,0,-1
poster,slint_internal_hit,160,46100,1,0,0,0,-1
poster,slint_internal_hit,161,37600,1,0,0,0,-1
poster,slint_internal_hit,162,36500,1,0,0,0,-1
poster,slint_internal_hit,163,36600,1,0,0,0,-1
poster,slint_internal_hit,164,36400,1,0,0,0,-1
poster,slint_internal_hit,165,36700,1,0,0,0,-1
poster,slint_internal_hit,166,36400,1,0,0,0,-1
poster,slint_internal_hit,167,35900,1,0,0,0,-1
poster,slint_internal_hit,168,37800,1,0,0,0,-1
poster,slint_internal_hit,169,36000,1,0,0,0,-1
poster,slint_internal_hit,170,36100,1,0,0,0,-1
poster,slint_internal_hit,171,36200,1,0,0,0,-1
poster,slint_internal_hit,172,36200,1,0,0,0,-1
poster,slint_internal_hit,173,36700,1,0,0,0,-1
poster,slint_internal_hit,174,36200,1,0,0,0,-1
poster,slint_internal_hit,175,36300,1,0,0,0,-1
poster,slint_internal_hit,176,36800,1,0,0,0,-1
poster,slint_internal_hit,177,35700,1,0,0,0,-1
poster,slint_internal_hit,178,35800,1,0,0,0,-1
poster,slint_internal_hit,179,36500,1,0,0,0,-1
poster,slint_internal_hit,180,36200,1,0,0,0,-1
poster,slint_internal_hit,181,36300,1,0,0,0,-1
poster,slint_internal_hit,182,36600,1,0,0,0,-1
poster,slint_internal_hit,183,35900,1,0,0,0,-1
poster,slint_internal_hit,184,36400,1,0,0,0,-1
poster,slint_internal_hit,185,38000,1,0,0,0,-1
poster,slint_internal_hit,186,36200,1,0,0,0,-1
poster,slint_internal_hit,187,42300,1,0,0,0,-1
poster,slint_internal_hit,188,36200,1,0,0,0,-1
poster,slint_internal_hit,189,40500,1,0,0,0,-1
poster,slint_internal_hit,190,36700,1,0,0,0,-1
poster,slint_internal_hit,191,36100,1,0,0,0,-1
poster,slint_internal_hit,192,77800,1,0,0,0,-1
poster,slint_internal_hit,193,36900,1,0,0,0,-1
poster,slint_internal_hit,194,34700,1,0,0,0,-1
poster,slint_internal_hit,195,35100,1,0,0,0,-1
poster,slint_internal_hit,196,35900,1,0,0,0,-1
poster,slint_internal_hit,197,34700,1,0,0,0,-1
poster,slint_internal_hit,198,35100,1,0,0,0,-1
poster,slint_internal_hit,199,35200,1,0,0,0,-1
poster,slint_internal_hit,200,35000,1,0,0,0,-1
poster,slint_internal_hit,201,35200,1,0,0,0,-1
poster,slint_internal_hit,202,35000,1,0,0,0,-1
poster,slint_internal_hit,203,35200,1,0,0,0,-1
poster,slint_internal_hit,204,35700,1,0,0,0,-1
poster,slint_internal_hit,205,35200,1,0,0,0,-1
poster,slint_internal_hit,206,35100,1,0,0,0,-1
poster,slint_internal_hit,207,34800,1,0,0,0,-1
poster,slint_internal_hit,208,34800,1,0,0,0,-1
poster,slint_internal_hit,209,44500,1,0,0,0,-1
poster,slint_internal_hit,210,53900,1,0,0,0,-1
poster,slint_internal_hit,211,35900,1,0,0,0,-1
poster,slint_internal_hit,212,42700,1,0,0,0,-1
poster,slint_internal_hit,213,44900,1,0,0,0,-1
poster,slint_internal_hit,214,37100,1,0,0,0,-1
poster,slint_internal_hit,215,51700,1,0,0,0,-1
poster,slint_internal_hit,216,36900,1,0,0,0,-1
poster,slint_internal_hit,217,37300,1,0,0,0,-1
poster,slint_internal_hit,218,36800,1,0,0,0,-1
poster,slint_internal_hit,219,36000,1,0,0,0,-1
poster,slint_internal_hit,220,36600,1,0,0,0,-1
poster,slint_internal_hit,221,35800,1,0,0,0,-1
poster,slint_internal_hit,222,35800,1,0,0,0,-1
poster,slint_internal_hit,223,36900,1,0,0,0,-1
poster,slint_internal_hit,224,36600,1,0,0,0,-1
poster,slint_internal_hit,225,36400,1,0,0,0,-1
poster,slint_internal_hit,226,35900,1,0,0,0,-1
poster,slint_internal_hit,227,35600,1,0,0,0,-1
poster,slint_internal_hit,228,36100,1,0,0,0,-1
poster,slint_internal_hit,229,35800,1,0,0,0,-1
poster,slint_internal_hit,230,45400,1,0,0,0,-1
poster,slint_internal_hit,231,37600,1,0,0,0,-1
poster,slint_internal_hit,232,35500,1,0,0,0,-1
poster,slint_internal_hit,233,36200,1,0,0,0,-1
poster,slint_internal_hit,234,36100,1,0,0,0,-1
poster,slint_internal_hit,235,44500,1,0,0,0,-1
poster,slint_internal_hit,236,50200,1,0,0,0,-1
poster,slint_internal_hit,237,34600,1,0,0,0,-1
poster,slint_internal_hit,238,35100,1,0,0,0,-1
poster,slint_internal_hit,239,35300,1,0,0,0,-1
poster,slint_internal_hit,240,34700,1,0,0,0,-1
poster,slint_internal_hit,241,34700,1,0,0,0,-1
poster,slint_internal_hit,242,35400,1,0,0,0,-1
poster,slint_internal_hit,243,35200,1,0,0,0,-1
poster,slint_internal_hit,244,35300,1,0,0,0,-1
poster,slint_internal_hit,245,34900,1,0,0,0,-1
poster,slint_internal_hit,246,34900,1,0,0,0,-1
poster,slint_internal_hit,247,35200,1,0,0,0,-1
poster,slint_internal_hit,248,34600,1,0,0,0,-1
poster,slint_internal_hit,249,35000,1,0,0,0,-1
poster,slint_internal_hit,250,35100,1,0,0,0,-1
poster,slint_internal_hit,251,34900,1,0,0,0,-1
poster,slint_internal_hit,252,35800,1,0,0,0,-1
poster,slint_internal_hit,253,34800,1,0,0,0,-1
poster,slint_internal_hit,254,34800,1,0,0,0,-1
poster,slint_internal_hit,255,35300,1,0,0,0,-1
poster,slint_internal_hit,256,39800,1,0,0,0,-1
poster,slint_internal_hit,257,35300,1,0,0,0,-1
poster,slint_internal_hit,258,35200,1,0,0,0,-1
poster,slint_internal_hit,259,34600,1,0,0,0,-1
poster,slint_internal_hit,260,34800,1,0,0,0,-1
poster,slint_internal_hit,261,49800,1,0,0,0,-1
poster,slint_internal_hit,262,33800,1,0,0,0,-1
poster,slint_internal_hit,263,34300,1,0,0,0,-1
poster,slint_internal_hit,264,33800,1,0,0,0,-1
poster,slint_internal_hit,265,42200,1,0,0,0,-1
poster,slint_internal_hit,266,34700,1,0,0,0,-1
poster,slint_internal_hit,267,33900,1,0,0,0,-1
poster,slint_internal_hit,268,34300,1,0,0,0,-1
poster,slint_internal_hit,269,34300,1,0,0,0,-1
poster,slint_internal_hit,270,34100,1,0,0,0,-1
poster,slint_internal_hit,271,34300,1,0,0,0,-1
poster,slint_internal_hit,272,33700,1,0,0,0,-1
poster,slint_internal_hit,273,33900,1,0,0,0,-1
poster,slint_internal_hit,274,34500,1,0,0,0,-1
poster,slint_internal_hit,275,33700,1,0,0,0,-1
poster,slint_internal_hit,276,34100,1,0,0,0,-1
poster,slint_internal_hit,277,34200,1,0,0,0,-1
poster,slint_internal_hit,278,34100,1,0,0,0,-1
poster,slint_internal_hit,279,36600,1,0,0,0,-1
poster,slint_internal_hit,280,34800,1,0,0,0,-1
poster,slint_internal_hit,281,34000,1,0,0,0,-1
poster,slint_internal_hit,282,34400,1,0,0,0,-1
poster,slint_internal_hit,283,33900,1,0,0,0,-1
poster,slint_internal_hit,284,34000,1,0,0,0,-1
poster,slint_internal_hit,285,34500,1,0,0,0,-1
poster,slint_internal_hit,286,33800,1,0,0,0,-1
poster,slint_internal_hit,287,47500,1,0,0,0,-1
poster,slint_internal_hit,288,32400,1,0,0,0,-1
poster,slint_internal_hit,289,32500,1,0,0,0,-1
poster,slint_internal_hit,290,32600,1,0,0,0,-1
poster,slint_internal_hit,291,32400,1,0,0,0,-1
poster,slint_internal_hit,292,32400,1,0,0,0,-1
poster,slint_internal_hit,293,32800,1,0,0,0,-1
poster,slint_internal_hit,294,32700,1,0,0,0,-1
poster,slint_internal_hit,295,32500,1,0,0,0,-1
poster,slint_internal_hit,296,32400,1,0,0,0,-1
poster,slint_internal_hit,297,32500,1,0,0,0,-1
poster,slint_internal_hit,298,32600,1,0,0,0,-1
poster,slint_internal_hit,299,32400,1,0,0,0,-1
poster,slint_internal_hit,300,32500,1,0,0,0,-1
poster,slint_internal_hit,301,32800,1,0,0,0,-1
poster,slint_internal_hit,302,32200,1,0,0,0,-1
poster,slint_internal_hit,303,33300,1,0,0,0,-1
poster,slint_internal_hit,304,33300,1,0,0,0,-1
poster,slint_internal_hit,305,32500,1,0,0,0,-1
poster,slint_internal_hit,306,33000,1,0,0,0,-1
poster,slint_internal_hit,307,32100,1,0,0,0,-1
poster,slint_internal_hit,308,32900,1,0,0,0,-1
poster,slint_internal_hit,309,32800,1,0,0,0,-1
poster,slint_internal_hit,310,32500,1,0,0,0,-1
poster,slint_internal_hit,311,32400,1,0,0,0,-1
poster,slint_internal_hit,312,32900,1,0,0,0,-1
poster,slint_internal_hit,313,32500,1,0,0,0,-1
poster,slint_internal_hit,314,32700,1,0,0,0,-1
poster,slint_internal_hit,315,32400,1,0,0,0,-1
poster,slint_internal_hit,316,32700,1,0,0,0,-1
poster,slint_internal_hit,317,33000,1,0,0,0,-1
poster,slint_internal_hit,318,32300,1,0,0,0,-1
poster,slint_internal_hit,319,32400,1,0,0,0,-1
poster,slint_internal_hit,320,32700,1,0,0,0,-1
poster,slint_internal_hit,321,32400,1,0,0,0,-1
poster,slint_internal_hit,322,33300,1,0,0,0,-1
poster,slint_internal_hit,323,32400,1,0,0,0,-1
poster,slint_internal_hit,324,32700,1,0,0,0,-1
poster,slint_internal_hit,325,32900,1,0,0,0,-1
poster,slint_internal_hit,326,32300,1,0,0,0,-1
poster,slint_internal_hit,327,32600,1,0,0,0,-1
poster,slint_internal_hit,328,32600,1,0,0,0,-1
poster,slint_internal_hit,329,32300,1,0,0,0,-1
poster,slint_internal_hit,330,33100,1,0,0,0,-1
poster,slint_internal_hit,331,41700,1,0,0,0,-1
poster,slint_internal_hit,332,35300,1,0,0,0,-1
poster,slint_internal_hit,333,33100,1,0,0,0,-1
poster,slint_internal_hit,334,32400,1,0,0,0,-1
poster,slint_internal_hit,335,32600,1,0,0,0,-1
poster,slint_internal_hit,336,33500,1,0,0,0,-1
poster,slint_internal_hit,337,32200,1,0,0,0,-1
poster,slint_internal_hit,338,32700,1,0,0,0,-1
poster,slint_internal_hit,339,32600,1,0,0,0,-1
poster,slint_internal_hit,340,32500,1,0,0,0,-1
poster,slint_internal_hit,341,42800,1,0,0,0,-1
poster,slint_internal_hit,342,32400,1,0,0,0,-1
poster,slint_internal_hit,343,32500,1,0,0,0,-1
poster,slint_internal_hit,344,32900,1,0,0,0,-1
poster,slint_internal_hit,345,32300,1,0,0,0,-1
poster,slint_internal_hit,346,32600,1,0,0,0,-1
poster,slint_internal_hit,347,32400,1,0,0,0,-1
poster,slint_internal_hit,348,32400,1,0,0,0,-1
poster,slint_internal_hit,349,32600,1,0,0,0,-1
poster,slint_internal_hit,350,32400,1,0,0,0,-1
poster,slint_internal_hit,351,32400,1,0,0,0,-1
poster,slint_internal_hit,352,32700,1,0,0,0,-1
poster,slint_internal_hit,353,32000,1,0,0,0,-1
poster,slint_internal_hit,354,32500,1,0,0,0,-1
poster,slint_internal_hit,355,32700,1,0,0,0,-1
poster,slint_internal_hit,356,32600,1,0,0,0,-1
poster,slint_internal_hit,357,32800,1,0,0,0,-1
poster,slint_internal_hit,358,32100,1,0,0,0,-1
poster,slint_internal_hit,359,32400,1,0,0,0,-1
poster,slint_internal_hit,360,32800,1,0,0,0,-1
poster,slint_internal_hit,361,31800,1,0,0,0,-1
poster,slint_internal_hit,362,32400,1,0,0,0,-1
poster,slint_internal_hit,363,32700,1,0,0,0,-1
poster,slint_internal_hit,364,32900,1,0,0,0,-1
poster,slint_internal_hit,365,32600,1,0,0,0,-1
poster,slint_internal_hit,366,32100,1,0,0,0,-1
poster,slint_internal_hit,367,32500,1,0,0,0,-1
poster,slint_internal_hit,368,33000,1,0,0,0,-1
poster,slint_internal_hit,369,32100,1,0,0,0,-1
poster,slint_internal_hit,370,32500,1,0,0,0,-1
poster,slint_internal_hit,371,32300,1,0,0,0,-1
poster,slint_internal_hit,372,32600,1,0,0,0,-1
poster,slint_internal_hit,373,32700,1,0,0,0,-1
poster,slint_internal_hit,374,32200,1,0,0,0,-1
poster,slint_internal_hit,375,32300,1,0,0,0,-1
poster,slint_internal_hit,376,32600,1,0,0,0,-1
poster,slint_internal_hit,377,32100,1,0,0,0,-1
poster,slint_internal_hit,378,32900,1,0,0,0,-1
poster,slint_internal_hit,379,32700,1,0,0,0,-1
poster,slint_internal_hit,380,32600,1,0,0,0,-1
poster,slint_internal_hit,381,32800,1,0,0,0,-1
poster,slint_internal_hit,382,32000,1,0,0,0,-1
poster,slint_internal_hit,383,32200,1,0,0,0,-1
poster,slint_internal_hit,384,38600,1,0,0,0,-1
poster,slint_internal_hit,385,33200,1,0,0,0,-1
poster,slint_internal_hit,386,32300,1,0,0,0,-1
poster,slint_internal_hit,387,32700,1,0,0,0,-1
poster,slint_internal_hit,388,31900,1,0,0,0,-1
poster,slint_internal_hit,389,32300,1,0,0,0,-1
poster,slint_internal_hit,390,33400,1,0,0,0,-1
poster,slint_internal_hit,391,32700,1,0,0,0,-1
poster,slint_internal_hit,392,33400,1,0,0,0,-1
poster,slint_internal_hit,393,32500,1,0,0,0,-1
poster,slint_internal_hit,394,32400,1,0,0,0,-1
poster,slint_internal_hit,395,32700,1,0,0,0,-1
poster,slint_internal_hit,396,32000,1,0,0,0,-1
poster,slint_internal_hit,397,32100,1,0,0,0,-1
poster,slint_internal_hit,398,32400,1,0,0,0,-1
poster,slint_internal_hit,399,32500,1,0,0,0,-1
poster,slint_internal_hit,400,32600,1,0,0,0,-1
poster,slint_internal_hit,401,32100,1,0,0,0,-1
poster,slint_internal_hit,402,32200,1,0,0,0,-1
poster,slint_internal_hit,403,32400,1,0,0,0,-1
poster,slint_internal_hit,404,31900,1,0,0,0,-1
poster,slint_internal_hit,405,32400,1,0,0,0,-1
poster,slint_internal_hit,406,32900,1,0,0,0,-1
poster,slint_internal_hit,407,32400,1,0,0,0,-1
poster,slint_internal_hit,408,32500,1,0,0,0,-1
poster,slint_internal_hit,409,36400,1,0,0,0,-1
poster,slint_internal_hit,410,32800,1,0,0,0,-1
poster,slint_internal_hit,411,32800,1,0,0,0,-1
poster,slint_internal_hit,412,32100,1,0,0,0,-1
poster,slint_internal_hit,413,32300,1,0,0,0,-1
poster,slint_internal_hit,414,32800,1,0,0,0,-1
poster,slint_internal_hit,415,32200,1,0,0,0,-1
poster,slint_internal_hit,416,32700,1,0,0,0,-1
poster,slint_internal_hit,417,32500,1,0,0,0,-1
poster,slint_internal_hit,418,32500,1,0,0,0,-1
poster,slint_internal_hit,419,32700,1,0,0,0,-1
poster,slint_internal_hit,420,32800,1,0,0,0,-1
poster,slint_internal_hit,421,32400,1,0,0,0,-1
poster,slint_internal_hit,422,32800,1,0,0,0,-1
poster,slint_internal_hit,423,32000,1,0,0,0,-1
poster,slint_internal_hit,424,32400,1,0,0,0,-1
poster,slint_internal_hit,425,32800,1,0,0,0,-1
poster,slint_internal_hit,426,32500,1,0,0,0,-1
poster,slint_internal_hit,427,32800,1,0,0,0,-1
poster,slint_internal_hit,428,32200,1,0,0,0,-1
poster,slint_internal_hit,429,32200,1,0,0,0,-1
poster,slint_internal_hit,430,32600,1,0,0,0,-1
poster,slint_internal_hit,431,32200,1,0,0,0,-1
poster,slint_internal_hit,432,32400,1,0,0,0,-1
poster,slint_internal_hit,433,75200,1,0,0,0,-1
poster,slint_internal_hit,434,57100,1,0,0,0,-1
poster,slint_internal_hit,435,40800,1,0,0,0,-1
poster,slint_internal_hit,436,33300,1,0,0,0,-1
poster,slint_internal_hit,437,32700,1,0,0,0,-1
poster,slint_internal_hit,438,33200,1,0,0,0,-1
poster,slint_internal_hit,439,32200,1,0,0,0,-1
poster,slint_internal_hit,440,32800,1,0,0,0,-1
poster,slint_internal_hit,441,32800,1,0,0,0,-1
poster,slint_internal_hit,442,32500,1,0,0,0,-1
poster,slint_internal_hit,443,39400,1,0,0,0,-1
poster,slint_internal_hit,444,32700,1,0,0,0,-1
poster,slint_internal_hit,445,32600,1,0,0,0,-1
poster,slint_internal_hit,446,33000,1,0,0,0,-1
poster,slint_internal_hit,447,32100,1,0,0,0,-1
poster,slint_internal_hit,448,32500,1,0,0,0,-1
poster,slint_internal_hit,449,32500,1,0,0,0,-1
poster,slint_internal_hit,450,32700,1,0,0,0,-1
poster,slint_internal_hit,451,32700,1,0,0,0,-1
poster,slint_internal_hit,452,32200,1,0,0,0,-1
poster,slint_internal_hit,453,32600,1,0,0,0,-1
poster,slint_internal_hit,454,32800,1,0,0,0,-1
poster,slint_internal_hit,455,32400,1,0,0,0,-1
poster,slint_internal_hit,456,32600,1,0,0,0,-1
poster,slint_internal_hit,457,32800,1,0,0,0,-1
poster,slint_internal_hit,458,32500,1,0,0,0,-1
poster,slint_internal_hit,459,33000,1,0,0,0,-1
poster,slint_internal_hit,460,32700,1,0,0,0,-1
poster,slint_internal_hit,461,32500,1,0,0,0,-1
poster,slint_internal_hit,462,32700,1,0,0,0,-1
poster,slint_internal_hit,463,32200,1,0,0,0,-1
poster,slint_internal_hit,464,32400,1,0,0,0,-1
poster,slint_internal_hit,465,32900,1,0,0,0,-1
poster,slint_internal_hit,466,32500,1,0,0,0,-1
poster,slint_internal_hit,467,32800,1,0,0,0,-1
poster,slint_internal_hit,468,32200,1,0,0,0,-1
poster,slint_internal_hit,469,32600,1,0,0,0,-1
poster,slint_internal_hit,470,33200,1,0,0,0,-1
poster,slint_internal_hit,471,32400,1,0,0,0,-1
poster,slint_internal_hit,472,39600,1,0,0,0,-1
poster,slint_internal_hit,473,33500,1,0,0,0,-1
poster,slint_internal_hit,474,32400,1,0,0,0,-1
poster,slint_internal_hit,475,32500,1,0,0,0,-1
poster,slint_internal_hit,476,32700,1,0,0,0,-1
poster,slint_internal_hit,477,42500,1,0,0,0,-1
poster,slint_internal_hit,478,34100,1,0,0,0,-1
poster,slint_internal_hit,479,32600,1,0,0,0,-1
poster,slint_internal_hit,480,32900,1,0,0,0,-1
poster,slint_internal_hit,481,32900,1,0,0,0,-1
poster,slint_internal_hit,482,32600,1,0,0,0,-1
poster,slint_internal_hit,483,32400,1,0,0,0,-1
poster,slint_internal_hit,484,32800,1,0,0,0,-1
poster,slint_internal_hit,485,32300,1,0,0,0,-1
poster,slint_internal_hit,486,32300,1,0,0,0,-1
poster,slint_internal_hit,487,33100,1,0,0,0,-1
poster,slint_internal_hit,488,32400,1,0,0,0,-1
poster,slint_internal_hit,489,32800,1,0,0,0,-1
poster,slint_internal_hit,490,32500,1,0,0,0,-1
poster,slint_internal_hit,491,38000,1,0,0,0,-1
poster,slint_internal_hit,492,38500,1,0,0,0,-1
poster,slint_internal_hit,493,37700,1,0,0,0,-1
poster,slint_internal_hit,494,38200,1,0,0,0,-1
poster,slint_internal_hit,495,37800,1,0,0,0,-1
poster,slint_internal_hit,496,38200,1,0,0,0,-1
poster,slint_internal_hit,497,38500,1,0,0,0,-1
poster,slint_internal_hit,498,37800,1,0,0,0,-1
poster,slint_internal_hit,499,37700,1,0,0,0,-1
poster,explicit_hit,0,900,1,1,0,0,-1
poster,explicit_hit,1,400,1,1,0,0,-1
poster,explicit_hit,2,200,1,1,0,0,-1
poster,explicit_hit,3,300,1,1,0,0,-1
poster,explicit_hit,4,300,1,1,0,0,-1
poster,explicit_hit,5,300,1,1,0,0,-1
poster,explicit_hit,6,400,1,1,0,0,-1
poster,explicit_hit,7,300,1,1,0,0,-1
poster,explicit_hit,8,300,1,1,0,0,-1
poster,explicit_hit,9,300,1,1,0,0,-1
poster,explicit_hit,10,300,1,1,0,0,-1
poster,explicit_hit,11,300,1,1,0,0,-1
poster,explicit_hit,12,300,1,1,0,0,-1
poster,explicit_hit,13,300,1,1,0,0,-1
poster,explicit_hit,14,100,1,1,0,0,-1
poster,explicit_hit,15,100,1,1,0,0,-1
poster,explicit_hit,16,300,1,1,0,0,-1
poster,explicit_hit,17,200,1,1,0,0,-1
poster,explicit_hit,18,200,1,1,0,0,-1
poster,explicit_hit,19,300,1,1,0,0,-1
poster,explicit_hit,20,300,1,1,0,0,-1
poster,explicit_hit,21,300,1,1,0,0,-1
poster,explicit_hit,22,300,1,1,0,0,-1
poster,explicit_hit,23,300,1,1,0,0,-1
poster,explicit_hit,24,300,1,1,0,0,-1
poster,explicit_hit,25,100,1,1,0,0,-1
poster,explicit_hit,26,400,1,1,0,0,-1
poster,explicit_hit,27,200,1,1,0,0,-1
poster,explicit_hit,28,200,1,1,0,0,-1
poster,explicit_hit,29,200,1,1,0,0,-1
poster,explicit_hit,30,200,1,1,0,0,-1
poster,explicit_hit,31,100,1,1,0,0,-1
poster,explicit_hit,32,200,1,1,0,0,-1
poster,explicit_hit,33,200,1,1,0,0,-1
poster,explicit_hit,34,100,1,1,0,0,-1
poster,explicit_hit,35,100,1,1,0,0,-1
poster,explicit_hit,36,200,1,1,0,0,-1
poster,explicit_hit,37,100,1,1,0,0,-1
poster,explicit_hit,38,200,1,1,0,0,-1
poster,explicit_hit,39,100,1,1,0,0,-1
poster,explicit_hit,40,100,1,1,0,0,-1
poster,explicit_hit,41,200,1,1,0,0,-1
poster,explicit_hit,42,100,1,1,0,0,-1
poster,explicit_hit,43,200,1,1,0,0,-1
poster,explicit_hit,44,200,1,1,0,0,-1
poster,explicit_hit,45,100,1,1,0,0,-1
poster,explicit_hit,46,100,1,1,0,0,-1
poster,explicit_hit,47,200,1,1,0,0,-1
poster,explicit_hit,48,200,1,1,0,0,-1
poster,explicit_hit,49,200,1,1,0,0,-1
poster,explicit_hit,50,100,1,1,0,0,-1
poster,explicit_hit,51,100,1,1,0,0,-1
poster,explicit_hit,52,200,1,1,0,0,-1
poster,explicit_hit,53,200,1,1,0,0,-1
poster,explicit_hit,54,100,1,1,0,0,-1
poster,explicit_hit,55,100,1,1,0,0,-1
poster,explicit_hit,56,100,1,1,0,0,-1
poster,explicit_hit,57,200,1,1,0,0,-1
poster,explicit_hit,58,200,1,1,0,0,-1
poster,explicit_hit,59,200,1,1,0,0,-1
poster,explicit_hit,60,200,1,1,0,0,-1
poster,explicit_hit,61,100,1,1,0,0,-1
poster,explicit_hit,62,100,1,1,0,0,-1
poster,explicit_hit,63,100,1,1,0,0,-1
poster,explicit_hit,64,200,1,1,0,0,-1
poster,explicit_hit,65,100,1,1,0,0,-1
poster,explicit_hit,66,200,1,1,0,0,-1
poster,explicit_hit,67,100,1,1,0,0,-1
poster,explicit_hit,68,100,1,1,0,0,-1
poster,explicit_hit,69,200,1,1,0,0,-1
poster,explicit_hit,70,100,1,1,0,0,-1
poster,explicit_hit,71,100,1,1,0,0,-1
poster,explicit_hit,72,100,1,1,0,0,-1
poster,explicit_hit,73,200,1,1,0,0,-1
poster,explicit_hit,74,100,1,1,0,0,-1
poster,explicit_hit,75,200,1,1,0,0,-1
poster,explicit_hit,76,200,1,1,0,0,-1
poster,explicit_hit,77,100,1,1,0,0,-1
poster,explicit_hit,78,100,1,1,0,0,-1
poster,explicit_hit,79,100,1,1,0,0,-1
poster,explicit_hit,80,100,1,1,0,0,-1
poster,explicit_hit,81,100,1,1,0,0,-1
poster,explicit_hit,82,100,1,1,0,0,-1
poster,explicit_hit,83,100,1,1,0,0,-1
poster,explicit_hit,84,100,1,1,0,0,-1
poster,explicit_hit,85,100,1,1,0,0,-1
poster,explicit_hit,86,100,1,1,0,0,-1
poster,explicit_hit,87,200,1,1,0,0,-1
poster,explicit_hit,88,100,1,1,0,0,-1
poster,explicit_hit,89,100,1,1,0,0,-1
poster,explicit_hit,90,100,1,1,0,0,-1
poster,explicit_hit,91,200,1,1,0,0,-1
poster,explicit_hit,92,100,1,1,0,0,-1
poster,explicit_hit,93,200,1,1,0,0,-1
poster,explicit_hit,94,100,1,1,0,0,-1
poster,explicit_hit,95,100,1,1,0,0,-1
poster,explicit_hit,96,100,1,1,0,0,-1
poster,explicit_hit,97,200,1,1,0,0,-1
poster,explicit_hit,98,100,1,1,0,0,-1
poster,explicit_hit,99,200,1,1,0,0,-1
poster,explicit_hit,100,200,1,1,0,0,-1
poster,explicit_hit,101,100,1,1,0,0,-1
poster,explicit_hit,102,200,1,1,0,0,-1
poster,explicit_hit,103,100,1,1,0,0,-1
poster,explicit_hit,104,100,1,1,0,0,-1
poster,explicit_hit,105,100,1,1,0,0,-1
poster,explicit_hit,106,100,1,1,0,0,-1
poster,explicit_hit,107,200,1,1,0,0,-1
poster,explicit_hit,108,100,1,1,0,0,-1
poster,explicit_hit,109,200,1,1,0,0,-1
poster,explicit_hit,110,200,1,1,0,0,-1
poster,explicit_hit,111,100,1,1,0,0,-1
poster,explicit_hit,112,100,1,1,0,0,-1
poster,explicit_hit,113,100,1,1,0,0,-1
poster,explicit_hit,114,100,1,1,0,0,-1
poster,explicit_hit,115,100,1,1,0,0,-1
poster,explicit_hit,116,200,1,1,0,0,-1
poster,explicit_hit,117,200,1,1,0,0,-1
poster,explicit_hit,118,200,1,1,0,0,-1
poster,explicit_hit,119,100,1,1,0,0,-1
poster,explicit_hit,120,100,1,1,0,0,-1
poster,explicit_hit,121,100,1,1,0,0,-1
poster,explicit_hit,122,100,1,1,0,0,-1
poster,explicit_hit,123,100,1,1,0,0,-1
poster,explicit_hit,124,100,1,1,0,0,-1
poster,explicit_hit,125,200,1,1,0,0,-1
poster,explicit_hit,126,100,1,1,0,0,-1
poster,explicit_hit,127,100,1,1,0,0,-1
poster,explicit_hit,128,200,1,1,0,0,-1
poster,explicit_hit,129,100,1,1,0,0,-1
poster,explicit_hit,130,200,1,1,0,0,-1
poster,explicit_hit,131,100,1,1,0,0,-1
poster,explicit_hit,132,100,1,1,0,0,-1
poster,explicit_hit,133,200,1,1,0,0,-1
poster,explicit_hit,134,100,1,1,0,0,-1
poster,explicit_hit,135,200,1,1,0,0,-1
poster,explicit_hit,136,100,1,1,0,0,-1
poster,explicit_hit,137,200,1,1,0,0,-1
poster,explicit_hit,138,100,1,1,0,0,-1
poster,explicit_hit,139,200,1,1,0,0,-1
poster,explicit_hit,140,100,1,1,0,0,-1
poster,explicit_hit,141,200,1,1,0,0,-1
poster,explicit_hit,142,100,1,1,0,0,-1
poster,explicit_hit,143,200,1,1,0,0,-1
poster,explicit_hit,144,100,1,1,0,0,-1
poster,explicit_hit,145,200,1,1,0,0,-1
poster,explicit_hit,146,100,1,1,0,0,-1
poster,explicit_hit,147,100,1,1,0,0,-1
poster,explicit_hit,148,100,1,1,0,0,-1
poster,explicit_hit,149,200,1,1,0,0,-1
poster,explicit_hit,150,200,1,1,0,0,-1
poster,explicit_hit,151,100,1,1,0,0,-1
poster,explicit_hit,152,100,1,1,0,0,-1
poster,explicit_hit,153,200,1,1,0,0,-1
poster,explicit_hit,154,100,1,1,0,0,-1
poster,explicit_hit,155,200,1,1,0,0,-1
poster,explicit_hit,156,200,1,1,0,0,-1
poster,explicit_hit,157,100,1,1,0,0,-1
poster,explicit_hit,158,200,1,1,0,0,-1
poster,explicit_hit,159,100,1,1,0,0,-1
poster,explicit_hit,160,100,1,1,0,0,-1
poster,explicit_hit,161,100,1,1,0,0,-1
poster,explicit_hit,162,200,1,1,0,0,-1
poster,explicit_hit,163,100,1,1,0,0,-1
poster,explicit_hit,164,100,1,1,0,0,-1
poster,explicit_hit,165,200,1,1,0,0,-1
poster,explicit_hit,166,100,1,1,0,0,-1
poster,explicit_hit,167,200,1,1,0,0,-1
poster,explicit_hit,168,200,1,1,0,0,-1
poster,explicit_hit,169,100,1,1,0,0,-1
poster,explicit_hit,170,100,1,1,0,0,-1
poster,explicit_hit,171,100,1,1,0,0,-1
poster,explicit_hit,172,100,1,1,0,0,-1
poster,explicit_hit,173,100,1,1,0,0,-1
poster,explicit_hit,174,200,1,1,0,0,-1
poster,explicit_hit,175,100,1,1,0,0,-1
poster,explicit_hit,176,200,1,1,0,0,-1
poster,explicit_hit,177,100,1,1,0,0,-1
poster,explicit_hit,178,100,1,1,0,0,-1
poster,explicit_hit,179,200,1,1,0,0,-1
poster,explicit_hit,180,100,1,1,0,0,-1
poster,explicit_hit,181,100,1,1,0,0,-1
poster,explicit_hit,182,100,1,1,0,0,-1
poster,explicit_hit,183,100,1,1,0,0,-1
poster,explicit_hit,184,100,1,1,0,0,-1
poster,explicit_hit,185,100,1,1,0,0,-1
poster,explicit_hit,186,200,1,1,0,0,-1
poster,explicit_hit,187,200,1,1,0,0,-1
poster,explicit_hit,188,100,1,1,0,0,-1
poster,explicit_hit,189,100,1,1,0,0,-1
poster,explicit_hit,190,200,1,1,0,0,-1
poster,explicit_hit,191,200,1,1,0,0,-1
poster,explicit_hit,192,100,1,1,0,0,-1
poster,explicit_hit,193,100,1,1,0,0,-1
poster,explicit_hit,194,100,1,1,0,0,-1
poster,explicit_hit,195,200,1,1,0,0,-1
poster,explicit_hit,196,100,1,1,0,0,-1
poster,explicit_hit,197,100,1,1,0,0,-1
poster,explicit_hit,198,200,1,1,0,0,-1
poster,explicit_hit,199,100,1,1,0,0,-1
poster,explicit_hit,200,100,1,1,0,0,-1
poster,explicit_hit,201,200,1,1,0,0,-1
poster,explicit_hit,202,100,1,1,0,0,-1
poster,explicit_hit,203,200,1,1,0,0,-1
poster,explicit_hit,204,100,1,1,0,0,-1
poster,explicit_hit,205,200,1,1,0,0,-1
poster,explicit_hit,206,200,1,1,0,0,-1
poster,explicit_hit,207,100,1,1,0,0,-1
poster,explicit_hit,208,100,1,1,0,0,-1
poster,explicit_hit,209,100,1,1,0,0,-1
poster,explicit_hit,210,200,1,1,0,0,-1
poster,explicit_hit,211,100,1,1,0,0,-1
poster,explicit_hit,212,200,1,1,0,0,-1
poster,explicit_hit,213,100,1,1,0,0,-1
poster,explicit_hit,214,100,1,1,0,0,-1
poster,explicit_hit,215,100,1,1,0,0,-1
poster,explicit_hit,216,200,1,1,0,0,-1
poster,explicit_hit,217,100,1,1,0,0,-1
poster,explicit_hit,218,100,1,1,0,0,-1
poster,explicit_hit,219,100,1,1,0,0,-1
poster,explicit_hit,220,200,1,1,0,0,-1
poster,explicit_hit,221,200,1,1,0,0,-1
poster,explicit_hit,222,200,1,1,0,0,-1
poster,explicit_hit,223,100,1,1,0,0,-1
poster,explicit_hit,224,100,1,1,0,0,-1
poster,explicit_hit,225,100,1,1,0,0,-1
poster,explicit_hit,226,100,1,1,0,0,-1
poster,explicit_hit,227,100,1,1,0,0,-1
poster,explicit_hit,228,200,1,1,0,0,-1
poster,explicit_hit,229,200,1,1,0,0,-1
poster,explicit_hit,230,100,1,1,0,0,-1
poster,explicit_hit,231,200,1,1,0,0,-1
poster,explicit_hit,232,200,1,1,0,0,-1
poster,explicit_hit,233,100,1,1,0,0,-1
poster,explicit_hit,234,100,1,1,0,0,-1
poster,explicit_hit,235,100,1,1,0,0,-1
poster,explicit_hit,236,100,1,1,0,0,-1
poster,explicit_hit,237,100,1,1,0,0,-1
poster,explicit_hit,238,100,1,1,0,0,-1
poster,explicit_hit,239,200,1,1,0,0,-1
poster,explicit_hit,240,100,1,1,0,0,-1
poster,explicit_hit,241,100,1,1,0,0,-1
poster,explicit_hit,242,100,1,1,0,0,-1
poster,explicit_hit,243,200,1,1,0,0,-1
poster,explicit_hit,244,200,1,1,0,0,-1
poster,explicit_hit,245,200,1,1,0,0,-1
poster,explicit_hit,246,100,1,1,0,0,-1
poster,explicit_hit,247,100,1,1,0,0,-1
poster,explicit_hit,248,100,1,1,0,0,-1
poster,explicit_hit,249,100,1,1,0,0,-1
poster,explicit_hit,250,100,1,1,0,0,-1
poster,explicit_hit,251,100,1,1,0,0,-1
poster,explicit_hit,252,100,1,1,0,0,-1
poster,explicit_hit,253,100,1,1,0,0,-1
poster,explicit_hit,254,100,1,1,0,0,-1
poster,explicit_hit,255,100,1,1,0,0,-1
poster,explicit_hit,256,100,1,1,0,0,-1
poster,explicit_hit,257,100,1,1,0,0,-1
poster,explicit_hit,258,100,1,1,0,0,-1
poster,explicit_hit,259,100,1,1,0,0,-1
poster,explicit_hit,260,100,1,1,0,0,-1
poster,explicit_hit,261,200,1,1,0,0,-1
poster,explicit_hit,262,100,1,1,0,0,-1
poster,explicit_hit,263,200,1,1,0,0,-1
poster,explicit_hit,264,200,1,1,0,0,-1
poster,explicit_hit,265,100,1,1,0,0,-1
poster,explicit_hit,266,100,1,1,0,0,-1
poster,explicit_hit,267,200,1,1,0,0,-1
poster,explicit_hit,268,100,1,1,0,0,-1
poster,explicit_hit,269,100,1,1,0,0,-1
poster,explicit_hit,270,200,1,1,0,0,-1
poster,explicit_hit,271,100,1,1,0,0,-1
poster,explicit_hit,272,200,1,1,0,0,-1
poster,explicit_hit,273,200,1,1,0,0,-1
poster,explicit_hit,274,200,1,1,0,0,-1
poster,explicit_hit,275,100,1,1,0,0,-1
poster,explicit_hit,276,100,1,1,0,0,-1
poster,explicit_hit,277,200,1,1,0,0,-1
poster,explicit_hit,278,100,1,1,0,0,-1
poster,explicit_hit,279,200,1,1,0,0,-1
poster,explicit_hit,280,200,1,1,0,0,-1
poster,explicit_hit,281,100,1,1,0,0,-1
poster,explicit_hit,282,200,1,1,0,0,-1
poster,explicit_hit,283,200,1,1,0,0,-1
poster,explicit_hit,284,200,1,1,0,0,-1
poster,explicit_hit,285,200,1,1,0,0,-1
poster,explicit_hit,286,100,1,1,0,0,-1
poster,explicit_hit,287,100,1,1,0,0,-1
poster,explicit_hit,288,100,1,1,0,0,-1
poster,explicit_hit,289,200,1,1,0,0,-1
poster,explicit_hit,290,100,1,1,0,0,-1
poster,explicit_hit,291,200,1,1,0,0,-1
poster,explicit_hit,292,100,1,1,0,0,-1
poster,explicit_hit,293,200,1,1,0,0,-1
poster,explicit_hit,294,100,1,1,0,0,-1
poster,explicit_hit,295,200,1,1,0,0,-1
poster,explicit_hit,296,100,1,1,0,0,-1
poster,explicit_hit,297,200,1,1,0,0,-1
poster,explicit_hit,298,200,1,1,0,0,-1
poster,explicit_hit,299,100,1,1,0,0,-1
poster,explicit_hit,300,100,1,1,0,0,-1
poster,explicit_hit,301,100,1,1,0,0,-1
poster,explicit_hit,302,100,1,1,0,0,-1
poster,explicit_hit,303,100,1,1,0,0,-1
poster,explicit_hit,304,200,1,1,0,0,-1
poster,explicit_hit,305,200,1,1,0,0,-1
poster,explicit_hit,306,200,1,1,0,0,-1
poster,explicit_hit,307,200,1,1,0,0,-1
poster,explicit_hit,308,100,1,1,0,0,-1
poster,explicit_hit,309,100,1,1,0,0,-1
poster,explicit_hit,310,200,1,1,0,0,-1
poster,explicit_hit,311,100,1,1,0,0,-1
poster,explicit_hit,312,100,1,1,0,0,-1
poster,explicit_hit,313,200,1,1,0,0,-1
poster,explicit_hit,314,200,1,1,0,0,-1
poster,explicit_hit,315,200,1,1,0,0,-1
poster,explicit_hit,316,100,1,1,0,0,-1
poster,explicit_hit,317,100,1,1,0,0,-1
poster,explicit_hit,318,100,1,1,0,0,-1
poster,explicit_hit,319,200,1,1,0,0,-1
poster,explicit_hit,320,100,1,1,0,0,-1
poster,explicit_hit,321,100,1,1,0,0,-1
poster,explicit_hit,322,100,1,1,0,0,-1
poster,explicit_hit,323,100,1,1,0,0,-1
poster,explicit_hit,324,100,1,1,0,0,-1
poster,explicit_hit,325,200,1,1,0,0,-1
poster,explicit_hit,326,200,1,1,0,0,-1
poster,explicit_hit,327,100,1,1,0,0,-1
poster,explicit_hit,328,200,1,1,0,0,-1
poster,explicit_hit,329,100,1,1,0,0,-1
poster,explicit_hit,330,200,1,1,0,0,-1
poster,explicit_hit,331,100,1,1,0,0,-1
poster,explicit_hit,332,100,1,1,0,0,-1
poster,explicit_hit,333,200,1,1,0,0,-1
poster,explicit_hit,334,200,1,1,0,0,-1
poster,explicit_hit,335,200,1,1,0,0,-1
poster,explicit_hit,336,100,1,1,0,0,-1
poster,explicit_hit,337,100,1,1,0,0,-1
poster,explicit_hit,338,100,1,1,0,0,-1
poster,explicit_hit,339,200,1,1,0,0,-1
poster,explicit_hit,340,100,1,1,0,0,-1
poster,explicit_hit,341,200,1,1,0,0,-1
poster,explicit_hit,342,100,1,1,0,0,-1
poster,explicit_hit,343,100,1,1,0,0,-1
poster,explicit_hit,344,200,1,1,0,0,-1
poster,explicit_hit,345,100,1,1,0,0,-1
poster,explicit_hit,346,100,1,1,0,0,-1
poster,explicit_hit,347,200,1,1,0,0,-1
poster,explicit_hit,348,200,1,1,0,0,-1
poster,explicit_hit,349,100,1,1,0,0,-1
poster,explicit_hit,350,100,1,1,0,0,-1
poster,explicit_hit,351,100,1,1,0,0,-1
poster,explicit_hit,352,100,1,1,0,0,-1
poster,explicit_hit,353,200,1,1,0,0,-1
poster,explicit_hit,354,100,1,1,0,0,-1
poster,explicit_hit,355,100,1,1,0,0,-1
poster,explicit_hit,356,200,1,1,0,0,-1
poster,explicit_hit,357,200,1,1,0,0,-1
poster,explicit_hit,358,100,1,1,0,0,-1
poster,explicit_hit,359,200,1,1,0,0,-1
poster,explicit_hit,360,200,1,1,0,0,-1
poster,explicit_hit,361,200,1,1,0,0,-1
poster,explicit_hit,362,100,1,1,0,0,-1
poster,explicit_hit,363,100,1,1,0,0,-1
poster,explicit_hit,364,200,1,1,0,0,-1
poster,explicit_hit,365,100,1,1,0,0,-1
poster,explicit_hit,366,100,1,1,0,0,-1
poster,explicit_hit,367,200,1,1,0,0,-1
poster,explicit_hit,368,200,1,1,0,0,-1
poster,explicit_hit,369,200,1,1,0,0,-1
poster,explicit_hit,370,200,1,1,0,0,-1
poster,explicit_hit,371,100,1,1,0,0,-1
poster,explicit_hit,372,100,1,1,0,0,-1
poster,explicit_hit,373,200,1,1,0,0,-1
poster,explicit_hit,374,200,1,1,0,0,-1
poster,explicit_hit,375,100,1,1,0,0,-1
poster,explicit_hit,376,100,1,1,0,0,-1
poster,explicit_hit,377,100,1,1,0,0,-1
poster,explicit_hit,378,200,1,1,0,0,-1
poster,explicit_hit,379,200,1,1,0,0,-1
poster,explicit_hit,380,100,1,1,0,0,-1
poster,explicit_hit,381,200,1,1,0,0,-1
poster,explicit_hit,382,200,1,1,0,0,-1
poster,explicit_hit,383,100,1,1,0,0,-1
poster,explicit_hit,384,100,1,1,0,0,-1
poster,explicit_hit,385,100,1,1,0,0,-1
poster,explicit_hit,386,100,1,1,0,0,-1
poster,explicit_hit,387,100,1,1,0,0,-1
poster,explicit_hit,388,100,1,1,0,0,-1
poster,explicit_hit,389,200,1,1,0,0,-1
poster,explicit_hit,390,100,1,1,0,0,-1
poster,explicit_hit,391,100,1,1,0,0,-1
poster,explicit_hit,392,100,1,1,0,0,-1
poster,explicit_hit,393,200,1,1,0,0,-1
poster,explicit_hit,394,200,1,1,0,0,-1
poster,explicit_hit,395,100,1,1,0,0,-1
poster,explicit_hit,396,200,1,1,0,0,-1
poster,explicit_hit,397,200,1,1,0,0,-1
poster,explicit_hit,398,100,1,1,0,0,-1
poster,explicit_hit,399,100,1,1,0,0,-1
poster,explicit_hit,400,100,1,1,0,0,-1
poster,explicit_hit,401,100,1,1,0,0,-1
poster,explicit_hit,402,100,1,1,0,0,-1
poster,explicit_hit,403,100,1,1,0,0,-1
poster,explicit_hit,404,100,1,1,0,0,-1
poster,explicit_hit,405,200,1,1,0,0,-1
poster,explicit_hit,406,200,1,1,0,0,-1
poster,explicit_hit,407,200,1,1,0,0,-1
poster,explicit_hit,408,200,1,1,0,0,-1
poster,explicit_hit,409,200,1,1,0,0,-1
poster,explicit_hit,410,100,1,1,0,0,-1
poster,explicit_hit,411,100,1,1,0,0,-1
poster,explicit_hit,412,100,1,1,0,0,-1
poster,explicit_hit,413,100,1,1,0,0,-1
poster,explicit_hit,414,100,1,1,0,0,-1
poster,explicit_hit,415,200,1,1,0,0,-1
poster,explicit_hit,416,200,1,1,0,0,-1
poster,explicit_hit,417,100,1,1,0,0,-1
poster,explicit_hit,418,100,1,1,0,0,-1
poster,explicit_hit,419,100,1,1,0,0,-1
poster,explicit_hit,420,100,1,1,0,0,-1
poster,explicit_hit,421,100,1,1,0,0,-1
poster,explicit_hit,422,200,1,1,0,0,-1
poster,explicit_hit,423,100,1,1,0,0,-1
poster,explicit_hit,424,200,1,1,0,0,-1
poster,explicit_hit,425,200,1,1,0,0,-1
poster,explicit_hit,426,200,1,1,0,0,-1
poster,explicit_hit,427,100,1,1,0,0,-1
poster,explicit_hit,428,100,1,1,0,0,-1
poster,explicit_hit,429,100,1,1,0,0,-1
poster,explicit_hit,430,200,1,1,0,0,-1
poster,explicit_hit,431,200,1,1,0,0,-1
poster,explicit_hit,432,200,1,1,0,0,-1
poster,explicit_hit,433,200,1,1,0,0,-1
poster,explicit_hit,434,100,1,1,0,0,-1
poster,explicit_hit,435,200,1,1,0,0,-1
poster,explicit_hit,436,200,1,1,0,0,-1
poster,explicit_hit,437,200,1,1,0,0,-1
poster,explicit_hit,438,100,1,1,0,0,-1
poster,explicit_hit,439,100,1,1,0,0,-1
poster,explicit_hit,440,100,1,1,0,0,-1
poster,explicit_hit,441,100,1,1,0,0,-1
poster,explicit_hit,442,200,1,1,0,0,-1
poster,explicit_hit,443,100,1,1,0,0,-1
poster,explicit_hit,444,100,1,1,0,0,-1
poster,explicit_hit,445,100,1,1,0,0,-1
poster,explicit_hit,446,100,1,1,0,0,-1
poster,explicit_hit,447,100,1,1,0,0,-1
poster,explicit_hit,448,200,1,1,0,0,-1
poster,explicit_hit,449,200,1,1,0,0,-1
poster,explicit_hit,450,100,1,1,0,0,-1
poster,explicit_hit,451,100,1,1,0,0,-1
poster,explicit_hit,452,200,1,1,0,0,-1
poster,explicit_hit,453,100,1,1,0,0,-1
poster,explicit_hit,454,100,1,1,0,0,-1
poster,explicit_hit,455,200,1,1,0,0,-1
poster,explicit_hit,456,200,1,1,0,0,-1
poster,explicit_hit,457,100,1,1,0,0,-1
poster,explicit_hit,458,100,1,1,0,0,-1
poster,explicit_hit,459,200,1,1,0,0,-1
poster,explicit_hit,460,200,1,1,0,0,-1
poster,explicit_hit,461,200,1,1,0,0,-1
poster,explicit_hit,462,100,1,1,0,0,-1
poster,explicit_hit,463,100,1,1,0,0,-1
poster,explicit_hit,464,100,1,1,0,0,-1
poster,explicit_hit,465,200,1,1,0,0,-1
poster,explicit_hit,466,100,1,1,0,0,-1
poster,explicit_hit,467,100,1,1,0,0,-1
poster,explicit_hit,468,100,1,1,0,0,-1
poster,explicit_hit,469,100,1,1,0,0,-1
poster,explicit_hit,470,200,1,1,0,0,-1
poster,explicit_hit,471,100,1,1,0,0,-1
poster,explicit_hit,472,100,1,1,0,0,-1
poster,explicit_hit,473,100,1,1,0,0,-1
poster,explicit_hit,474,100,1,1,0,0,-1
poster,explicit_hit,475,200,1,1,0,0,-1
poster,explicit_hit,476,200,1,1,0,0,-1
poster,explicit_hit,477,100,1,1,0,0,-1
poster,explicit_hit,478,200,1,1,0,0,-1
poster,explicit_hit,479,200,1,1,0,0,-1
poster,explicit_hit,480,200,1,1,0,0,-1
poster,explicit_hit,481,200,1,1,0,0,-1
poster,explicit_hit,482,200,1,1,0,0,-1
poster,explicit_hit,483,100,1,1,0,0,-1
poster,explicit_hit,484,100,1,1,0,0,-1
poster,explicit_hit,485,100,1,1,0,0,-1
poster,explicit_hit,486,100,1,1,0,0,-1
poster,explicit_hit,487,100,1,1,0,0,-1
poster,explicit_hit,488,100,1,1,0,0,-1
poster,explicit_hit,489,200,1,1,0,0,-1
poster,explicit_hit,490,100,1,1,0,0,-1
poster,explicit_hit,491,200,1,1,0,0,-1
poster,explicit_hit,492,100,1,1,0,0,-1
poster,explicit_hit,493,100,1,1,0,0,-1
poster,explicit_hit,494,200,1,1,0,0,-1
poster,explicit_hit,495,200,1,1,0,0,-1
poster,explicit_hit,496,200,1,1,0,0,-1
poster,explicit_hit,497,200,1,1,0,0,-1
poster,explicit_hit,498,200,1,1,0,0,-1
poster,explicit_hit,499,100,1,1,0,0,-1
poster,nine_new_images,0,7162100,9,0,9,9,-1
poster,nine_new_images,1,7611600,9,0,9,9,-1
poster,nine_new_images,2,7321000,9,0,9,9,-1
poster,nine_new_images,3,7408600,9,0,9,9,-1
poster,nine_new_images,4,7355900,9,0,9,9,-1
poster,nine_new_images,5,7534200,9,0,9,9,-1
poster,nine_new_images,6,7546700,9,0,9,9,-1
poster,nine_new_images,7,7405400,9,0,9,9,-1
poster,nine_new_images,8,7420300,9,0,9,9,-1
poster,nine_new_images,9,7472900,9,0,9,9,-1
poster,nine_new_images,10,7387800,9,0,9,9,-1
poster,nine_new_images,11,7374600,9,0,9,9,-1
poster,nine_new_images,12,7074500,9,0,9,9,-1
poster,nine_new_images,13,7402800,9,0,9,9,-1
poster,nine_new_images,14,7450100,9,0,9,9,-1
poster,nine_new_images,15,6333000,9,0,9,9,-1
poster,nine_new_images,16,7345500,9,0,9,9,-1
poster,nine_new_images,17,7422800,9,0,9,9,-1
poster,nine_new_images,18,7360000,9,0,9,9,-1
poster,nine_new_images,19,7820000,9,0,9,9,-1
poster,nine_new_images,20,7393500,9,0,9,9,-1
poster,nine_new_images,21,6627700,9,0,9,9,-1
poster,nine_new_images,22,7533300,9,0,9,9,-1
poster,nine_new_images,23,7629900,9,0,9,9,-1
poster,nine_new_images,24,7215100,9,0,9,9,-1
poster,nine_new_images,25,7351800,9,0,9,9,-1
poster,nine_new_images,26,7591600,9,0,9,9,-1
poster,nine_new_images,27,7539600,9,0,9,9,-1
poster,nine_new_images,28,7336600,9,0,9,9,-1
poster,nine_new_images,29,7371100,9,0,9,9,-1
poster,nine_new_images,30,7559900,9,0,9,9,-1
poster,nine_new_images,31,7387100,9,0,9,9,-1
poster,nine_new_images,32,10530600,9,0,9,9,-1
poster,nine_new_images,33,7708100,9,0,9,9,-1
poster,nine_new_images,34,7703900,9,0,9,9,-1
poster,nine_new_images,35,7236000,9,0,9,9,-1
poster,nine_new_images,36,7538500,9,0,9,9,-1
poster,nine_new_images,37,7477800,9,0,9,9,-1
poster,nine_new_images,38,7686700,9,0,9,9,-1
poster,nine_new_images,39,7491300,9,0,9,9,-1
poster,nine_new_images,40,7348500,9,0,9,9,-1
poster,nine_new_images,41,7080700,9,0,9,9,-1
poster,nine_new_images,42,7129500,9,0,9,9,-1
poster,nine_new_images,43,7546700,9,0,9,9,-1
poster,nine_new_images,44,7432600,9,0,9,9,-1
poster,nine_new_images,45,7489600,9,0,9,9,-1
poster,nine_new_images,46,6837600,9,0,9,9,-1
poster,nine_new_images,47,7784900,9,0,9,9,-1
poster,nine_new_images,48,7183400,9,0,9,9,-1
poster,nine_new_images,49,6969000,9,0,9,9,-1
