category,case,sample,elapsed_ns,rows,hits,misses,evictions,selected_id
overhead,timer_pair,0,0,0,0,0,0,-1
overhead,timer_pair,1,100,0,0,0,0,-1
overhead,timer_pair,2,0,0,0,0,0,-1
overhead,timer_pair,3,0,0,0,0,0,-1
overhead,timer_pair,4,0,0,0,0,0,-1
overhead,timer_pair,5,0,0,0,0,0,-1
overhead,timer_pair,6,100,0,0,0,0,-1
overhead,timer_pair,7,0,0,0,0,0,-1
overhead,timer_pair,8,0,0,0,0,0,-1
overhead,timer_pair,9,100,0,0,0,0,-1
overhead,timer_pair,10,100,0,0,0,0,-1
overhead,timer_pair,11,0,0,0,0,0,-1
overhead,timer_pair,12,0,0,0,0,0,-1
overhead,timer_pair,13,0,0,0,0,0,-1
overhead,timer_pair,14,100,0,0,0,0,-1
overhead,timer_pair,15,0,0,0,0,0,-1
overhead,timer_pair,16,0,0,0,0,0,-1
overhead,timer_pair,17,100,0,0,0,0,-1
overhead,timer_pair,18,100,0,0,0,0,-1
overhead,timer_pair,19,100,0,0,0,0,-1
overhead,timer_pair,20,100,0,0,0,0,-1
overhead,timer_pair,21,0,0,0,0,0,-1
overhead,timer_pair,22,0,0,0,0,0,-1
overhead,timer_pair,23,100,0,0,0,0,-1
overhead,timer_pair,24,100,0,0,0,0,-1
overhead,timer_pair,25,100,0,0,0,0,-1
overhead,timer_pair,26,0,0,0,0,0,-1
overhead,timer_pair,27,0,0,0,0,0,-1
overhead,timer_pair,28,0,0,0,0,0,-1
overhead,timer_pair,29,100,0,0,0,0,-1
overhead,timer_pair,30,100,0,0,0,0,-1
overhead,timer_pair,31,0,0,0,0,0,-1
overhead,timer_pair,32,0,0,0,0,0,-1
overhead,timer_pair,33,0,0,0,0,0,-1
overhead,timer_pair,34,100,0,0,0,0,-1
overhead,timer_pair,35,0,0,0,0,0,-1
overhead,timer_pair,36,0,0,0,0,0,-1
overhead,timer_pair,37,0,0,0,0,0,-1
overhead,timer_pair,38,0,0,0,0,0,-1
overhead,timer_pair,39,0,0,0,0,0,-1
overhead,timer_pair,40,100,0,0,0,0,-1
overhead,timer_pair,41,0,0,0,0,0,-1
overhead,timer_pair,42,0,0,0,0,0,-1
overhead,timer_pair,43,100,0,0,0,0,-1
overhead,timer_pair,44,100,0,0,0,0,-1
overhead,timer_pair,45,100,0,0,0,0,-1
overhead,timer_pair,46,0,0,0,0,0,-1
overhead,timer_pair,47,0,0,0,0,0,-1
overhead,timer_pair,48,100,0,0,0,0,-1
overhead,timer_pair,49,0,0,0,0,0,-1
overhead,timer_pair,50,0,0,0,0,0,-1
overhead,timer_pair,51,0,0,0,0,0,-1
overhead,timer_pair,52,0,0,0,0,0,-1
overhead,timer_pair,53,100,0,0,0,0,-1
overhead,timer_pair,54,100,0,0,0,0,-1
overhead,timer_pair,55,0,0,0,0,0,-1
overhead,timer_pair,56,100,0,0,0,0,-1
overhead,timer_pair,57,100,0,0,0,0,-1
overhead,timer_pair,58,0,0,0,0,0,-1
overhead,timer_pair,59,100,0,0,0,0,-1
overhead,timer_pair,60,0,0,0,0,0,-1
overhead,timer_pair,61,100,0,0,0,0,-1
overhead,timer_pair,62,0,0,0,0,0,-1
overhead,timer_pair,63,100,0,0,0,0,-1
overhead,timer_pair,64,100,0,0,0,0,-1
overhead,timer_pair,65,0,0,0,0,0,-1
overhead,timer_pair,66,0,0,0,0,0,-1
overhead,timer_pair,67,0,0,0,0,0,-1
overhead,timer_pair,68,0,0,0,0,0,-1
overhead,timer_pair,69,100,0,0,0,0,-1
overhead,timer_pair,70,0,0,0,0,0,-1
overhead,timer_pair,71,100,0,0,0,0,-1
overhead,timer_pair,72,0,0,0,0,0,-1
overhead,timer_pair,73,0,0,0,0,0,-1
overhead,timer_pair,74,0,0,0,0,0,-1
overhead,timer_pair,75,100,0,0,0,0,-1
overhead,timer_pair,76,0,0,0,0,0,-1
overhead,timer_pair,77,0,0,0,0,0,-1
overhead,timer_pair,78,100,0,0,0,0,-1
overhead,timer_pair,79,100,0,0,0,0,-1
overhead,timer_pair,80,100,0,0,0,0,-1
overhead,timer_pair,81,0,0,0,0,0,-1
overhead,timer_pair,82,0,0,0,0,0,-1
overhead,timer_pair,83,0,0,0,0,0,-1
overhead,timer_pair,84,0,0,0,0,0,-1
overhead,timer_pair,85,0,0,0,0,0,-1
overhead,timer_pair,86,0,0,0,0,0,-1
overhead,timer_pair,87,0,0,0,0,0,-1
overhead,timer_pair,88,0,0,0,0,0,-1
overhead,timer_pair,89,100,0,0,0,0,-1
overhead,timer_pair,90,100,0,0,0,0,-1
overhead,timer_pair,91,0,0,0,0,0,-1
overhead,timer_pair,92,0,0,0,0,0,-1
overhead,timer_pair,93,0,0,0,0,0,-1
overhead,timer_pair,94,100,0,0,0,0,-1
overhead,timer_pair,95,0,0,0,0,0,-1
overhead,timer_pair,96,0,0,0,0,0,-1
overhead,timer_pair,97,0,0,0,0,0,-1
overhead,timer_pair,98,0,0,0,0,0,-1
overhead,timer_pair,99,0,0,0,0,0,-1
overhead,timer_pair,100,100,0,0,0,0,-1
overhead,timer_pair,101,0,0,0,0,0,-1
overhead,timer_pair,102,0,0,0,0,0,-1
overhead,timer_pair,103,100,0,0,0,0,-1
overhead,timer_pair,104,0,0,0,0,0,-1
overhead,timer_pair,105,0,0,0,0,0,-1
overhead,timer_pair,106,0,0,0,0,0,-1
overhead,timer_pair,107,0,0,0,0,0,-1
overhead,timer_pair,108,0,0,0,0,0,-1
overhead,timer_pair,109,0,0,0,0,0,-1
overhead,timer_pair,110,0,0,0,0,0,-1
overhead,timer_pair,111,0,0,0,0,0,-1
overhead,timer_pair,112,0,0,0,0,0,-1
overhead,timer_pair,113,100,0,0,0,0,-1
overhead,timer_pair,114,0,0,0,0,0,-1
overhead,timer_pair,115,0,0,0,0,0,-1
overhead,timer_pair,116,0,0,0,0,0,-1
overhead,timer_pair,117,100,0,0,0,0,-1
overhead,timer_pair,118,100,0,0,0,0,-1
overhead,timer_pair,119,100,0,0,0,0,-1
overhead,timer_pair,120,0,0,0,0,0,-1
overhead,timer_pair,121,0,0,0,0,0,-1
overhead,timer_pair,122,0,0,0,0,0,-1
overhead,timer_pair,123,0,0,0,0,0,-1
overhead,timer_pair,124,0,0,0,0,0,-1
overhead,timer_pair,125,100,0,0,0,0,-1
overhead,timer_pair,126,100,0,0,0,0,-1
overhead,timer_pair,127,0,0,0,0,0,-1
overhead,timer_pair,128,0,0,0,0,0,-1
overhead,timer_pair,129,0,0,0,0,0,-1
overhead,timer_pair,130,100,0,0,0,0,-1
overhead,timer_pair,131,100,0,0,0,0,-1
overhead,timer_pair,132,0,0,0,0,0,-1
overhead,timer_pair,133,0,0,0,0,0,-1
overhead,timer_pair,134,0,0,0,0,0,-1
overhead,timer_pair,135,100,0,0,0,0,-1
overhead,timer_pair,136,0,0,0,0,0,-1
overhead,timer_pair,137,0,0,0,0,0,-1
overhead,timer_pair,138,0,0,0,0,0,-1
overhead,timer_pair,139,100,0,0,0,0,-1
overhead,timer_pair,140,0,0,0,0,0,-1
overhead,timer_pair,141,0,0,0,0,0,-1
overhead,timer_pair,142,0,0,0,0,0,-1
overhead,timer_pair,143,100,0,0,0,0,-1
overhead,timer_pair,144,0,0,0,0,0,-1
overhead,timer_pair,145,0,0,0,0,0,-1
overhead,timer_pair,146,100,0,0,0,0,-1
overhead,timer_pair,147,0,0,0,0,0,-1
overhead,timer_pair,148,0,0,0,0,0,-1
overhead,timer_pair,149,0,0,0,0,0,-1
overhead,timer_pair,150,100,0,0,0,0,-1
overhead,timer_pair,151,100,0,0,0,0,-1
overhead,timer_pair,152,100,0,0,0,0,-1
overhead,timer_pair,153,0,0,0,0,0,-1
overhead,timer_pair,154,100,0,0,0,0,-1
overhead,timer_pair,155,100,0,0,0,0,-1
overhead,timer_pair,156,0,0,0,0,0,-1
overhead,timer_pair,157,100,0,0,0,0,-1
overhead,timer_pair,158,0,0,0,0,0,-1
overhead,timer_pair,159,100,0,0,0,0,-1
overhead,timer_pair,160,0,0,0,0,0,-1
overhead,timer_pair,161,0,0,0,0,0,-1
overhead,timer_pair,162,100,0,0,0,0,-1
overhead,timer_pair,163,0,0,0,0,0,-1
overhead,timer_pair,164,0,0,0,0,0,-1
overhead,timer_pair,165,100,0,0,0,0,-1
overhead,timer_pair,166,0,0,0,0,0,-1
overhead,timer_pair,167,100,0,0,0,0,-1
overhead,timer_pair,168,0,0,0,0,0,-1
overhead,timer_pair,169,0,0,0,0,0,-1
overhead,timer_pair,170,100,0,0,0,0,-1
overhead,timer_pair,171,100,0,0,0,0,-1
overhead,timer_pair,172,100,0,0,0,0,-1
overhead,timer_pair,173,0,0,0,0,0,-1
overhead,timer_pair,174,100,0,0,0,0,-1
overhead,timer_pair,175,0,0,0,0,0,-1
overhead,timer_pair,176,0,0,0,0,0,-1
overhead,timer_pair,177,0,0,0,0,0,-1
overhead,timer_pair,178,0,0,0,0,0,-1
overhead,timer_pair,179,100,0,0,0,0,-1
overhead,timer_pair,180,0,0,0,0,0,-1
overhead,timer_pair,181,100,0,0,0,0,-1
overhead,timer_pair,182,100,0,0,0,0,-1
overhead,timer_pair,183,0,0,0,0,0,-1
overhead,timer_pair,184,0,0,0,0,0,-1
overhead,timer_pair,185,0,0,0,0,0,-1
overhead,timer_pair,186,0,0,0,0,0,-1
overhead,timer_pair,187,100,0,0,0,0,-1
overhead,timer_pair,188,0,0,0,0,0,-1
overhead,timer_pair,189,0,0,0,0,0,-1
overhead,timer_pair,190,100,0,0,0,0,-1
overhead,timer_pair,191,0,0,0,0,0,-1
overhead,timer_pair,192,0,0,0,0,0,-1
overhead,timer_pair,193,100,0,0,0,0,-1
overhead,timer_pair,194,100,0,0,0,0,-1
overhead,timer_pair,195,100,0,0,0,0,-1
overhead,timer_pair,196,100,0,0,0,0,-1
overhead,timer_pair,197,0,0,0,0,0,-1
overhead,timer_pair,198,100,0,0,0,0,-1
overhead,timer_pair,199,100,0,0,0,0,-1
overhead,timer_pair,200,0,0,0,0,0,-1
overhead,timer_pair,201,100,0,0,0,0,-1
overhead,timer_pair,202,0,0,0,0,0,-1
overhead,timer_pair,203,100,0,0,0,0,-1
overhead,timer_pair,204,0,0,0,0,0,-1
overhead,timer_pair,205,100,0,0,0,0,-1
overhead,timer_pair,206,0,0,0,0,0,-1
overhead,timer_pair,207,100,0,0,0,0,-1
overhead,timer_pair,208,0,0,0,0,0,-1
overhead,timer_pair,209,0,0,0,0,0,-1
overhead,timer_pair,210,100,0,0,0,0,-1
overhead,timer_pair,211,0,0,0,0,0,-1
overhead,timer_pair,212,0,0,0,0,0,-1
overhead,timer_pair,213,100,0,0,0,0,-1
overhead,timer_pair,214,0,0,0,0,0,-1
overhead,timer_pair,215,0,0,0,0,0,-1
overhead,timer_pair,216,0,0,0,0,0,-1
overhead,timer_pair,217,0,0,0,0,0,-1
overhead,timer_pair,218,0,0,0,0,0,-1
overhead,timer_pair,219,100,0,0,0,0,-1
overhead,timer_pair,220,100,0,0,0,0,-1
overhead,timer_pair,221,0,0,0,0,0,-1
overhead,timer_pair,222,0,0,0,0,0,-1
overhead,timer_pair,223,0,0,0,0,0,-1
overhead,timer_pair,224,0,0,0,0,0,-1
overhead,timer_pair,225,0,0,0,0,0,-1
overhead,timer_pair,226,0,0,0,0,0,-1
overhead,timer_pair,227,0,0,0,0,0,-1
overhead,timer_pair,228,0,0,0,0,0,-1
overhead,timer_pair,229,100,0,0,0,0,-1
overhead,timer_pair,230,0,0,0,0,0,-1
overhead,timer_pair,231,100,0,0,0,0,-1
overhead,timer_pair,232,100,0,0,0,0,-1
overhead,timer_pair,233,100,0,0,0,0,-1
overhead,timer_pair,234,0,0,0,0,0,-1
overhead,timer_pair,235,0,0,0,0,0,-1
overhead,timer_pair,236,0,0,0,0,0,-1
overhead,timer_pair,237,100,0,0,0,0,-1
overhead,timer_pair,238,0,0,0,0,0,-1
overhead,timer_pair,239,0,0,0,0,0,-1
overhead,timer_pair,240,0,0,0,0,0,-1
overhead,timer_pair,241,100,0,0,0,0,-1
overhead,timer_pair,242,100,0,0,0,0,-1
overhead,timer_pair,243,100,0,0,0,0,-1
overhead,timer_pair,244,100,0,0,0,0,-1
overhead,timer_pair,245,100,0,0,0,0,-1
overhead,timer_pair,246,100,0,0,0,0,-1
overhead,timer_pair,247,0,0,0,0,0,-1
overhead,timer_pair,248,100,0,0,0,0,-1
overhead,timer_pair,249,100,0,0,0,0,-1
overhead,timer_pair,250,100,0,0,0,0,-1
overhead,timer_pair,251,0,0,0,0,0,-1
overhead,timer_pair,252,0,0,0,0,0,-1
overhead,timer_pair,253,0,0,0,0,0,-1
overhead,timer_pair,254,100,0,0,0,0,-1
overhead,timer_pair,255,0,0,0,0,0,-1
overhead,timer_pair,256,0,0,0,0,0,-1
overhead,timer_pair,257,0,0,0,0,0,-1
overhead,timer_pair,258,0,0,0,0,0,-1
overhead,timer_pair,259,0,0,0,0,0,-1
overhead,timer_pair,260,0,0,0,0,0,-1
overhead,timer_pair,261,0,0,0,0,0,-1
overhead,timer_pair,262,0,0,0,0,0,-1
overhead,timer_pair,263,0,0,0,0,0,-1
overhead,timer_pair,264,0,0,0,0,0,-1
overhead,timer_pair,265,0,0,0,0,0,-1
overhead,timer_pair,266,100,0,0,0,0,-1
overhead,timer_pair,267,0,0,0,0,0,-1
overhead,timer_pair,268,0,0,0,0,0,-1
overhead,timer_pair,269,0,0,0,0,0,-1
overhead,timer_pair,270,0,0,0,0,0,-1
overhead,timer_pair,271,100,0,0,0,0,-1
overhead,timer_pair,272,0,0,0,0,0,-1
overhead,timer_pair,273,0,0,0,0,0,-1
overhead,timer_pair,274,0,0,0,0,0,-1
overhead,timer_pair,275,0,0,0,0,0,-1
overhead,timer_pair,276,0,0,0,0,0,-1
overhead,timer_pair,277,0,0,0,0,0,-1
overhead,timer_pair,278,0,0,0,0,0,-1
overhead,timer_pair,279,0,0,0,0,0,-1
overhead,timer_pair,280,100,0,0,0,0,-1
overhead,timer_pair,281,0,0,0,0,0,-1
overhead,timer_pair,282,0,0,0,0,0,-1
overhead,timer_pair,283,0,0,0,0,0,-1
overhead,timer_pair,284,0,0,0,0,0,-1
overhead,timer_pair,285,0,0,0,0,0,-1
overhead,timer_pair,286,0,0,0,0,0,-1
overhead,timer_pair,287,100,0,0,0,0,-1
overhead,timer_pair,288,100,0,0,0,0,-1
overhead,timer_pair,289,0,0,0,0,0,-1
overhead,timer_pair,290,0,0,0,0,0,-1
overhead,timer_pair,291,0,0,0,0,0,-1
overhead,timer_pair,292,0,0,0,0,0,-1
overhead,timer_pair,293,100,0,0,0,0,-1
overhead,timer_pair,294,100,0,0,0,0,-1
overhead,timer_pair,295,0,0,0,0,0,-1
overhead,timer_pair,296,0,0,0,0,0,-1
overhead,timer_pair,297,100,0,0,0,0,-1
overhead,timer_pair,298,100,0,0,0,0,-1
overhead,timer_pair,299,0,0,0,0,0,-1
overhead,timer_pair,300,100,0,0,0,0,-1
overhead,timer_pair,301,100,0,0,0,0,-1
overhead,timer_pair,302,0,0,0,0,0,-1
overhead,timer_pair,303,100,0,0,0,0,-1
overhead,timer_pair,304,100,0,0,0,0,-1
overhead,timer_pair,305,100,0,0,0,0,-1
overhead,timer_pair,306,0,0,0,0,0,-1
overhead,timer_pair,307,0,0,0,0,0,-1
overhead,timer_pair,308,0,0,0,0,0,-1
overhead,timer_pair,309,100,0,0,0,0,-1
overhead,timer_pair,310,0,0,0,0,0,-1
overhead,timer_pair,311,0,0,0,0,0,-1
overhead,timer_pair,312,0,0,0,0,0,-1
overhead,timer_pair,313,0,0,0,0,0,-1
overhead,timer_pair,314,0,0,0,0,0,-1
overhead,timer_pair,315,100,0,0,0,0,-1
overhead,timer_pair,316,0,0,0,0,0,-1
overhead,timer_pair,317,100,0,0,0,0,-1
overhead,timer_pair,318,0,0,0,0,0,-1
overhead,timer_pair,319,0,0,0,0,0,-1
overhead,timer_pair,320,0,0,0,0,0,-1
overhead,timer_pair,321,0,0,0,0,0,-1
overhead,timer_pair,322,0,0,0,0,0,-1
overhead,timer_pair,323,0,0,0,0,0,-1
overhead,timer_pair,324,0,0,0,0,0,-1
overhead,timer_pair,325,0,0,0,0,0,-1
overhead,timer_pair,326,0,0,0,0,0,-1
overhead,timer_pair,327,0,0,0,0,0,-1
overhead,timer_pair,328,0,0,0,0,0,-1
overhead,timer_pair,329,100,0,0,0,0,-1
overhead,timer_pair,330,0,0,0,0,0,-1
overhead,timer_pair,331,100,0,0,0,0,-1
overhead,timer_pair,332,0,0,0,0,0,-1
overhead,timer_pair,333,100,0,0,0,0,-1
overhead,timer_pair,334,100,0,0,0,0,-1
overhead,timer_pair,335,0,0,0,0,0,-1
overhead,timer_pair,336,100,0,0,0,0,-1
overhead,timer_pair,337,100,0,0,0,0,-1
overhead,timer_pair,338,0,0,0,0,0,-1
overhead,timer_pair,339,100,0,0,0,0,-1
overhead,timer_pair,340,0,0,0,0,0,-1
overhead,timer_pair,341,100,0,0,0,0,-1
overhead,timer_pair,342,100,0,0,0,0,-1
overhead,timer_pair,343,100,0,0,0,0,-1
overhead,timer_pair,344,100,0,0,0,0,-1
overhead,timer_pair,345,0,0,0,0,0,-1
overhead,timer_pair,346,0,0,0,0,0,-1
overhead,timer_pair,347,100,0,0,0,0,-1
overhead,timer_pair,348,100,0,0,0,0,-1
overhead,timer_pair,349,100,0,0,0,0,-1
overhead,timer_pair,350,0,0,0,0,0,-1
overhead,timer_pair,351,0,0,0,0,0,-1
overhead,timer_pair,352,0,0,0,0,0,-1
overhead,timer_pair,353,100,0,0,0,0,-1
overhead,timer_pair,354,0,0,0,0,0,-1
overhead,timer_pair,355,0,0,0,0,0,-1
overhead,timer_pair,356,0,0,0,0,0,-1
overhead,timer_pair,357,0,0,0,0,0,-1
overhead,timer_pair,358,0,0,0,0,0,-1
overhead,timer_pair,359,100,0,0,0,0,-1
overhead,timer_pair,360,0,0,0,0,0,-1
overhead,timer_pair,361,0,0,0,0,0,-1
overhead,timer_pair,362,0,0,0,0,0,-1
overhead,timer_pair,363,100,0,0,0,0,-1
overhead,timer_pair,364,100,0,0,0,0,-1
overhead,timer_pair,365,100,0,0,0,0,-1
overhead,timer_pair,366,100,0,0,0,0,-1
overhead,timer_pair,367,0,0,0,0,0,-1
overhead,timer_pair,368,0,0,0,0,0,-1
overhead,timer_pair,369,0,0,0,0,0,-1
overhead,timer_pair,370,100,0,0,0,0,-1
overhead,timer_pair,371,100,0,0,0,0,-1
overhead,timer_pair,372,0,0,0,0,0,-1
overhead,timer_pair,373,100,0,0,0,0,-1
overhead,timer_pair,374,100,0,0,0,0,-1
overhead,timer_pair,375,0,0,0,0,0,-1
overhead,timer_pair,376,0,0,0,0,0,-1
overhead,timer_pair,377,0,0,0,0,0,-1
overhead,timer_pair,378,0,0,0,0,0,-1
overhead,timer_pair,379,0,0,0,0,0,-1
overhead,timer_pair,380,0,0,0,0,0,-1
overhead,timer_pair,381,0,0,0,0,0,-1
overhead,timer_pair,382,100,0,0,0,0,-1
overhead,timer_pair,383,0,0,0,0,0,-1
overhead,timer_pair,384,0,0,0,0,0,-1
overhead,timer_pair,385,0,0,0,0,0,-1
overhead,timer_pair,386,0,0,0,0,0,-1
overhead,timer_pair,387,0,0,0,0,0,-1
overhead,timer_pair,388,100,0,0,0,0,-1
overhead,timer_pair,389,100,0,0,0,0,-1
overhead,timer_pair,390,100,0,0,0,0,-1
overhead,timer_pair,391,100,0,0,0,0,-1
overhead,timer_pair,392,0,0,0,0,0,-1
overhead,timer_pair,393,0,0,0,0,0,-1
overhead,timer_pair,394,0,0,0,0,0,-1
overhead,timer_pair,395,0,0,0,0,0,-1
overhead,timer_pair,396,0,0,0,0,0,-1
overhead,timer_pair,397,0,0,0,0,0,-1
overhead,timer_pair,398,100,0,0,0,0,-1
overhead,timer_pair,399,100,0,0,0,0,-1
overhead,timer_pair,400,100,0,0,0,0,-1
overhead,timer_pair,401,100,0,0,0,0,-1
overhead,timer_pair,402,0,0,0,0,0,-1
overhead,timer_pair,403,0,0,0,0,0,-1
overhead,timer_pair,404,0,0,0,0,0,-1
overhead,timer_pair,405,0,0,0,0,0,-1
overhead,timer_pair,406,0,0,0,0,0,-1
overhead,timer_pair,407,0,0,0,0,0,-1
overhead,timer_pair,408,100,0,0,0,0,-1
overhead,timer_pair,409,100,0,0,0,0,-1
overhead,timer_pair,410,0,0,0,0,0,-1
overhead,timer_pair,411,100,0,0,0,0,-1
overhead,timer_pair,412,100,0,0,0,0,-1
overhead,timer_pair,413,0,0,0,0,0,-1
overhead,timer_pair,414,100,0,0,0,0,-1
overhead,timer_pair,415,0,0,0,0,0,-1
overhead,timer_pair,416,0,0,0,0,0,-1
overhead,timer_pair,417,0,0,0,0,0,-1
overhead,timer_pair,418,0,0,0,0,0,-1
overhead,timer_pair,419,100,0,0,0,0,-1
overhead,timer_pair,420,100,0,0,0,0,-1
overhead,timer_pair,421,100,0,0,0,0,-1
overhead,timer_pair,422,0,0,0,0,0,-1
overhead,timer_pair,423,0,0,0,0,0,-1
overhead,timer_pair,424,0,0,0,0,0,-1
overhead,timer_pair,425,0,0,0,0,0,-1
overhead,timer_pair,426,0,0,0,0,0,-1
overhead,timer_pair,427,0,0,0,0,0,-1
overhead,timer_pair,428,100,0,0,0,0,-1
overhead,timer_pair,429,100,0,0,0,0,-1
overhead,timer_pair,430,100,0,0,0,0,-1
overhead,timer_pair,431,0,0,0,0,0,-1
overhead,timer_pair,432,0,0,0,0,0,-1
overhead,timer_pair,433,0,0,0,0,0,-1
overhead,timer_pair,434,0,0,0,0,0,-1
overhead,timer_pair,435,0,0,0,0,0,-1
overhead,timer_pair,436,0,0,0,0,0,-1
overhead,timer_pair,437,0,0,0,0,0,-1
overhead,timer_pair,438,100,0,0,0,0,-1
overhead,timer_pair,439,100,0,0,0,0,-1
overhead,timer_pair,440,100,0,0,0,0,-1
overhead,timer_pair,441,0,0,0,0,0,-1
overhead,timer_pair,442,0,0,0,0,0,-1
overhead,timer_pair,443,0,0,0,0,0,-1
overhead,timer_pair,444,0,0,0,0,0,-1
overhead,timer_pair,445,0,0,0,0,0,-1
overhead,timer_pair,446,0,0,0,0,0,-1
overhead,timer_pair,447,0,0,0,0,0,-1
overhead,timer_pair,448,0,0,0,0,0,-1
overhead,timer_pair,449,100,0,0,0,0,-1
overhead,timer_pair,450,0,0,0,0,0,-1
overhead,timer_pair,451,100,0,0,0,0,-1
overhead,timer_pair,452,100,0,0,0,0,-1
overhead,timer_pair,453,0,0,0,0,0,-1
overhead,timer_pair,454,0,0,0,0,0,-1
overhead,timer_pair,455,100,0,0,0,0,-1
overhead,timer_pair,456,100,0,0,0,0,-1
overhead,timer_pair,457,0,0,0,0,0,-1
overhead,timer_pair,458,0,0,0,0,0,-1
overhead,timer_pair,459,0,0,0,0,0,-1
overhead,timer_pair,460,100,0,0,0,0,-1
overhead,timer_pair,461,0,0,0,0,0,-1
overhead,timer_pair,462,0,0,0,0,0,-1
overhead,timer_pair,463,0,0,0,0,0,-1
overhead,timer_pair,464,0,0,0,0,0,-1
overhead,timer_pair,465,0,0,0,0,0,-1
overhead,timer_pair,466,100,0,0,0,0,-1
overhead,timer_pair,467,100,0,0,0,0,-1
overhead,timer_pair,468,100,0,0,0,0,-1
overhead,timer_pair,469,100,0,0,0,0,-1
overhead,timer_pair,470,0,0,0,0,0,-1
overhead,timer_pair,471,0,0,0,0,0,-1
overhead,timer_pair,472,100,0,0,0,0,-1
overhead,timer_pair,473,100,0,0,0,0,-1
overhead,timer_pair,474,0,0,0,0,0,-1
overhead,timer_pair,475,0,0,0,0,0,-1
overhead,timer_pair,476,0,0,0,0,0,-1
overhead,timer_pair,477,0,0,0,0,0,-1
overhead,timer_pair,478,0,0,0,0,0,-1
overhead,timer_pair,479,100,0,0,0,0,-1
overhead,timer_pair,480,0,0,0,0,0,-1
overhead,timer_pair,481,0,0,0,0,0,-1
overhead,timer_pair,482,0,0,0,0,0,-1
overhead,timer_pair,483,100,0,0,0,0,-1
overhead,timer_pair,484,0,0,0,0,0,-1
overhead,timer_pair,485,0,0,0,0,0,-1
overhead,timer_pair,486,0,0,0,0,0,-1
overhead,timer_pair,487,0,0,0,0,0,-1
overhead,timer_pair,488,0,0,0,0,0,-1
overhead,timer_pair,489,0,0,0,0,0,-1
overhead,timer_pair,490,0,0,0,0,0,-1
overhead,timer_pair,491,0,0,0,0,0,-1
overhead,timer_pair,492,0,0,0,0,0,-1
overhead,timer_pair,493,0,0,0,0,0,-1
overhead,timer_pair,494,0,0,0,0,0,-1
overhead,timer_pair,495,0,0,0,0,0,-1
overhead,timer_pair,496,0,0,0,0,0,-1
overhead,timer_pair,497,0,0,0,0,0,-1
overhead,timer_pair,498,0,0,0,0,0,-1
overhead,timer_pair,499,0,0,0,0,0,-1
overhead,timer_pair,500,100,0,0,0,0,-1
overhead,timer_pair,501,0,0,0,0,0,-1
overhead,timer_pair,502,100,0,0,0,0,-1
overhead,timer_pair,503,100,0,0,0,0,-1
overhead,timer_pair,504,0,0,0,0,0,-1
overhead,timer_pair,505,0,0,0,0,0,-1
overhead,timer_pair,506,0,0,0,0,0,-1
overhead,timer_pair,507,100,0,0,0,0,-1
overhead,timer_pair,508,0,0,0,0,0,-1
overhead,timer_pair,509,0,0,0,0,0,-1
overhead,timer_pair,510,0,0,0,0,0,-1
overhead,timer_pair,511,0,0,0,0,0,-1
overhead,timer_pair,512,100,0,0,0,0,-1
overhead,timer_pair,513,0,0,0,0,0,-1
overhead,timer_pair,514,100,0,0,0,0,-1
overhead,timer_pair,515,0,0,0,0,0,-1
overhead,timer_pair,516,100,0,0,0,0,-1
overhead,timer_pair,517,100,0,0,0,0,-1
overhead,timer_pair,518,100,0,0,0,0,-1
overhead,timer_pair,519,0,0,0,0,0,-1
overhead,timer_pair,520,0,0,0,0,0,-1
overhead,timer_pair,521,0,0,0,0,0,-1
overhead,timer_pair,522,0,0,0,0,0,-1
overhead,timer_pair,523,0,0,0,0,0,-1
overhead,timer_pair,524,0,0,0,0,0,-1
overhead,timer_pair,525,0,0,0,0,0,-1
overhead,timer_pair,526,100,0,0,0,0,-1
overhead,timer_pair,527,0,0,0,0,0,-1
overhead,timer_pair,528,100,0,0,0,0,-1
overhead,timer_pair,529,100,0,0,0,0,-1
overhead,timer_pair,530,100,0,0,0,0,-1
overhead,timer_pair,531,0,0,0,0,0,-1
overhead,timer_pair,532,0,0,0,0,0,-1
overhead,timer_pair,533,100,0,0,0,0,-1
overhead,timer_pair,534,100,0,0,0,0,-1
overhead,timer_pair,535,0,0,0,0,0,-1
overhead,timer_pair,536,0,0,0,0,0,-1
overhead,timer_pair,537,0,0,0,0,0,-1
overhead,timer_pair,538,0,0,0,0,0,-1
overhead,timer_pair,539,0,0,0,0,0,-1
overhead,timer_pair,540,100,0,0,0,0,-1
overhead,timer_pair,541,0,0,0,0,0,-1
overhead,timer_pair,542,0,0,0,0,0,-1
overhead,timer_pair,543,0,0,0,0,0,-1
overhead,timer_pair,544,0,0,0,0,0,-1
overhead,timer_pair,545,100,0,0,0,0,-1
overhead,timer_pair,546,0,0,0,0,0,-1
overhead,timer_pair,547,0,0,0,0,0,-1
overhead,timer_pair,548,100,0,0,0,0,-1
overhead,timer_pair,549,0,0,0,0,0,-1
overhead,timer_pair,550,0,0,0,0,0,-1
overhead,timer_pair,551,100,0,0,0,0,-1
overhead,timer_pair,552,100,0,0,0,0,-1
overhead,timer_pair,553,0,0,0,0,0,-1
overhead,timer_pair,554,0,0,0,0,0,-1
overhead,timer_pair,555,0,0,0,0,0,-1
overhead,timer_pair,556,100,0,0,0,0,-1
overhead,timer_pair,557,100,0,0,0,0,-1
overhead,timer_pair,558,0,0,0,0,0,-1
overhead,timer_pair,559,100,0,0,0,0,-1
overhead,timer_pair,560,100,0,0,0,0,-1
overhead,timer_pair,561,100,0,0,0,0,-1
overhead,timer_pair,562,0,0,0,0,0,-1
overhead,timer_pair,563,0,0,0,0,0,-1
overhead,timer_pair,564,100,0,0,0,0,-1
overhead,timer_pair,565,100,0,0,0,0,-1
overhead,timer_pair,566,0,0,0,0,0,-1
overhead,timer_pair,567,100,0,0,0,0,-1
overhead,timer_pair,568,0,0,0,0,0,-1
overhead,timer_pair,569,100,0,0,0,0,-1
overhead,timer_pair,570,0,0,0,0,0,-1
overhead,timer_pair,571,0,0,0,0,0,-1
overhead,timer_pair,572,100,0,0,0,0,-1
overhead,timer_pair,573,0,0,0,0,0,-1
overhead,timer_pair,574,100,0,0,0,0,-1
overhead,timer_pair,575,0,0,0,0,0,-1
overhead,timer_pair,576,0,0,0,0,0,-1
overhead,timer_pair,577,100,0,0,0,0,-1
overhead,timer_pair,578,0,0,0,0,0,-1
overhead,timer_pair,579,0,0,0,0,0,-1
overhead,timer_pair,580,100,0,0,0,0,-1
overhead,timer_pair,581,100,0,0,0,0,-1
overhead,timer_pair,582,100,0,0,0,0,-1
overhead,timer_pair,583,100,0,0,0,0,-1
overhead,timer_pair,584,0,0,0,0,0,-1
overhead,timer_pair,585,0,0,0,0,0,-1
overhead,timer_pair,586,0,0,0,0,0,-1
overhead,timer_pair,587,0,0,0,0,0,-1
overhead,timer_pair,588,100,0,0,0,0,-1
overhead,timer_pair,589,100,0,0,0,0,-1
overhead,timer_pair,590,0,0,0,0,0,-1
overhead,timer_pair,591,0,0,0,0,0,-1
overhead,timer_pair,592,0,0,0,0,0,-1
overhead,timer_pair,593,100,0,0,0,0,-1
overhead,timer_pair,594,0,0,0,0,0,-1
overhead,timer_pair,595,0,0,0,0,0,-1
overhead,timer_pair,596,0,0,0,0,0,-1
overhead,timer_pair,597,0,0,0,0,0,-1
overhead,timer_pair,598,100,0,0,0,0,-1
overhead,timer_pair,599,0,0,0,0,0,-1
overhead,timer_pair,600,0,0,0,0,0,-1
overhead,timer_pair,601,0,0,0,0,0,-1
overhead,timer_pair,602,0,0,0,0,0,-1
overhead,timer_pair,603,0,0,0,0,0,-1
overhead,timer_pair,604,100,0,0,0,0,-1
overhead,timer_pair,605,0,0,0,0,0,-1
overhead,timer_pair,606,0,0,0,0,0,-1
overhead,timer_pair,607,0,0,0,0,0,-1
overhead,timer_pair,608,100,0,0,0,0,-1
overhead,timer_pair,609,0,0,0,0,0,-1
overhead,timer_pair,610,0,0,0,0,0,-1
overhead,timer_pair,611,0,0,0,0,0,-1
overhead,timer_pair,612,100,0,0,0,0,-1
overhead,timer_pair,613,0,0,0,0,0,-1
overhead,timer_pair,614,100,0,0,0,0,-1
overhead,timer_pair,615,0,0,0,0,0,-1
overhead,timer_pair,616,0,0,0,0,0,-1
overhead,timer_pair,617,100,0,0,0,0,-1
overhead,timer_pair,618,0,0,0,0,0,-1
overhead,timer_pair,619,100,0,0,0,0,-1
overhead,timer_pair,620,0,0,0,0,0,-1
overhead,timer_pair,621,0,0,0,0,0,-1
overhead,timer_pair,622,0,0,0,0,0,-1
overhead,timer_pair,623,0,0,0,0,0,-1
overhead,timer_pair,624,0,0,0,0,0,-1
overhead,timer_pair,625,100,0,0,0,0,-1
overhead,timer_pair,626,0,0,0,0,0,-1
overhead,timer_pair,627,0,0,0,0,0,-1
overhead,timer_pair,628,100,0,0,0,0,-1
overhead,timer_pair,629,0,0,0,0,0,-1
overhead,timer_pair,630,0,0,0,0,0,-1
overhead,timer_pair,631,0,0,0,0,0,-1
overhead,timer_pair,632,0,0,0,0,0,-1
overhead,timer_pair,633,100,0,0,0,0,-1
overhead,timer_pair,634,0,0,0,0,0,-1
overhead,timer_pair,635,0,0,0,0,0,-1
overhead,timer_pair,636,100,0,0,0,0,-1
overhead,timer_pair,637,0,0,0,0,0,-1
overhead,timer_pair,638,0,0,0,0,0,-1
overhead,timer_pair,639,100,0,0,0,0,-1
overhead,timer_pair,640,0,0,0,0,0,-1
overhead,timer_pair,641,0,0,0,0,0,-1
overhead,timer_pair,642,0,0,0,0,0,-1
overhead,timer_pair,643,0,0,0,0,0,-1
overhead,timer_pair,644,0,0,0,0,0,-1
overhead,timer_pair,645,0,0,0,0,0,-1
overhead,timer_pair,646,100,0,0,0,0,-1
overhead,timer_pair,647,0,0,0,0,0,-1
overhead,timer_pair,648,0,0,0,0,0,-1
overhead,timer_pair,649,0,0,0,0,0,-1
overhead,timer_pair,650,0,0,0,0,0,-1
overhead,timer_pair,651,0,0,0,0,0,-1
overhead,timer_pair,652,100,0,0,0,0,-1
overhead,timer_pair,653,100,0,0,0,0,-1
overhead,timer_pair,654,0,0,0,0,0,-1
overhead,timer_pair,655,0,0,0,0,0,-1
overhead,timer_pair,656,100,0,0,0,0,-1
overhead,timer_pair,657,0,0,0,0,0,-1
overhead,timer_pair,658,100,0,0,0,0,-1
overhead,timer_pair,659,0,0,0,0,0,-1
overhead,timer_pair,660,0,0,0,0,0,-1
overhead,timer_pair,661,100,0,0,0,0,-1
overhead,timer_pair,662,100,0,0,0,0,-1
overhead,timer_pair,663,100,0,0,0,0,-1
overhead,timer_pair,664,0,0,0,0,0,-1
overhead,timer_pair,665,100,0,0,0,0,-1
overhead,timer_pair,666,0,0,0,0,0,-1
overhead,timer_pair,667,0,0,0,0,0,-1
overhead,timer_pair,668,0,0,0,0,0,-1
overhead,timer_pair,669,100,0,0,0,0,-1
overhead,timer_pair,670,0,0,0,0,0,-1
overhead,timer_pair,671,100,0,0,0,0,-1
overhead,timer_pair,672,0,0,0,0,0,-1
overhead,timer_pair,673,100,0,0,0,0,-1
overhead,timer_pair,674,0,0,0,0,0,-1
overhead,timer_pair,675,0,0,0,0,0,-1
overhead,timer_pair,676,100,0,0,0,0,-1
overhead,timer_pair,677,100,0,0,0,0,-1
overhead,timer_pair,678,0,0,0,0,0,-1
overhead,timer_pair,679,0,0,0,0,0,-1
overhead,timer_pair,680,0,0,0,0,0,-1
overhead,timer_pair,681,0,0,0,0,0,-1
overhead,timer_pair,682,0,0,0,0,0,-1
overhead,timer_pair,683,0,0,0,0,0,-1
overhead,timer_pair,684,0,0,0,0,0,-1
overhead,timer_pair,685,0,0,0,0,0,-1
overhead,timer_pair,686,0,0,0,0,0,-1
overhead,timer_pair,687,0,0,0,0,0,-1
overhead,timer_pair,688,0,0,0,0,0,-1
overhead,timer_pair,689,0,0,0,0,0,-1
overhead,timer_pair,690,100,0,0,0,0,-1
overhead,timer_pair,691,0,0,0,0,0,-1
overhead,timer_pair,692,0,0,0,0,0,-1
overhead,timer_pair,693,0,0,0,0,0,-1
overhead,timer_pair,694,100,0,0,0,0,-1
overhead,timer_pair,695,0,0,0,0,0,-1
overhead,timer_pair,696,0,0,0,0,0,-1
overhead,timer_pair,697,0,0,0,0,0,-1
overhead,timer_pair,698,100,0,0,0,0,-1
overhead,timer_pair,699,0,0,0,0,0,-1
overhead,timer_pair,700,0,0,0,0,0,-1
overhead,timer_pair,701,100,0,0,0,0,-1
overhead,timer_pair,702,0,0,0,0,0,-1
overhead,timer_pair,703,0,0,0,0,0,-1
overhead,timer_pair,704,0,0,0,0,0,-1
overhead,timer_pair,705,100,0,0,0,0,-1
overhead,timer_pair,706,0,0,0,0,0,-1
overhead,timer_pair,707,0,0,0,0,0,-1
overhead,timer_pair,708,0,0,0,0,0,-1
overhead,timer_pair,709,0,0,0,0,0,-1
overhead,timer_pair,710,0,0,0,0,0,-1
overhead,timer_pair,711,0,0,0,0,0,-1
overhead,timer_pair,712,0,0,0,0,0,-1
overhead,timer_pair,713,100,0,0,0,0,-1
overhead,timer_pair,714,0,0,0,0,0,-1
overhead,timer_pair,715,100,0,0,0,0,-1
overhead,timer_pair,716,100,0,0,0,0,-1
overhead,timer_pair,717,0,0,0,0,0,-1
overhead,timer_pair,718,0,0,0,0,0,-1
overhead,timer_pair,719,0,0,0,0,0,-1
overhead,timer_pair,720,0,0,0,0,0,-1
overhead,timer_pair,721,100,0,0,0,0,-1
overhead,timer_pair,722,0,0,0,0,0,-1
overhead,timer_pair,723,100,0,0,0,0,-1
overhead,timer_pair,724,100,0,0,0,0,-1
overhead,timer_pair,725,0,0,0,0,0,-1
overhead,timer_pair,726,100,0,0,0,0,-1
overhead,timer_pair,727,0,0,0,0,0,-1
overhead,timer_pair,728,0,0,0,0,0,-1
overhead,timer_pair,729,100,0,0,0,0,-1
overhead,timer_pair,730,0,0,0,0,0,-1
overhead,timer_pair,731,100,0,0,0,0,-1
overhead,timer_pair,732,100,0,0,0,0,-1
overhead,timer_pair,733,0,0,0,0,0,-1
overhead,timer_pair,734,100,0,0,0,0,-1
overhead,timer_pair,735,100,0,0,0,0,-1
overhead,timer_pair,736,100,0,0,0,0,-1
overhead,timer_pair,737,0,0,0,0,0,-1
overhead,timer_pair,738,0,0,0,0,0,-1
overhead,timer_pair,739,0,0,0,0,0,-1
overhead,timer_pair,740,0,0,0,0,0,-1
overhead,timer_pair,741,100,0,0,0,0,-1
overhead,timer_pair,742,100,0,0,0,0,-1
overhead,timer_pair,743,0,0,0,0,0,-1
overhead,timer_pair,744,0,0,0,0,0,-1
overhead,timer_pair,745,0,0,0,0,0,-1
overhead,timer_pair,746,100,0,0,0,0,-1
overhead,timer_pair,747,100,0,0,0,0,-1
overhead,timer_pair,748,0,0,0,0,0,-1
overhead,timer_pair,749,0,0,0,0,0,-1
overhead,timer_pair,750,0,0,0,0,0,-1
overhead,timer_pair,751,0,0,0,0,0,-1
overhead,timer_pair,752,100,0,0,0,0,-1
overhead,timer_pair,753,100,0,0,0,0,-1
overhead,timer_pair,754,0,0,0,0,0,-1
overhead,timer_pair,755,0,0,0,0,0,-1
overhead,timer_pair,756,0,0,0,0,0,-1
overhead,timer_pair,757,100,0,0,0,0,-1
overhead,timer_pair,758,0,0,0,0,0,-1
overhead,timer_pair,759,100,0,0,0,0,-1
overhead,timer_pair,760,100,0,0,0,0,-1
overhead,timer_pair,761,0,0,0,0,0,-1
overhead,timer_pair,762,0,0,0,0,0,-1
overhead,timer_pair,763,100,0,0,0,0,-1
overhead,timer_pair,764,100,0,0,0,0,-1
overhead,timer_pair,765,100,0,0,0,0,-1
overhead,timer_pair,766,0,0,0,0,0,-1
overhead,timer_pair,767,0,0,0,0,0,-1
overhead,timer_pair,768,100,0,0,0,0,-1
overhead,timer_pair,769,0,0,0,0,0,-1
overhead,timer_pair,770,100,0,0,0,0,-1
overhead,timer_pair,771,0,0,0,0,0,-1
overhead,timer_pair,772,100,0,0,0,0,-1
overhead,timer_pair,773,100,0,0,0,0,-1
overhead,timer_pair,774,0,0,0,0,0,-1
overhead,timer_pair,775,0,0,0,0,0,-1
overhead,timer_pair,776,0,0,0,0,0,-1
overhead,timer_pair,777,0,0,0,0,0,-1
overhead,timer_pair,778,100,0,0,0,0,-1
overhead,timer_pair,779,100,0,0,0,0,-1
overhead,timer_pair,780,100,0,0,0,0,-1
overhead,timer_pair,781,0,0,0,0,0,-1
overhead,timer_pair,782,100,0,0,0,0,-1
overhead,timer_pair,783,100,0,0,0,0,-1
overhead,timer_pair,784,100,0,0,0,0,-1
overhead,timer_pair,785,0,0,0,0,0,-1
overhead,timer_pair,786,0,0,0,0,0,-1
overhead,timer_pair,787,100,0,0,0,0,-1
overhead,timer_pair,788,0,0,0,0,0,-1
overhead,timer_pair,789,0,0,0,0,0,-1
overhead,timer_pair,790,100,0,0,0,0,-1
overhead,timer_pair,791,0,0,0,0,0,-1
overhead,timer_pair,792,0,0,0,0,0,-1
overhead,timer_pair,793,100,0,0,0,0,-1
overhead,timer_pair,794,100,0,0,0,0,-1
overhead,timer_pair,795,100,0,0,0,0,-1
overhead,timer_pair,796,100,0,0,0,0,-1
overhead,timer_pair,797,0,0,0,0,0,-1
overhead,timer_pair,798,100,0,0,0,0,-1
overhead,timer_pair,799,0,0,0,0,0,-1
overhead,timer_pair,800,100,0,0,0,0,-1
overhead,timer_pair,801,0,0,0,0,0,-1
overhead,timer_pair,802,100,0,0,0,0,-1
overhead,timer_pair,803,0,0,0,0,0,-1
overhead,timer_pair,804,0,0,0,0,0,-1
overhead,timer_pair,805,0,0,0,0,0,-1
overhead,timer_pair,806,0,0,0,0,0,-1
overhead,timer_pair,807,100,0,0,0,0,-1
overhead,timer_pair,808,0,0,0,0,0,-1
overhead,timer_pair,809,0,0,0,0,0,-1
overhead,timer_pair,810,0,0,0,0,0,-1
overhead,timer_pair,811,0,0,0,0,0,-1
overhead,timer_pair,812,0,0,0,0,0,-1
overhead,timer_pair,813,0,0,0,0,0,-1
overhead,timer_pair,814,0,0,0,0,0,-1
overhead,timer_pair,815,0,0,0,0,0,-1
overhead,timer_pair,816,100,0,0,0,0,-1
overhead,timer_pair,817,100,0,0,0,0,-1
overhead,timer_pair,818,100,0,0,0,0,-1
overhead,timer_pair,819,100,0,0,0,0,-1
overhead,timer_pair,820,0,0,0,0,0,-1
overhead,timer_pair,821,100,0,0,0,0,-1
overhead,timer_pair,822,0,0,0,0,0,-1
overhead,timer_pair,823,100,0,0,0,0,-1
overhead,timer_pair,824,0,0,0,0,0,-1
overhead,timer_pair,825,0,0,0,0,0,-1
overhead,timer_pair,826,0,0,0,0,0,-1
overhead,timer_pair,827,100,0,0,0,0,-1
overhead,timer_pair,828,0,0,0,0,0,-1
overhead,timer_pair,829,0,0,0,0,0,-1
overhead,timer_pair,830,0,0,0,0,0,-1
overhead,timer_pair,831,0,0,0,0,0,-1
overhead,timer_pair,832,100,0,0,0,0,-1
overhead,timer_pair,833,100,0,0,0,0,-1
overhead,timer_pair,834,0,0,0,0,0,-1
overhead,timer_pair,835,100,0,0,0,0,-1
overhead,timer_pair,836,0,0,0,0,0,-1
overhead,timer_pair,837,0,0,0,0,0,-1
overhead,timer_pair,838,100,0,0,0,0,-1
overhead,timer_pair,839,0,0,0,0,0,-1
overhead,timer_pair,840,0,0,0,0,0,-1
overhead,timer_pair,841,0,0,0,0,0,-1
overhead,timer_pair,842,100,0,0,0,0,-1
overhead,timer_pair,843,100,0,0,0,0,-1
overhead,timer_pair,844,0,0,0,0,0,-1
overhead,timer_pair,845,0,0,0,0,0,-1
overhead,timer_pair,846,0,0,0,0,0,-1
overhead,timer_pair,847,0,0,0,0,0,-1
overhead,timer_pair,848,100,0,0,0,0,-1
overhead,timer_pair,849,0,0,0,0,0,-1
overhead,timer_pair,850,100,0,0,0,0,-1
overhead,timer_pair,851,0,0,0,0,0,-1
overhead,timer_pair,852,0,0,0,0,0,-1
overhead,timer_pair,853,100,0,0,0,0,-1
overhead,timer_pair,854,0,0,0,0,0,-1
overhead,timer_pair,855,0,0,0,0,0,-1
overhead,timer_pair,856,100,0,0,0,0,-1
overhead,timer_pair,857,100,0,0,0,0,-1
overhead,timer_pair,858,0,0,0,0,0,-1
overhead,timer_pair,859,100,0,0,0,0,-1
overhead,timer_pair,860,0,0,0,0,0,-1
overhead,timer_pair,861,100,0,0,0,0,-1
overhead,timer_pair,862,0,0,0,0,0,-1
overhead,timer_pair,863,0,0,0,0,0,-1
overhead,timer_pair,864,0,0,0,0,0,-1
overhead,timer_pair,865,0,0,0,0,0,-1
overhead,timer_pair,866,0,0,0,0,0,-1
overhead,timer_pair,867,100,0,0,0,0,-1
overhead,timer_pair,868,0,0,0,0,0,-1
overhead,timer_pair,869,100,0,0,0,0,-1
overhead,timer_pair,870,0,0,0,0,0,-1
overhead,timer_pair,871,100,0,0,0,0,-1
overhead,timer_pair,872,100,0,0,0,0,-1
overhead,timer_pair,873,100,0,0,0,0,-1
overhead,timer_pair,874,0,0,0,0,0,-1
overhead,timer_pair,875,0,0,0,0,0,-1
overhead,timer_pair,876,0,0,0,0,0,-1
overhead,timer_pair,877,100,0,0,0,0,-1
overhead,timer_pair,878,0,0,0,0,0,-1
overhead,timer_pair,879,0,0,0,0,0,-1
overhead,timer_pair,880,0,0,0,0,0,-1
overhead,timer_pair,881,100,0,0,0,0,-1
overhead,timer_pair,882,100,0,0,0,0,-1
overhead,timer_pair,883,0,0,0,0,0,-1
overhead,timer_pair,884,0,0,0,0,0,-1
overhead,timer_pair,885,0,0,0,0,0,-1
overhead,timer_pair,886,0,0,0,0,0,-1
overhead,timer_pair,887,0,0,0,0,0,-1
overhead,timer_pair,888,100,0,0,0,0,-1
overhead,timer_pair,889,0,0,0,0,0,-1
overhead,timer_pair,890,100,0,0,0,0,-1
overhead,timer_pair,891,100,0,0,0,0,-1
overhead,timer_pair,892,0,0,0,0,0,-1
overhead,timer_pair,893,0,0,0,0,0,-1
overhead,timer_pair,894,100,0,0,0,0,-1
overhead,timer_pair,895,100,0,0,0,0,-1
overhead,timer_pair,896,0,0,0,0,0,-1
overhead,timer_pair,897,0,0,0,0,0,-1
overhead,timer_pair,898,0,0,0,0,0,-1
overhead,timer_pair,899,0,0,0,0,0,-1
overhead,timer_pair,900,100,0,0,0,0,-1
overhead,timer_pair,901,100,0,0,0,0,-1
overhead,timer_pair,902,0,0,0,0,0,-1
overhead,timer_pair,903,0,0,0,0,0,-1
overhead,timer_pair,904,100,0,0,0,0,-1
overhead,timer_pair,905,0,0,0,0,0,-1
overhead,timer_pair,906,100,0,0,0,0,-1
overhead,timer_pair,907,0,0,0,0,0,-1
overhead,timer_pair,908,100,0,0,0,0,-1
overhead,timer_pair,909,0,0,0,0,0,-1
overhead,timer_pair,910,0,0,0,0,0,-1
overhead,timer_pair,911,100,0,0,0,0,-1
overhead,timer_pair,912,100,0,0,0,0,-1
overhead,timer_pair,913,0,0,0,0,0,-1
overhead,timer_pair,914,0,0,0,0,0,-1
overhead,timer_pair,915,100,0,0,0,0,-1
overhead,timer_pair,916,0,0,0,0,0,-1
overhead,timer_pair,917,0,0,0,0,0,-1
overhead,timer_pair,918,100,0,0,0,0,-1
overhead,timer_pair,919,0,0,0,0,0,-1
overhead,timer_pair,920,0,0,0,0,0,-1
overhead,timer_pair,921,100,0,0,0,0,-1
overhead,timer_pair,922,100,0,0,0,0,-1
overhead,timer_pair,923,100,0,0,0,0,-1
overhead,timer_pair,924,100,0,0,0,0,-1
overhead,timer_pair,925,0,0,0,0,0,-1
overhead,timer_pair,926,0,0,0,0,0,-1
overhead,timer_pair,927,100,0,0,0,0,-1
overhead,timer_pair,928,100,0,0,0,0,-1
overhead,timer_pair,929,100,0,0,0,0,-1
overhead,timer_pair,930,0,0,0,0,0,-1
overhead,timer_pair,931,0,0,0,0,0,-1
overhead,timer_pair,932,0,0,0,0,0,-1
overhead,timer_pair,933,100,0,0,0,0,-1
overhead,timer_pair,934,100,0,0,0,0,-1
overhead,timer_pair,935,0,0,0,0,0,-1
overhead,timer_pair,936,0,0,0,0,0,-1
overhead,timer_pair,937,0,0,0,0,0,-1
overhead,timer_pair,938,0,0,0,0,0,-1
overhead,timer_pair,939,0,0,0,0,0,-1
overhead,timer_pair,940,100,0,0,0,0,-1
overhead,timer_pair,941,0,0,0,0,0,-1
overhead,timer_pair,942,0,0,0,0,0,-1
overhead,timer_pair,943,0,0,0,0,0,-1
overhead,timer_pair,944,0,0,0,0,0,-1
overhead,timer_pair,945,100,0,0,0,0,-1
overhead,timer_pair,946,0,0,0,0,0,-1
overhead,timer_pair,947,0,0,0,0,0,-1
overhead,timer_pair,948,0,0,0,0,0,-1
overhead,timer_pair,949,0,0,0,0,0,-1
overhead,timer_pair,950,100,0,0,0,0,-1
overhead,timer_pair,951,0,0,0,0,0,-1
overhead,timer_pair,952,0,0,0,0,0,-1
overhead,timer_pair,953,100,0,0,0,0,-1
overhead,timer_pair,954,0,0,0,0,0,-1
overhead,timer_pair,955,0,0,0,0,0,-1
overhead,timer_pair,956,0,0,0,0,0,-1
overhead,timer_pair,957,100,0,0,0,0,-1
overhead,timer_pair,958,100,0,0,0,0,-1
overhead,timer_pair,959,100,0,0,0,0,-1
overhead,timer_pair,960,0,0,0,0,0,-1
overhead,timer_pair,961,0,0,0,0,0,-1
overhead,timer_pair,962,0,0,0,0,0,-1
overhead,timer_pair,963,100,0,0,0,0,-1
overhead,timer_pair,964,0,0,0,0,0,-1
overhead,timer_pair,965,100,0,0,0,0,-1
overhead,timer_pair,966,0,0,0,0,0,-1
overhead,timer_pair,967,0,0,0,0,0,-1
overhead,timer_pair,968,0,0,0,0,0,-1
overhead,timer_pair,969,0,0,0,0,0,-1
overhead,timer_pair,970,0,0,0,0,0,-1
overhead,timer_pair,971,0,0,0,0,0,-1
overhead,timer_pair,972,0,0,0,0,0,-1
overhead,timer_pair,973,0,0,0,0,0,-1
overhead,timer_pair,974,0,0,0,0,0,-1
overhead,timer_pair,975,0,0,0,0,0,-1
overhead,timer_pair,976,0,0,0,0,0,-1
overhead,timer_pair,977,0,0,0,0,0,-1
overhead,timer_pair,978,0,0,0,0,0,-1
overhead,timer_pair,979,0,0,0,0,0,-1
overhead,timer_pair,980,100,0,0,0,0,-1
overhead,timer_pair,981,100,0,0,0,0,-1
overhead,timer_pair,982,0,0,0,0,0,-1
overhead,timer_pair,983,0,0,0,0,0,-1
overhead,timer_pair,984,0,0,0,0,0,-1
overhead,timer_pair,985,0,0,0,0,0,-1
overhead,timer_pair,986,0,0,0,0,0,-1
overhead,timer_pair,987,0,0,0,0,0,-1
overhead,timer_pair,988,0,0,0,0,0,-1
overhead,timer_pair,989,100,0,0,0,0,-1
overhead,timer_pair,990,100,0,0,0,0,-1
overhead,timer_pair,991,0,0,0,0,0,-1
overhead,timer_pair,992,0,0,0,0,0,-1
overhead,timer_pair,993,100,0,0,0,0,-1
overhead,timer_pair,994,100,0,0,0,0,-1
overhead,timer_pair,995,100,0,0,0,0,-1
overhead,timer_pair,996,0,0,0,0,0,-1
overhead,timer_pair,997,100,0,0,0,0,-1
overhead,timer_pair,998,0,0,0,0,0,-1
overhead,timer_pair,999,100,0,0,0,0,-1
poster,first_path_decode,0,1244500,1,0,1,0,-1
poster,first_path_decode,1,1036100,1,0,1,0,-1
poster,first_path_decode,2,1225100,1,0,1,0,-1
poster,first_path_decode,3,967500,1,0,1,0,-1
poster,first_path_decode,4,927100,1,0,1,0,-1
poster,first_path_decode,5,993200,1,0,1,0,-1
poster,first_path_decode,6,1015700,1,0,1,0,-1
poster,first_path_decode,7,1104100,1,0,1,0,-1
poster,first_path_decode,8,1070200,1,0,1,0,-1
poster,first_path_decode,9,1262400,1,0,1,0,-1
poster,first_path_decode,10,1066100,1,0,1,0,-1
poster,first_path_decode,11,1097900,1,0,1,0,-1
poster,first_path_decode,12,1129500,1,0,1,0,-1
poster,first_path_decode,13,1059100,1,0,1,0,-1
poster,first_path_decode,14,938200,1,0,1,0,-1
poster,first_path_decode,15,978000,1,0,1,0,-1
poster,first_path_decode,16,945100,1,0,1,0,-1
poster,first_path_decode,17,1161900,1,0,1,0,-1
poster,first_path_decode,18,988700,1,0,1,0,-1
poster,first_path_decode,19,961400,1,0,1,0,-1
poster,first_path_decode,20,1068900,1,0,1,0,-1
poster,first_path_decode,21,1129700,1,0,1,0,-1
poster,first_path_decode,22,1264100,1,0,1,0,-1
poster,first_path_decode,23,1071800,1,0,1,0,-1
poster,first_path_decode,24,1170900,1,0,1,0,-1
poster,first_path_decode,25,1105800,1,0,1,0,-1
poster,first_path_decode,26,1094100,1,0,1,0,-1
poster,first_path_decode,27,1084000,1,0,1,0,-1
poster,first_path_decode,28,1092300,1,0,1,0,-1
poster,first_path_decode,29,1076300,1,0,1,0,-1
poster,first_path_decode,30,1067300,1,0,1,0,-1
poster,first_path_decode,31,1107900,1,0,1,0,-1
poster,first_path_decode,32,1186200,1,0,1,0,-1
poster,first_path_decode,33,1075800,1,0,1,0,-1
poster,first_path_decode,34,1117200,1,0,1,0,-1
poster,first_path_decode,35,1101200,1,0,1,0,-1
poster,first_path_decode,36,1280700,1,0,1,0,-1
poster,first_path_decode,37,1288200,1,0,1,0,-1
poster,first_path_decode,38,1326000,1,0,1,0,-1
poster,first_path_decode,39,1156000,1,0,1,0,-1
poster,first_path_decode,40,1182100,1,0,1,0,-1
poster,first_path_decode,41,1268600,1,0,1,0,-1
poster,first_path_decode,42,1060900,1,0,1,0,-1
poster,first_path_decode,43,1179800,1,0,1,0,-1
poster,first_path_decode,44,1032200,1,0,1,0,-1
poster,first_path_decode,45,1042000,1,0,1,0,-1
poster,first_path_decode,46,1096400,1,0,1,0,-1
poster,first_path_decode,47,1067200,1,0,1,0,-1
poster,first_path_decode,48,1097600,1,0,1,0,-1
poster,first_path_decode,49,1201600,1,0,1,0,-1
poster,first_path_decode,50,1040400,1,0,1,0,-1
poster,first_path_decode,51,1081600,1,0,1,0,-1
poster,first_path_decode,52,1090200,1,0,1,0,-1
poster,first_path_decode,53,1024700,1,0,1,0,-1
poster,first_path_decode,54,1036500,1,0,1,0,-1
poster,first_path_decode,55,1076400,1,0,1,0,-1
poster,first_path_decode,56,1080900,1,0,1,0,-1
poster,first_path_decode,57,1069700,1,0,1,0,-1
poster,first_path_decode,58,1050700,1,0,1,0,-1
poster,first_path_decode,59,1065800,1,0,1,0,-1
poster,first_path_decode,60,1134900,1,0,1,0,-1
poster,first_path_decode,61,1150700,1,0,1,0,-1
poster,first_path_decode,62,1083400,1,0,1,0,-1
poster,first_path_decode,63,1104000,1,0,1,0,-1
poster,first_path_decode,64,1170000,1,0,1,0,-1
poster,first_path_decode,65,1040600,1,0,1,0,-1
poster,first_path_decode,66,1131700,1,0,1,0,-1
poster,first_path_decode,67,1014800,1,0,1,0,-1
poster,first_path_decode,68,1117000,1,0,1,0,-1
poster,first_path_decode,69,1102200,1,0,1,0,-1
poster,first_path_decode,70,1130800,1,0,1,0,-1
poster,first_path_decode,71,1069400,1,0,1,0,-1
poster,first_path_decode,72,1029600,1,0,1,0,-1
poster,first_path_decode,73,1046400,1,0,1,0,-1
poster,first_path_decode,74,1028100,1,0,1,0,-1
poster,first_path_decode,75,980600,1,0,1,0,-1
poster,first_path_decode,76,1045100,1,0,1,0,-1
poster,first_path_decode,77,1092300,1,0,1,0,-1
poster,first_path_decode,78,1163700,1,0,1,0,-1
poster,first_path_decode,79,1174500,1,0,1,0,-1
poster,first_path_decode,80,1117000,1,0,1,0,-1
poster,first_path_decode,81,1052900,1,0,1,0,-1
poster,first_path_decode,82,1054100,1,0,1,0,-1
poster,first_path_decode,83,1104700,1,0,1,0,-1
poster,first_path_decode,84,1000700,1,0,1,0,-1
poster,first_path_decode,85,1118700,1,0,1,0,-1
poster,first_path_decode,86,1069400,1,0,1,0,-1
poster,first_path_decode,87,1037400,1,0,1,0,-1
poster,first_path_decode,88,1062700,1,0,1,0,-1
poster,first_path_decode,89,1119800,1,0,1,0,-1
poster,first_path_decode,90,1101600,1,0,1,0,-1
poster,first_path_decode,91,1141600,1,0,1,0,-1
poster,first_path_decode,92,1173700,1,0,1,0,-1
poster,first_path_decode,93,1105200,1,0,1,0,-1
poster,first_path_decode,94,1039800,1,0,1,0,-1
poster,first_path_decode,95,1143400,1,0,1,0,-1
poster,first_path_decode,96,1056700,1,0,1,0,-1
poster,first_path_decode,97,1021700,1,0,1,0,-1
poster,first_path_decode,98,1133800,1,0,1,0,-1
poster,first_path_decode,99,1124200,1,0,1,0,-1
poster,forced_decode,0,1121100,1,0,1,0,-1
poster,forced_decode,1,1136200,1,0,1,0,-1
poster,forced_decode,2,1139000,1,0,1,0,-1
poster,forced_decode,3,1113000,1,0,1,0,-1
poster,forced_decode,4,1128400,1,0,1,0,-1
poster,forced_decode,5,1137700,1,0,1,0,-1
poster,forced_decode,6,1265700,1,0,1,0,-1
poster,forced_decode,7,1205100,1,0,1,0,-1
poster,forced_decode,8,1087200,1,0,1,0,-1
poster,forced_decode,9,1100300,1,0,1,0,-1
poster,forced_decode,10,1055400,1,0,1,0,-1
poster,forced_decode,11,1142100,1,0,1,0,-1
poster,forced_decode,12,1090200,1,0,1,0,-1
poster,forced_decode,13,1117500,1,0,1,0,-1
poster,forced_decode,14,1125300,1,0,1,0,-1
poster,forced_decode,15,1184300,1,0,1,0,-1
poster,forced_decode,16,1197000,1,0,1,0,-1
poster,forced_decode,17,1129800,1,0,1,0,-1
poster,forced_decode,18,1083800,1,0,1,0,-1
poster,forced_decode,19,1229400,1,0,1,0,-1
poster,forced_decode,20,1157200,1,0,1,0,-1
poster,forced_decode,21,1137300,1,0,1,0,-1
poster,forced_decode,22,1154700,1,0,1,0,-1
poster,forced_decode,23,1109700,1,0,1,0,-1
poster,forced_decode,24,1165600,1,0,1,0,-1
poster,forced_decode,25,1168900,1,0,1,0,-1
poster,forced_decode,26,1081500,1,0,1,0,-1
poster,forced_decode,27,1099300,1,0,1,0,-1
poster,forced_decode,28,1103200,1,0,1,0,-1
poster,forced_decode,29,1112600,1,0,1,0,-1
poster,forced_decode,30,1220100,1,0,1,0,-1
poster,forced_decode,31,1061000,1,0,1,0,-1
poster,forced_decode,32,1012600,1,0,1,0,-1
poster,forced_decode,33,1116400,1,0,1,0,-1
poster,forced_decode,34,1067100,1,0,1,0,-1
poster,forced_decode,35,1021800,1,0,1,0,-1
poster,forced_decode,36,1008300,1,0,1,0,-1
poster,forced_decode,37,1039900,1,0,1,0,-1
poster,forced_decode,38,1010900,1,0,1,0,-1
poster,forced_decode,39,1003100,1,0,1,0,-1
poster,forced_decode,40,992100,1,0,1,0,-1
poster,forced_decode,41,1075600,1,0,1,0,-1
poster,forced_decode,42,1082100,1,0,1,0,-1
poster,forced_decode,43,1076300,1,0,1,0,-1
poster,forced_decode,44,998500,1,0,1,0,-1
poster,forced_decode,45,1058800,1,0,1,0,-1
poster,forced_decode,46,1036900,1,0,1,0,-1
poster,forced_decode,47,1039100,1,0,1,0,-1
poster,forced_decode,48,1016800,1,0,1,0,-1
poster,forced_decode,49,1058900,1,0,1,0,-1
poster,forced_decode,50,1080700,1,0,1,0,-1
poster,forced_decode,51,1123300,1,0,1,0,-1
poster,forced_decode,52,1155700,1,0,1,0,-1
poster,forced_decode,53,1042200,1,0,1,0,-1
poster,forced_decode,54,1071200,1,0,1,0,-1
poster,forced_decode,55,1080100,1,0,1,0,-1
poster,forced_decode,56,1152800,1,0,1,0,-1
poster,forced_decode,57,1136400,1,0,1,0,-1
poster,forced_decode,58,1087600,1,0,1,0,-1
poster,forced_decode,59,1053600,1,0,1,0,-1
poster,forced_decode,60,1221200,1,0,1,0,-1
poster,forced_decode,61,1106400,1,0,1,0,-1
poster,forced_decode,62,1051600,1,0,1,0,-1
poster,forced_decode,63,1055300,1,0,1,0,-1
poster,forced_decode,64,1143300,1,0,1,0,-1
poster,forced_decode,65,1085900,1,0,1,0,-1
poster,forced_decode,66,1113500,1,0,1,0,-1
poster,forced_decode,67,1097700,1,0,1,0,-1
poster,forced_decode,68,1133900,1,0,1,0,-1
poster,forced_decode,69,1119900,1,0,1,0,-1
poster,forced_decode,70,1149700,1,0,1,0,-1
poster,forced_decode,71,1119400,1,0,1,0,-1
poster,forced_decode,72,1105200,1,0,1,0,-1
poster,forced_decode,73,1073100,1,0,1,0,-1
poster,forced_decode,74,1155100,1,0,1,0,-1
poster,forced_decode,75,1170800,1,0,1,0,-1
poster,forced_decode,76,1122300,1,0,1,0,-1
poster,forced_decode,77,1156500,1,0,1,0,-1
poster,forced_decode,78,1160100,1,0,1,0,-1
poster,forced_decode,79,1173300,1,0,1,0,-1
poster,forced_decode,80,1081600,1,0,1,0,-1
poster,forced_decode,81,1130600,1,0,1,0,-1
poster,forced_decode,82,1103500,1,0,1,0,-1
poster,forced_decode,83,1121000,1,0,1,0,-1
poster,forced_decode,84,1079800,1,0,1,0,-1
poster,forced_decode,85,1128500,1,0,1,0,-1
poster,forced_decode,86,1127000,1,0,1,0,-1
poster,forced_decode,87,1296000,1,0,1,0,-1
poster,forced_decode,88,1286200,1,0,1,0,-1
poster,forced_decode,89,1123200,1,0,1,0,-1
poster,forced_decode,90,1121300,1,0,1,0,-1
poster,forced_decode,91,1125500,1,0,1,0,-1
poster,forced_decode,92,1186400,1,0,1,0,-1
poster,forced_decode,93,1173600,1,0,1,0,-1
poster,forced_decode,94,1155200,1,0,1,0,-1
poster,forced_decode,95,1103800,1,0,1,0,-1
poster,forced_decode,96,1177600,1,0,1,0,-1
poster,forced_decode,97,1202700,1,0,1,0,-1
poster,forced_decode,98,1109600,1,0,1,0,-1
poster,forced_decode,99,1104300,1,0,1,0,-1
poster,forced_decode,100,1175600,1,0,1,0,-1
poster,forced_decode,101,1239800,1,0,1,0,-1
poster,forced_decode,102,1140700,1,0,1,0,-1
poster,forced_decode,103,1061700,1,0,1,0,-1
poster,forced_decode,104,1052300,1,0,1,0,-1
poster,forced_decode,105,1161600,1,0,1,0,-1
poster,forced_decode,106,1105100,1,0,1,0,-1
poster,forced_decode,107,1085800,1,0,1,0,-1
poster,forced_decode,108,1070300,1,0,1,0,-1
poster,forced_decode,109,1100600,1,0,1,0,-1
poster,forced_decode,110,1051600,1,0,1,0,-1
poster,forced_decode,111,1081200,1,0,1,0,-1
poster,forced_decode,112,1056900,1,0,1,0,-1
poster,forced_decode,113,1081100,1,0,1,0,-1
poster,forced_decode,114,1116800,1,0,1,0,-1
poster,forced_decode,115,1312700,1,0,1,0,-1
poster,forced_decode,116,1136000,1,0,1,0,-1
poster,forced_decode,117,1095200,1,0,1,0,-1
poster,forced_decode,118,1082100,1,0,1,0,-1
poster,forced_decode,119,1088700,1,0,1,0,-1
poster,forced_decode,120,1073300,1,0,1,0,-1
poster,forced_decode,121,1076700,1,0,1,0,-1
poster,forced_decode,122,1196700,1,0,1,0,-1
poster,forced_decode,123,1176300,1,0,1,0,-1
poster,forced_decode,124,1183100,1,0,1,0,-1
poster,forced_decode,125,1064700,1,0,1,0,-1
poster,forced_decode,126,1041700,1,0,1,0,-1
poster,forced_decode,127,1059900,1,0,1,0,-1
poster,forced_decode,128,1133500,1,0,1,0,-1
poster,forced_decode,129,1237400,1,0,1,0,-1
poster,forced_decode,130,1125800,1,0,1,0,-1
poster,forced_decode,131,1059400,1,0,1,0,-1
poster,forced_decode,132,1147200,1,0,1,0,-1
poster,forced_decode,133,1178400,1,0,1,0,-1
poster,forced_decode,134,1081700,1,0,1,0,-1
poster,forced_decode,135,1084400,1,0,1,0,-1
poster,forced_decode,136,1140100,1,0,1,0,-1
poster,forced_decode,137,1136100,1,0,1,0,-1
poster,forced_decode,138,1113800,1,0,1,0,-1
poster,forced_decode,139,1093300,1,0,1,0,-1
poster,forced_decode,140,1097600,1,0,1,0,-1
poster,forced_decode,141,1201700,1,0,1,0,-1
poster,forced_decode,142,1263400,1,0,1,0,-1
poster,forced_decode,143,1128600,1,0,1,0,-1
poster,forced_decode,144,1133300,1,0,1,0,-1
poster,forced_decode,145,1162500,1,0,1,0,-1
poster,forced_decode,146,1115500,1,0,1,0,-1
poster,forced_decode,147,1133700,1,0,1,0,-1
poster,forced_decode,148,1093800,1,0,1,0,-1
poster,forced_decode,149,1101400,1,0,1,0,-1
poster,forced_decode,150,1112300,1,0,1,0,-1
poster,forced_decode,151,1142900,1,0,1,0,-1
poster,forced_decode,152,1062200,1,0,1,0,-1
poster,forced_decode,153,1098600,1,0,1,0,-1
poster,forced_decode,154,1141000,1,0,1,0,-1
poster,forced_decode,155,1160000,1,0,1,0,-1
poster,forced_decode,156,1266600,1,0,1,0,-1
poster,forced_decode,157,1104300,1,0,1,0,-1
poster,forced_decode,158,1220300,1,0,1,0,-1
poster,forced_decode,159,1764800,1,0,1,0,-1
poster,forced_decode,160,1559100,1,0,1,0,-1
poster,forced_decode,161,1129000,1,0,1,0,-1
poster,forced_decode,162,1174700,1,0,1,0,-1
poster,forced_decode,163,1099400,1,0,1,0,-1
poster,forced_decode,164,1150600,1,0,1,0,-1
poster,forced_decode,165,1087200,1,0,1,0,-1
poster,forced_decode,166,1122100,1,0,1,0,-1
poster,forced_decode,167,1117000,1,0,1,0,-1
poster,forced_decode,168,1184000,1,0,1,0,-1
poster,forced_decode,169,1228800,1,0,1,0,-1
poster,forced_decode,170,1102300,1,0,1,0,-1
poster,forced_decode,171,1140900,1,0,1,0,-1
poster,forced_decode,172,1239600,1,0,1,0,-1
poster,forced_decode,173,1140900,1,0,1,0,-1
poster,forced_decode,174,1124100,1,0,1,0,-1
poster,forced_decode,175,1123700,1,0,1,0,-1
poster,forced_decode,176,1087500,1,0,1,0,-1
poster,forced_decode,177,1148900,1,0,1,0,-1
poster,forced_decode,178,1194000,1,0,1,0,-1
poster,forced_decode,179,1129800,1,0,1,0,-1
poster,forced_decode,180,1078700,1,0,1,0,-1
poster,forced_decode,181,1126000,1,0,1,0,-1
poster,forced_decode,182,1098500,1,0,1,0,-1
poster,forced_decode,183,1143600,1,0,1,0,-1
poster,forced_decode,184,1108500,1,0,1,0,-1
poster,forced_decode,185,1160900,1,0,1,0,-1
poster,forced_decode,186,1329300,1,0,1,0,-1
poster,forced_decode,187,1733300,1,0,1,0,-1
poster,forced_decode,188,1484500,1,0,1,0,-1
poster,forced_decode,189,1434200,1,0,1,0,-1
poster,forced_decode,190,1183500,1,0,1,0,-1
poster,forced_decode,191,936900,1,0,1,0,-1
poster,forced_decode,192,885100,1,0,1,0,-1
poster,forced_decode,193,938900,1,0,1,0,-1
poster,forced_decode,194,955500,1,0,1,0,-1
poster,forced_decode,195,943500,1,0,1,0,-1
poster,forced_decode,196,971000,1,0,1,0,-1
poster,forced_decode,197,814300,1,0,1,0,-1
poster,forced_decode,198,906000,1,0,1,0,-1
poster,forced_decode,199,934200,1,0,1,0,-1
poster,forced_decode,200,843700,1,0,1,0,-1
poster,forced_decode,201,972500,1,0,1,0,-1
poster,forced_decode,202,1015400,1,0,1,0,-1
poster,forced_decode,203,861500,1,0,1,0,-1
poster,forced_decode,204,958700,1,0,1,0,-1
poster,forced_decode,205,989900,1,0,1,0,-1
poster,forced_decode,206,854800,1,0,1,0,-1
poster,forced_decode,207,972200,1,0,1,0,-1
poster,forced_decode,208,1011600,1,0,1,0,-1
poster,forced_decode,209,899500,1,0,1,0,-1
poster,forced_decode,210,960100,1,0,1,0,-1
poster,forced_decode,211,1112800,1,0,1,0,-1
poster,forced_decode,212,926400,1,0,1,0,-1
poster,forced_decode,213,1046600,1,0,1,0,-1
poster,forced_decode,214,1185400,1,0,1,0,-1
poster,forced_decode,215,859100,1,0,1,0,-1
poster,forced_decode,216,891100,1,0,1,0,-1
poster,forced_decode,217,1036800,1,0,1,0,-1
poster,forced_decode,218,978800,1,0,1,0,-1
poster,forced_decode,219,1019900,1,0,1,0,-1
poster,forced_decode,220,1024800,1,0,1,0,-1
poster,forced_decode,221,906000,1,0,1,0,-1
poster,forced_decode,222,1005800,1,0,1,0,-1
poster,forced_decode,223,1050900,1,0,1,0,-1
poster,forced_decode,224,896200,1,0,1,0,-1
poster,forced_decode,225,961800,1,0,1,0,-1
poster,forced_decode,226,1064800,1,0,1,0,-1
poster,forced_decode,227,871300,1,0,1,0,-1
poster,forced_decode,228,1008600,1,0,1,0,-1
poster,forced_decode,229,1041600,1,0,1,0,-1
poster,forced_decode,230,889900,1,0,1,0,-1
poster,forced_decode,231,931200,1,0,1,0,-1
poster,forced_decode,232,1033600,1,0,1,0,-1
poster,forced_decode,233,888700,1,0,1,0,-1
poster,forced_decode,234,1042600,1,0,1,0,-1
poster,forced_decode,235,1079700,1,0,1,0,-1
poster,forced_decode,236,906500,1,0,1,0,-1
poster,forced_decode,237,962400,1,0,1,0,-1
poster,forced_decode,238,1042900,1,0,1,0,-1
poster,forced_decode,239,898800,1,0,1,0,-1
poster,forced_decode,240,981300,1,0,1,0,-1
poster,forced_decode,241,1063900,1,0,1,0,-1
poster,forced_decode,242,880700,1,0,1,0,-1
poster,forced_decode,243,1034000,1,0,1,0,-1
poster,forced_decode,244,1011800,1,0,1,0,-1
poster,forced_decode,245,909400,1,0,1,0,-1
poster,forced_decode,246,964300,1,0,1,0,-1
poster,forced_decode,247,1021700,1,0,1,0,-1
poster,forced_decode,248,912100,1,0,1,0,-1
poster,forced_decode,249,982800,1,0,1,0,-1
poster,forced_decode,250,1035000,1,0,1,0,-1
poster,forced_decode,251,920500,1,0,1,0,-1
poster,forced_decode,252,971500,1,0,1,0,-1
poster,forced_decode,253,1025800,1,0,1,0,-1
poster,forced_decode,254,883800,1,0,1,0,-1
poster,forced_decode,255,1059200,1,0,1,0,-1
poster,forced_decode,256,1082500,1,0,1,0,-1
poster,forced_decode,257,859400,1,0,1,0,-1
poster,forced_decode,258,1074900,1,0,1,0,-1
poster,forced_decode,259,1064000,1,0,1,0,-1
poster,forced_decode,260,881900,1,0,1,0,-1
poster,forced_decode,261,969900,1,0,1,0,-1
poster,forced_decode,262,987200,1,0,1,0,-1
poster,forced_decode,263,846700,1,0,1,0,-1
poster,forced_decode,264,885700,1,0,1,0,-1
poster,forced_decode,265,849700,1,0,1,0,-1
poster,forced_decode,266,786300,1,0,1,0,-1
poster,forced_decode,267,841600,1,0,1,0,-1
poster,forced_decode,268,972100,1,0,1,0,-1
poster,forced_decode,269,806100,1,0,1,0,-1
poster,forced_decode,270,961200,1,0,1,0,-1
poster,forced_decode,271,986800,1,0,1,0,-1
poster,forced_decode,272,984400,1,0,1,0,-1
poster,forced_decode,273,1023100,1,0,1,0,-1
poster,forced_decode,274,1076100,1,0,1,0,-1
poster,forced_decode,275,863700,1,0,1,0,-1
poster,forced_decode,276,955000,1,0,1,0,-1
poster,forced_decode,277,1044300,1,0,1,0,-1
poster,forced_decode,278,829900,1,0,1,0,-1
poster,forced_decode,279,927700,1,0,1,0,-1
poster,forced_decode,280,965600,1,0,1,0,-1
poster,forced_decode,281,861100,1,0,1,0,-1
poster,forced_decode,282,869200,1,0,1,0,-1
poster,forced_decode,283,994300,1,0,1,0,-1
poster,forced_decode,284,807700,1,0,1,0,-1
poster,forced_decode,285,992000,1,0,1,0,-1
poster,forced_decode,286,992600,1,0,1,0,-1
poster,forced_decode,287,904100,1,0,1,0,-1
poster,forced_decode,288,895700,1,0,1,0,-1
poster,forced_decode,289,961500,1,0,1,0,-1
poster,forced_decode,290,869100,1,0,1,0,-1
poster,forced_decode,291,962800,1,0,1,0,-1
poster,forced_decode,292,967600,1,0,1,0,-1
poster,forced_decode,293,823400,1,0,1,0,-1
poster,forced_decode,294,936500,1,0,1,0,-1
poster,forced_decode,295,1008200,1,0,1,0,-1
poster,forced_decode,296,831600,1,0,1,0,-1
poster,forced_decode,297,978800,1,0,1,0,-1
poster,forced_decode,298,1196000,1,0,1,0,-1
poster,forced_decode,299,903000,1,0,1,0,-1
poster,forced_decode,300,961100,1,0,1,0,-1
poster,forced_decode,301,1026200,1,0,1,0,-1
poster,forced_decode,302,874600,1,0,1,0,-1
poster,forced_decode,303,932800,1,0,1,0,-1
poster,forced_decode,304,1171200,1,0,1,0,-1
poster,forced_decode,305,998100,1,0,1,0,-1
poster,forced_decode,306,954300,1,0,1,0,-1
poster,forced_decode,307,1088000,1,0,1,0,-1
poster,forced_decode,308,935800,1,0,1,0,-1
poster,forced_decode,309,1047100,1,0,1,0,-1
poster,forced_decode,310,899300,1,0,1,0,-1
poster,forced_decode,311,1033800,1,0,1,0,-1
poster,forced_decode,312,894400,1,0,1,0,-1
poster,forced_decode,313,853100,1,0,1,0,-1
poster,forced_decode,314,840800,1,0,1,0,-1
poster,forced_decode,315,957900,1,0,1,0,-1
poster,forced_decode,316,981600,1,0,1,0,-1
poster,forced_decode,317,1052300,1,0,1,0,-1
poster,forced_decode,318,1081700,1,0,1,0,-1
poster,forced_decode,319,920200,1,0,1,0,-1
poster,forced_decode,320,987600,1,0,1,0,-1
poster,forced_decode,321,875500,1,0,1,0,-1
poster,forced_decode,322,907300,1,0,1,0,-1
poster,forced_decode,323,861300,1,0,1,0,-1
poster,forced_decode,324,962600,1,0,1,0,-1
poster,forced_decode,325,1011400,1,0,1,0,-1
poster,forced_decode,326,979600,1,0,1,0,-1
poster,forced_decode,327,976100,1,0,1,0,-1
poster,forced_decode,328,961700,1,0,1,0,-1
poster,forced_decode,329,1007000,1,0,1,0,-1
poster,forced_decode,330,924900,1,0,1,0,-1
poster,forced_decode,331,825300,1,0,1,0,-1
poster,forced_decode,332,811900,1,0,1,0,-1
poster,forced_decode,333,981500,1,0,1,0,-1
poster,forced_decode,334,1063000,1,0,1,0,-1
poster,forced_decode,335,918300,1,0,1,0,-1
poster,forced_decode,336,1019600,1,0,1,0,-1
poster,forced_decode,337,958000,1,0,1,0,-1
poster,forced_decode,338,1369600,1,0,1,0,-1
poster,forced_decode,339,1496800,1,0,1,0,-1
poster,forced_decode,340,1565800,1,0,1,0,-1
poster,forced_decode,341,1719700,1,0,1,0,-1
poster,forced_decode,342,1480200,1,0,1,0,-1
poster,forced_decode,343,1476100,1,0,1,0,-1
poster,forced_decode,344,1394900,1,0,1,0,-1
poster,forced_decode,345,1394100,1,0,1,0,-1
poster,forced_decode,346,1350800,1,0,1,0,-1
poster,forced_decode,347,1494300,1,0,1,0,-1
poster,forced_decode,348,1628600,1,0,1,0,-1
poster,forced_decode,349,1451900,1,0,1,0,-1
poster,forced_decode,350,1489100,1,0,1,0,-1
poster,forced_decode,351,1467400,1,0,1,0,-1
poster,forced_decode,352,1429900,1,0,1,0,-1
poster,forced_decode,353,934200,1,0,1,0,-1
poster,forced_decode,354,1038500,1,0,1,0,-1
poster,forced_decode,355,1081400,1,0,1,0,-1
poster,forced_decode,356,1022000,1,0,1,0,-1
poster,forced_decode,357,1013000,1,0,1,0,-1
poster,forced_decode,358,1076700,1,0,1,0,-1
poster,forced_decode,359,890800,1,0,1,0,-1
poster,forced_decode,360,853300,1,0,1,0,-1
poster,forced_decode,361,838100,1,0,1,0,-1
poster,forced_decode,362,1269400,1,0,1,0,-1
poster,forced_decode,363,1191600,1,0,1,0,-1
poster,forced_decode,364,1454900,1,0,1,0,-1
poster,forced_decode,365,1323200,1,0,1,0,-1
poster,forced_decode,366,1201600,1,0,1,0,-1
poster,forced_decode,367,1255100,1,0,1,0,-1
poster,forced_decode,368,1339600,1,0,1,0,-1
poster,forced_decode,369,1317100,1,0,1,0,-1
poster,forced_decode,370,1168200,1,0,1,0,-1
poster,forced_decode,371,1024100,1,0,1,0,-1
poster,forced_decode,372,1067500,1,0,1,0,-1
poster,forced_decode,373,912500,1,0,1,0,-1
poster,forced_decode,374,984500,1,0,1,0,-1
poster,forced_decode,375,1618100,1,0,1,0,-1
poster,forced_decode,376,1374600,1,0,1,0,-1
poster,forced_decode,377,1382000,1,0,1,0,-1
poster,forced_decode,378,1410700,1,0,1,0,-1
poster,forced_decode,379,1464900,1,0,1,0,-1
poster,forced_decode,380,1339400,1,0,1,0,-1
poster,forced_decode,381,1533400,1,0,1,0,-1
poster,forced_decode,382,1561000,1,0,1,0,-1
poster,forced_decode,383,1535500,1,0,1,0,-1
poster,forced_decode,384,1423400,1,0,1,0,-1
poster,forced_decode,385,1470800,1,0,1,0,-1
poster,forced_decode,386,1472400,1,0,1,0,-1
poster,forced_decode,387,1467700,1,0,1,0,-1
poster,forced_decode,388,1724200,1,0,1,0,-1
poster,forced_decode,389,1764600,1,0,1,0,-1
poster,forced_decode,390,1528200,1,0,1,0,-1
poster,forced_decode,391,1637600,1,0,1,0,-1
poster,forced_decode,392,1680200,1,0,1,0,-1
poster,forced_decode,393,1502200,1,0,1,0,-1
poster,forced_decode,394,1447400,1,0,1,0,-1
poster,forced_decode,395,1034500,1,0,1,0,-1
poster,forced_decode,396,892800,1,0,1,0,-1
poster,forced_decode,397,832500,1,0,1,0,-1
poster,forced_decode,398,973500,1,0,1,0,-1
poster,forced_decode,399,1032100,1,0,1,0,-1
poster,forced_decode,400,761700,1,0,1,0,-1
poster,forced_decode,401,874700,1,0,1,0,-1
poster,forced_decode,402,786600,1,0,1,0,-1
poster,forced_decode,403,765700,1,0,1,0,-1
poster,forced_decode,404,875900,1,0,1,0,-1
poster,forced_decode,405,890400,1,0,1,0,-1
poster,forced_decode,406,1280700,1,0,1,0,-1
poster,forced_decode,407,764400,1,0,1,0,-1
poster,forced_decode,408,805900,1,0,1,0,-1
poster,forced_decode,409,882800,1,0,1,0,-1
poster,forced_decode,410,750800,1,0,1,0,-1
poster,forced_decode,411,788000,1,0,1,0,-1
poster,forced_decode,412,900100,1,0,1,0,-1
poster,forced_decode,413,842600,1,0,1,0,-1
poster,forced_decode,414,909000,1,0,1,0,-1
poster,forced_decode,415,855300,1,0,1,0,-1
poster,forced_decode,416,841500,1,0,1,0,-1
poster,forced_decode,417,838000,1,0,1,0,-1
poster,forced_decode,418,773800,1,0,1,0,-1
poster,forced_decode,419,790600,1,0,1,0,-1
poster,forced_decode,420,786700,1,0,1,0,-1
poster,forced_decode,421,794200,1,0,1,0,-1
poster,forced_decode,422,909100,1,0,1,0,-1
poster,forced_decode,423,944500,1,0,1,0,-1
poster,forced_decode,424,831200,1,0,1,0,-1
poster,forced_decode,425,875100,1,0,1,0,-1
poster,forced_decode,426,936700,1,0,1,0,-1
poster,forced_decode,427,825200,1,0,1,0,-1
poster,forced_decode,428,801000,1,0,1,0,-1
poster,forced_decode,429,781800,1,0,1,0,-1
poster,forced_decode,430,771100,1,0,1,0,-1
poster,forced_decode,431,902900,1,0,1,0,-1
poster,forced_decode,432,938200,1,0,1,0,-1
poster,forced_decode,433,886600,1,0,1,0,-1
poster,forced_decode,434,727100,1,0,1,0,-1
poster,forced_decode,435,720000,1,0,1,0,-1
poster,forced_decode,436,725900,1,0,1,0,-1
poster,forced_decode,437,751900,1,0,1,0,-1
poster,forced_decode,438,763700,1,0,1,0,-1
poster,forced_decode,439,895400,1,0,1,0,-1
poster,forced_decode,440,1024900,1,0,1,0,-1
poster,forced_decode,441,1013100,1,0,1,0,-1
poster,forced_decode,442,860200,1,0,1,0,-1
poster,forced_decode,443,943300,1,0,1,0,-1
poster,forced_decode,444,788900,1,0,1,0,-1
poster,forced_decode,445,795800,1,0,1,0,-1
poster,forced_decode,446,800900,1,0,1,0,-1
poster,forced_decode,447,798200,1,0,1,0,-1
poster,forced_decode,448,846900,1,0,1,0,-1
poster,forced_decode,449,957500,1,0,1,0,-1
poster,forced_decode,450,1003100,1,0,1,0,-1
poster,forced_decode,451,854100,1,0,1,0,-1
poster,forced_decode,452,806100,1,0,1,0,-1
poster,forced_decode,453,815900,1,0,1,0,-1
poster,forced_decode,454,787900,1,0,1,0,-1
poster,forced_decode,455,801700,1,0,1,0,-1
poster,forced_decode,456,958200,1,0,1,0,-1
poster,forced_decode,457,983800,1,0,1,0,-1
poster,forced_decode,458,912200,1,0,1,0,-1
poster,forced_decode,459,990400,1,0,1,0,-1
poster,forced_decode,460,1086200,1,0,1,0,-1
poster,forced_decode,461,887200,1,0,1,0,-1
poster,forced_decode,462,857500,1,0,1,0,-1
poster,forced_decode,463,806200,1,0,1,0,-1
poster,forced_decode,464,869000,1,0,1,0,-1
poster,forced_decode,465,824800,1,0,1,0,-1
poster,forced_decode,466,990900,1,0,1,0,-1
poster,forced_decode,467,1194800,1,0,1,0,-1
poster,forced_decode,468,947400,1,0,1,0,-1
poster,forced_decode,469,817300,1,0,1,0,-1
poster,forced_decode,470,731000,1,0,1,0,-1
poster,forced_decode,471,740300,1,0,1,0,-1
poster,forced_decode,472,710300,1,0,1,0,-1
poster,forced_decode,473,820200,1,0,1,0,-1
poster,forced_decode,474,906100,1,0,1,0,-1
poster,forced_decode,475,778200,1,0,1,0,-1
poster,forced_decode,476,809600,1,0,1,0,-1
poster,forced_decode,477,947000,1,0,1,0,-1
poster,forced_decode,478,804500,1,0,1,0,-1
poster,forced_decode,479,794600,1,0,1,0,-1
poster,forced_decode,480,773500,1,0,1,0,-1
poster,forced_decode,481,767100,1,0,1,0,-1
poster,forced_decode,482,746100,1,0,1,0,-1
poster,forced_decode,483,809000,1,0,1,0,-1
poster,forced_decode,484,760900,1,0,1,0,-1
poster,forced_decode,485,812300,1,0,1,0,-1
poster,forced_decode,486,813900,1,0,1,0,-1
poster,forced_decode,487,827000,1,0,1,0,-1
poster,forced_decode,488,799600,1,0,1,0,-1
poster,forced_decode,489,798100,1,0,1,0,-1
poster,forced_decode,490,833000,1,0,1,0,-1
poster,forced_decode,491,787000,1,0,1,0,-1
poster,forced_decode,492,920200,1,0,1,0,-1
poster,forced_decode,493,1072100,1,0,1,0,-1
poster,forced_decode,494,1174400,1,0,1,0,-1
poster,forced_decode,495,961400,1,0,1,0,-1
poster,forced_decode,496,841600,1,0,1,0,-1
poster,forced_decode,497,867000,1,0,1,0,-1
poster,forced_decode,498,842400,1,0,1,0,-1
poster,forced_decode,499,817500,1,0,1,0,-1
poster,slint_internal_hit,0,64300,1,0,0,0,-1
poster,slint_internal_hit,1,45100,1,0,0,0,-1
poster,slint_internal_hit,2,40100,1,0,0,0,-1
poster,slint_internal_hit,3,39800,1,0,0,0,-1
poster,slint_internal_hit,4,39200,1,0,0,0,-1
poster,slint_internal_hit,5,39400,1,0,0,0,-1
poster,slint_internal_hit,6,38600,1,0,0,0,-1
poster,slint_internal_hit,7,39000,1,0,0,0,-1
poster,slint_internal_hit,8,39600,1,0,0,0,-1
poster,slint_internal_hit,9,39600,1,0,0,0,-1
poster,slint_internal_hit,10,39400,1,0,0,0,-1
poster,slint_internal_hit,11,48100,1,0,0,0,-1
poster,slint_internal_hit,12,55900,1,0,0,0,-1
poster,slint_internal_hit,13,38000,1,0,0,0,-1
poster,slint_internal_hit,14,38000,1,0,0,0,-1
poster,slint_internal_hit,15,37900,1,0,0,0,-1
poster,slint_internal_hit,16,38100,1,0,0,0,-1
poster,slint_internal_hit,17,37500,1,0,0,0,-1
poster,slint_internal_hit,18,38300,1,0,0,0,-1
poster,slint_internal_hit,19,38400,1,0,0,0,-1
poster,slint_internal_hit,20,37600,1,0,0,0,-1
poster,slint_internal_hit,21,37800,1,0,0,0,-1
poster,slint_internal_hit,22,37700,1,0,0,0,-1
poster,slint_internal_hit,23,37600,1,0,0,0,-1
poster,slint_internal_hit,24,38100,1,0,0,0,-1
poster,slint_internal_hit,25,41900,1,0,0,0,-1
poster,slint_internal_hit,26,37700,1,0,0,0,-1
poster,slint_internal_hit,27,38200,1,0,0,0,-1
poster,slint_internal_hit,28,37600,1,0,0,0,-1
poster,slint_internal_hit,29,37900,1,0,0,0,-1
poster,slint_internal_hit,30,38000,1,0,0,0,-1
poster,slint_internal_hit,31,38900,1,0,0,0,-1
poster,slint_internal_hit,32,38800,1,0,0,0,-1
poster,slint_internal_hit,33,42200,1,0,0,0,-1
poster,slint_internal_hit,34,38800,1,0,0,0,-1
poster,slint_internal_hit,35,38700,1,0,0,0,-1
poster,slint_internal_hit,36,37800,1,0,0,0,-1
poster,slint_internal_hit,37,37800,1,0,0,0,-1
poster,slint_internal_hit,38,37900,1,0,0,0,-1
poster,slint_internal_hit,39,37700,1,0,0,0,-1
poster,slint_internal_hit,40,38600,1,0,0,0,-1
poster,slint_internal_hit,41,50400,1,0,0,0,-1
poster,slint_internal_hit,42,51500,1,0,0,0,-1
poster,slint_internal_hit,43,50100,1,0,0,0,-1
poster,slint_internal_hit,44,48200,1,0,0,0,-1
poster,slint_internal_hit,45,66600,1,0,0,0,-1
poster,slint_internal_hit,46,47800,1,0,0,0,-1
poster,slint_internal_hit,47,50200,1,0,0,0,-1
poster,slint_internal_hit,48,48600,1,0,0,0,-1
poster,slint_internal_hit,49,48500,1,0,0,0,-1
poster,slint_internal_hit,50,47600,1,0,0,0,-1
poster,slint_internal_hit,51,53600,1,0,0,0,-1
poster,slint_internal_hit,52,59700,1,0,0,0,-1
poster,slint_internal_hit,53,42900,1,0,0,0,-1
poster,slint_internal_hit,54,42900,1,0,0,0,-1
poster,slint_internal_hit,55,41900,1,0,0,0,-1
poster,slint_internal_hit,56,43200,1,0,0,0,-1
poster,slint_internal_hit,57,42600,1,0,0,0,-1
poster,slint_internal_hit,58,59200,1,0,0,0,-1
poster,slint_internal_hit,59,43100,1,0,0,0,-1
poster,slint_internal_hit,60,43000,1,0,0,0,-1
poster,slint_internal_hit,61,42600,1,0,0,0,-1
poster,slint_internal_hit,62,42200,1,0,0,0,-1
poster,slint_internal_hit,63,42000,1,0,0,0,-1
poster,slint_internal_hit,64,43000,1,0,0,0,-1
poster,slint_internal_hit,65,43100,1,0,0,0,-1
poster,slint_internal_hit,66,41900,1,0,0,0,-1
poster,slint_internal_hit,67,42800,1,0,0,0,-1
poster,slint_internal_hit,68,43600,1,0,0,0,-1
poster,slint_internal_hit,69,43300,1,0,0,0,-1
poster,slint_internal_hit,70,43800,1,0,0,0,-1
poster,slint_internal_hit,71,43100,1,0,0,0,-1
poster,slint_internal_hit,72,58400,1,0,0,0,-1
poster,slint_internal_hit,73,46600,1,0,0,0,-1
poster,slint_internal_hit,74,45100,1,0,0,0,-1
poster,slint_internal_hit,75,45500,1,0,0,0,-1
poster,slint_internal_hit,76,52700,1,0,0,0,-1
poster,slint_internal_hit,77,51200,1,0,0,0,-1
poster,slint_internal_hit,78,47900,1,0,0,0,-1
poster,slint_internal_hit,79,48800,1,0,0,0,-1
poster,slint_internal_hit,80,48000,1,0,0,0,-1
poster,slint_internal_hit,81,49800,1,0,0,0,-1
poster,slint_internal_hit,82,49100,1,0,0,0,-1
poster,slint_internal_hit,83,61500,1,0,0,0,-1
poster,slint_internal_hit,84,49600,1,0,0,0,-1
poster,slint_internal_hit,85,49600,1,0,0,0,-1
poster,slint_internal_hit,86,48900,1,0,0,0,-1
poster,slint_internal_hit,87,49100,1,0,0,0,-1
poster,slint_internal_hit,88,58600,1,0,0,0,-1
poster,slint_internal_hit,89,52000,1,0,0,0,-1
poster,slint_internal_hit,90,49600,1,0,0,0,-1
poster,slint_internal_hit,91,47900,1,0,0,0,-1
poster,slint_internal_hit,92,49200,1,0,0,0,-1
poster,slint_internal_hit,93,48400,1,0,0,0,-1
poster,slint_internal_hit,94,49900,1,0,0,0,-1
poster,slint_internal_hit,95,48900,1,0,0,0,-1
poster,slint_internal_hit,96,48100,1,0,0,0,-1
poster,slint_internal_hit,97,48500,1,0,0,0,-1
poster,slint_internal_hit,98,49700,1,0,0,0,-1
poster,slint_internal_hit,99,48800,1,0,0,0,-1
poster,slint_internal_hit,100,48500,1,0,0,0,-1
poster,slint_internal_hit,101,53400,1,0,0,0,-1
poster,slint_internal_hit,102,48200,1,0,0,0,-1
poster,slint_internal_hit,103,49100,1,0,0,0,-1
poster,slint_internal_hit,104,47900,1,0,0,0,-1
poster,slint_internal_hit,105,48900,1,0,0,0,-1
poster,slint_internal_hit,106,48700,1,0,0,0,-1
poster,slint_internal_hit,107,47900,1,0,0,0,-1
poster,slint_internal_hit,108,48700,1,0,0,0,-1
poster,slint_internal_hit,109,52700,1,0,0,0,-1
poster,slint_internal_hit,110,49000,1,0,0,0,-1
poster,slint_internal_hit,111,48900,1,0,0,0,-1
poster,slint_internal_hit,112,49800,1,0,0,0,-1
poster,slint_internal_hit,113,48600,1,0,0,0,-1
poster,slint_internal_hit,114,49900,1,0,0,0,-1
poster,slint_internal_hit,115,48900,1,0,0,0,-1
poster,slint_internal_hit,116,47700,1,0,0,0,-1
poster,slint_internal_hit,117,48200,1,0,0,0,-1
poster,slint_internal_hit,118,48400,1,0,0,0,-1
poster,slint_internal_hit,119,48600,1,0,0,0,-1
poster,slint_internal_hit,120,49700,1,0,0,0,-1
poster,slint_internal_hit,121,48200,1,0,0,0,-1
poster,slint_internal_hit,122,56700,1,0,0,0,-1
poster,slint_internal_hit,123,61200,1,0,0,0,-1
poster,slint_internal_hit,124,49100,1,0,0,0,-1
poster,slint_internal_hit,125,49600,1,0,0,0,-1
poster,slint_internal_hit,126,48800,1,0,0,0,-1
poster,slint_internal_hit,127,48100,1,0,0,0,-1
poster,slint_internal_hit,128,49000,1,0,0,0,-1
poster,slint_internal_hit,129,48200,1,0,0,0,-1
poster,slint_internal_hit,130,48800,1,0,0,0,-1
poster,slint_internal_hit,131,49400,1,0,0,0,-1
poster,slint_internal_hit,132,48800,1,0,0,0,-1
poster,slint_internal_hit,133,50000,1,0,0,0,-1
poster,slint_internal_hit,134,49800,1,0,0,0,-1
poster,slint_internal_hit,135,49300,1,0,0,0,-1
poster,slint_internal_hit,136,49300,1,0,0,0,-1
poster,slint_internal_hit,137,49600,1,0,0,0,-1
poster,slint_internal_hit,138,49400,1,0,0,0,-1
poster,slint_internal_hit,139,49100,1,0,0,0,-1
poster,slint_internal_hit,140,49000,1,0,0,0,-1
poster,slint_internal_hit,141,49400,1,0,0,0,-1
poster,slint_internal_hit,142,51000,1,0,0,0,-1
poster,slint_internal_hit,143,54400,1,0,0,0,-1
poster,slint_internal_hit,144,52100,1,0,0,0,-1
poster,slint_internal_hit,145,52600,1,0,0,0,-1
poster,slint_internal_hit,146,54200,1,0,0,0,-1
poster,slint_internal_hit,147,54000,1,0,0,0,-1
poster,slint_internal_hit,148,53900,1,0,0,0,-1
poster,slint_internal_hit,149,54200,1,0,0,0,-1
poster,slint_internal_hit,150,53600,1,0,0,0,-1
poster,slint_internal_hit,151,53200,1,0,0,0,-1
poster,slint_internal_hit,152,54600,1,0,0,0,-1
poster,slint_internal_hit,153,53500,1,0,0,0,-1
poster,slint_internal_hit,154,53900,1,0,0,0,-1
poster,slint_internal_hit,155,53800,1,0,0,0,-1
poster,slint_internal_hit,156,53200,1,0,0,0,-1
poster,slint_internal_hit,157,64600,1,0,0,0,-1
poster,slint_internal_hit,158,74300,1,0,0,0,-1
poster,slint_internal_hit,159,55400,1,0,0,0,-1
poster,slint_internal_hit,160,56000,1,0,0,0,-1
poster,slint_internal_hit,161,55400,1,0,0,0,-1
poster,slint_internal_hit,162,55700,1,0,0,0,-1
poster,slint_internal_hit,163,55700,1,0,0,0,-1
poster,slint_internal_hit,164,55200,1,0,0,0,-1
poster,slint_internal_hit,165,55100,1,0,0,0,-1
poster,slint_internal_hit,166,55500,1,0,0,0,-1
poster,slint_internal_hit,167,55200,1,0,0,0,-1
poster,slint_internal_hit,168,63300,1,0,0,0,-1
poster,slint_internal_hit,169,55800,1,0,0,0,-1
poster,slint_internal_hit,170,55300,1,0,0,0,-1
poster,slint_internal_hit,171,55500,1,0,0,0,-1
poster,slint_internal_hit,172,54900,1,0,0,0,-1
poster,slint_internal_hit,173,68900,1,0,0,0,-1
poster,slint_internal_hit,174,56600,1,0,0,0,-1
poster,slint_internal_hit,175,54300,1,0,0,0,-1
poster,slint_internal_hit,176,53800,1,0,0,0,-1
poster,slint_internal_hit,177,53400,1,0,0,0,-1
poster,slint_internal_hit,178,54000,1,0,0,0,-1
poster,slint_internal_hit,179,53900,1,0,0,0,-1
poster,slint_internal_hit,180,53200,1,0,0,0,-1
poster,slint_internal_hit,181,53800,1,0,0,0,-1
poster,slint_internal_hit,182,54300,1,0,0,0,-1
poster,slint_internal_hit,183,53000,1,0,0,0,-1
poster,slint_internal_hit,184,53300,1,0,0,0,-1
poster,slint_internal_hit,185,54100,1,0,0,0,-1
poster,slint_internal_hit,186,53200,1,0,0,0,-1
poster,slint_internal_hit,187,54400,1,0,0,0,-1
poster,slint_internal_hit,188,61900,1,0,0,0,-1
poster,slint_internal_hit,189,73700,1,0,0,0,-1
poster,slint_internal_hit,190,56300,1,0,0,0,-1
poster,slint_internal_hit,191,55200,1,0,0,0,-1
poster,slint_internal_hit,192,54800,1,0,0,0,-1
poster,slint_internal_hit,193,55800,1,0,0,0,-1
poster,slint_internal_hit,194,55000,1,0,0,0,-1
poster,slint_internal_hit,195,55500,1,0,0,0,-1
poster,slint_internal_hit,196,55700,1,0,0,0,-1
poster,slint_internal_hit,197,55000,1,0,0,0,-1
poster,slint_internal_hit,198,55800,1,0,0,0,-1
poster,slint_internal_hit,199,48700,1,0,0,0,-1
poster,slint_internal_hit,200,39800,1,0,0,0,-1
poster,slint_internal_hit,201,39500,1,0,0,0,-1
poster,slint_internal_hit,202,38500,1,0,0,0,-1
poster,slint_internal_hit,203,39200,1,0,0,0,-1
poster,slint_internal_hit,204,39200,1,0,0,0,-1
poster,slint_internal_hit,205,67500,1,0,0,0,-1
poster,slint_internal_hit,206,54500,1,0,0,0,-1
poster,slint_internal_hit,207,38100,1,0,0,0,-1
poster,slint_internal_hit,208,37800,1,0,0,0,-1
poster,slint_internal_hit,209,42400,1,0,0,0,-1
poster,slint_internal_hit,210,38000,1,0,0,0,-1
poster,slint_internal_hit,211,37600,1,0,0,0,-1
poster,slint_internal_hit,212,38100,1,0,0,0,-1
poster,slint_internal_hit,213,37900,1,0,0,0,-1
poster,slint_internal_hit,214,38200,1,0,0,0,-1
poster,slint_internal_hit,215,37400,1,0,0,0,-1
poster,slint_internal_hit,216,37600,1,0,0,0,-1
poster,slint_internal_hit,217,38300,1,0,0,0,-1
poster,slint_internal_hit,218,37600,1,0,0,0,-1
poster,slint_internal_hit,219,37500,1,0,0,0,-1
poster,slint_internal_hit,220,37700,1,0,0,0,-1
poster,slint_internal_hit,221,37800,1,0,0,0,-1
poster,slint_internal_hit,222,38400,1,0,0,0,-1
poster,slint_internal_hit,223,37400,1,0,0,0,-1
poster,slint_internal_hit,224,37700,1,0,0,0,-1
poster,slint_internal_hit,225,37900,1,0,0,0,-1
poster,slint_internal_hit,226,45700,1,0,0,0,-1
poster,slint_internal_hit,227,38000,1,0,0,0,-1
poster,slint_internal_hit,228,37900,1,0,0,0,-1
poster,slint_internal_hit,229,37600,1,0,0,0,-1
poster,slint_internal_hit,230,37700,1,0,0,0,-1
poster,slint_internal_hit,231,37700,1,0,0,0,-1
poster,slint_internal_hit,232,37900,1,0,0,0,-1
poster,slint_internal_hit,233,38300,1,0,0,0,-1
poster,slint_internal_hit,234,37500,1,0,0,0,-1
poster,slint_internal_hit,235,37700,1,0,0,0,-1
poster,slint_internal_hit,236,38000,1,0,0,0,-1
poster,slint_internal_hit,237,37600,1,0,0,0,-1
poster,slint_internal_hit,238,37400,1,0,0,0,-1
poster,slint_internal_hit,239,37800,1,0,0,0,-1
poster,slint_internal_hit,240,37600,1,0,0,0,-1
poster,slint_internal_hit,241,38200,1,0,0,0,-1
poster,slint_internal_hit,242,37600,1,0,0,0,-1
poster,slint_internal_hit,243,37800,1,0,0,0,-1
poster,slint_internal_hit,244,38900,1,0,0,0,-1
poster,slint_internal_hit,245,38200,1,0,0,0,-1
poster,slint_internal_hit,246,38000,1,0,0,0,-1
poster,slint_internal_hit,247,37900,1,0,0,0,-1
poster,slint_internal_hit,248,38000,1,0,0,0,-1
poster,slint_internal_hit,249,38200,1,0,0,0,-1
poster,slint_internal_hit,250,37400,1,0,0,0,-1
poster,slint_internal_hit,251,46000,1,0,0,0,-1
poster,slint_internal_hit,252,38100,1,0,0,0,-1
poster,slint_internal_hit,253,37600,1,0,0,0,-1
poster,slint_internal_hit,254,37900,1,0,0,0,-1
poster,slint_internal_hit,255,38100,1,0,0,0,-1
poster,slint_internal_hit,256,37600,1,0,0,0,-1
poster,slint_internal_hit,257,38400,1,0,0,0,-1
poster,slint_internal_hit,258,37500,1,0,0,0,-1
poster,slint_internal_hit,259,38000,1,0,0,0,-1
poster,slint_internal_hit,260,38300,1,0,0,0,-1
poster,slint_internal_hit,261,37400,1,0,0,0,-1
poster,slint_internal_hit,262,37600,1,0,0,0,-1
poster,slint_internal_hit,263,38100,1,0,0,0,-1
poster,slint_internal_hit,264,67100,1,0,0,0,-1
poster,slint_internal_hit,265,38600,1,0,0,0,-1
poster,slint_internal_hit,266,37500,1,0,0,0,-1
poster,slint_internal_hit,267,38000,1,0,0,0,-1
poster,slint_internal_hit,268,38400,1,0,0,0,-1
poster,slint_internal_hit,269,37300,1,0,0,0,-1
poster,slint_internal_hit,270,38300,1,0,0,0,-1
poster,slint_internal_hit,271,49800,1,0,0,0,-1
poster,slint_internal_hit,272,40100,1,0,0,0,-1
poster,slint_internal_hit,273,37900,1,0,0,0,-1
poster,slint_internal_hit,274,37900,1,0,0,0,-1
poster,slint_internal_hit,275,38100,1,0,0,0,-1
poster,slint_internal_hit,276,38200,1,0,0,0,-1
poster,slint_internal_hit,277,37900,1,0,0,0,-1
poster,slint_internal_hit,278,37900,1,0,0,0,-1
poster,slint_internal_hit,279,38300,1,0,0,0,-1
poster,slint_internal_hit,280,37500,1,0,0,0,-1
poster,slint_internal_hit,281,37800,1,0,0,0,-1
poster,slint_internal_hit,282,38300,1,0,0,0,-1
poster,slint_internal_hit,283,38000,1,0,0,0,-1
poster,slint_internal_hit,284,38300,1,0,0,0,-1
poster,slint_internal_hit,285,38000,1,0,0,0,-1
poster,slint_internal_hit,286,37500,1,0,0,0,-1
poster,slint_internal_hit,287,38400,1,0,0,0,-1
poster,slint_internal_hit,288,37400,1,0,0,0,-1
poster,slint_internal_hit,289,37800,1,0,0,0,-1
poster,slint_internal_hit,290,37800,1,0,0,0,-1
poster,slint_internal_hit,291,37600,1,0,0,0,-1
poster,slint_internal_hit,292,37800,1,0,0,0,-1
poster,slint_internal_hit,293,37500,1,0,0,0,-1
poster,slint_internal_hit,294,37400,1,0,0,0,-1
poster,slint_internal_hit,295,52600,1,0,0,0,-1
poster,slint_internal_hit,296,41200,1,0,0,0,-1
poster,slint_internal_hit,297,37600,1,0,0,0,-1
poster,slint_internal_hit,298,37500,1,0,0,0,-1
poster,slint_internal_hit,299,37200,1,0,0,0,-1
poster,slint_internal_hit,300,37200,1,0,0,0,-1
poster,slint_internal_hit,301,36600,1,0,0,0,-1
poster,slint_internal_hit,302,36600,1,0,0,0,-1
poster,slint_internal_hit,303,37300,1,0,0,0,-1
poster,slint_internal_hit,304,36700,1,0,0,0,-1
poster,slint_internal_hit,305,36900,1,0,0,0,-1
poster,slint_internal_hit,306,36900,1,0,0,0,-1
poster,slint_internal_hit,307,36500,1,0,0,0,-1
poster,slint_internal_hit,308,37500,1,0,0,0,-1
poster,slint_internal_hit,309,36300,1,0,0,0,-1
poster,slint_internal_hit,310,36600,1,0,0,0,-1
poster,slint_internal_hit,311,37000,1,0,0,0,-1
poster,slint_internal_hit,312,36400,1,0,0,0,-1
poster,slint_internal_hit,313,36800,1,0,0,0,-1
poster,slint_internal_hit,314,36700,1,0,0,0,-1
poster,slint_internal_hit,315,45300,1,0,0,0,-1
poster,slint_internal_hit,316,37700,1,0,0,0,-1
poster,slint_internal_hit,317,36600,1,0,0,0,-1
poster,slint_internal_hit,318,37000,1,0,0,0,-1
poster,slint_internal_hit,319,37000,1,0,0,0,-1
poster,slint_internal_hit,320,37000,1,0,0,0,-1
poster,slint_internal_hit,321,36700,1,0,0,0,-1
poster,slint_internal_hit,322,37200,1,0,0,0,-1
poster,slint_internal_hit,323,36500,1,0,0,0,-1
poster,slint_internal_hit,324,36700,1,0,0,0,-1
poster,slint_internal_hit,325,36600,1,0,0,0,-1
poster,slint_internal_hit,326,36800,1,0,0,0,-1
poster,slint_internal_hit,327,37400,1,0,0,0,-1
poster,slint_internal_hit,328,36700,1,0,0,0,-1
poster,slint_internal_hit,329,36500,1,0,0,0,-1
poster,slint_internal_hit,330,37200,1,0,0,0,-1
poster,slint_internal_hit,331,36400,1,0,0,0,-1
poster,slint_internal_hit,332,36600,1,0,0,0,-1
poster,slint_internal_hit,333,37200,1,0,0,0,-1
poster,slint_internal_hit,334,36800,1,0,0,0,-1
poster,slint_internal_hit,335,37100,1,0,0,0,-1
poster,slint_internal_hit,336,36500,1,0,0,0,-1
poster,slint_internal_hit,337,39700,1,0,0,0,-1
poster,slint_internal_hit,338,82300,1,0,0,0,-1
poster,slint_internal_hit,339,37400,1,0,0,0,-1
poster,slint_internal_hit,340,36700,1,0,0,0,-1
poster,slint_internal_hit,341,36900,1,0,0,0,-1
poster,slint_internal_hit,342,36900,1,0,0,0,-1
poster,slint_internal_hit,343,37400,1,0,0,0,-1
poster,slint_internal_hit,344,36600,1,0,0,0,-1
poster,slint_internal_hit,345,36700,1,0,0,0,-1
poster,slint_internal_hit,346,37100,1,0,0,0,-1
poster,slint_internal_hit,347,36200,1,0,0,0,-1
poster,slint_internal_hit,348,36700,1,0,0,0,-1
poster,slint_internal_hit,349,36800,1,0,0,0,-1
poster,slint_internal_hit,350,36600,1,0,0,0,-1
poster,slint_internal_hit,351,36900,1,0,0,0,-1
poster,slint_internal_hit,352,36300,1,0,0,0,-1
poster,slint_internal_hit,353,36500,1,0,0,0,-1
poster,slint_internal_hit,354,37400,1,0,0,0,-1
poster,slint_internal_hit,355,36500,1,0,0,0,-1
poster,slint_internal_hit,356,36800,1,0,0,0,-1
poster,slint_internal_hit,357,37200,1,0,0,0,-1
poster,slint_internal_hit,358,36900,1,0,0,0,-1
poster,slint_internal_hit,359,37200,1,0,0,0,-1
poster,slint_internal_hit,360,44200,1,0,0,0,-1
poster,slint_internal_hit,361,49000,1,0,0,0,-1
poster,slint_internal_hit,362,43600,1,0,0,0,-1
poster,slint_internal_hit,363,41600,1,0,0,0,-1
poster,slint_internal_hit,364,44000,1,0,0,0,-1
poster,slint_internal_hit,365,37800,1,0,0,0,-1
poster,slint_internal_hit,366,36500,1,0,0,0,-1
poster,slint_internal_hit,367,36800,1,0,0,0,-1
poster,slint_internal_hit,368,36700,1,0,0,0,-1
poster,slint_internal_hit,369,36600,1,0,0,0,-1
poster,slint_internal_hit,370,37200,1,0,0,0,-1
poster,slint_internal_hit,371,37200,1,0,0,0,-1
poster,slint_internal_hit,372,36800,1,0,0,0,-1
poster,slint_internal_hit,373,37100,1,0,0,0,-1
poster,slint_internal_hit,374,36500,1,0,0,0,-1
poster,slint_internal_hit,375,36600,1,0,0,0,-1
poster,slint_internal_hit,376,36900,1,0,0,0,-1
poster,slint_internal_hit,377,36400,1,0,0,0,-1
poster,slint_internal_hit,378,36900,1,0,0,0,-1
poster,slint_internal_hit,379,36000,1,0,0,0,-1
poster,slint_internal_hit,380,49400,1,0,0,0,-1
poster,slint_internal_hit,381,37100,1,0,0,0,-1
poster,slint_internal_hit,382,36300,1,0,0,0,-1
poster,slint_internal_hit,383,37700,1,0,0,0,-1
poster,slint_internal_hit,384,37500,1,0,0,0,-1
poster,slint_internal_hit,385,36600,1,0,0,0,-1
poster,slint_internal_hit,386,37100,1,0,0,0,-1
poster,slint_internal_hit,387,36500,1,0,0,0,-1
poster,slint_internal_hit,388,36500,1,0,0,0,-1
poster,slint_internal_hit,389,37100,1,0,0,0,-1
poster,slint_internal_hit,390,36300,1,0,0,0,-1
poster,slint_internal_hit,391,36500,1,0,0,0,-1
poster,slint_internal_hit,392,36900,1,0,0,0,-1
poster,slint_internal_hit,393,36600,1,0,0,0,-1
poster,slint_internal_hit,394,36700,1,0,0,0,-1
poster,slint_internal_hit,395,36300,1,0,0,0,-1
poster,slint_internal_hit,396,36500,1,0,0,0,-1
poster,slint_internal_hit,397,36600,1,0,0,0,-1
poster,slint_internal_hit,398,36100,1,0,0,0,-1
poster,slint_internal_hit,399,36600,1,0,0,0,-1
poster,slint_internal_hit,400,36200,1,0,0,0,-1
poster,slint_internal_hit,401,36400,1,0,0,0,-1
poster,slint_internal_hit,402,36700,1,0,0,0,-1
poster,slint_internal_hit,403,36200,1,0,0,0,-1
poster,slint_internal_hit,404,36200,1,0,0,0,-1
poster,slint_internal_hit,405,37100,1,0,0,0,-1
poster,slint_internal_hit,406,36200,1,0,0,0,-1
poster,slint_internal_hit,407,43600,1,0,0,0,-1
poster,slint_internal_hit,408,38100,1,0,0,0,-1
poster,slint_internal_hit,409,36300,1,0,0,0,-1
poster,slint_internal_hit,410,36500,1,0,0,0,-1
poster,slint_internal_hit,411,36700,1,0,0,0,-1
poster,slint_internal_hit,412,36700,1,0,0,0,-1
poster,slint_internal_hit,413,37200,1,0,0,0,-1
poster,slint_internal_hit,414,36300,1,0,0,0,-1
poster,slint_internal_hit,415,36200,1,0,0,0,-1
poster,slint_internal_hit,416,37000,1,0,0,0,-1
poster,slint_internal_hit,417,36100,1,0,0,0,-1
poster,slint_internal_hit,418,36600,1,0,0,0,-1
poster,slint_internal_hit,419,42700,1,0,0,0,-1
poster,slint_internal_hit,420,36500,1,0,0,0,-1
poster,slint_internal_hit,421,37000,1,0,0,0,-1
poster,slint_internal_hit,422,36300,1,0,0,0,-1
poster,slint_internal_hit,423,36400,1,0,0,0,-1
poster,slint_internal_hit,424,36800,1,0,0,0,-1
poster,slint_internal_hit,425,36300,1,0,0,0,-1
poster,slint_internal_hit,426,36400,1,0,0,0,-1
poster,slint_internal_hit,427,36600,1,0,0,0,-1
poster,slint_internal_hit,428,36300,1,0,0,0,-1
poster,slint_internal_hit,429,36800,1,0,0,0,-1
poster,slint_internal_hit,430,36200,1,0,0,0,-1
poster,slint_internal_hit,431,50200,1,0,0,0,-1
poster,slint_internal_hit,432,36300,1,0,0,0,-1
poster,slint_internal_hit,433,35500,1,0,0,0,-1
poster,slint_internal_hit,434,36000,1,0,0,0,-1
poster,slint_internal_hit,435,36100,1,0,0,0,-1
poster,slint_internal_hit,436,36300,1,0,0,0,-1
poster,slint_internal_hit,437,35700,1,0,0,0,-1
poster,slint_internal_hit,438,35400,1,0,0,0,-1
poster,slint_internal_hit,439,35600,1,0,0,0,-1
poster,slint_internal_hit,440,35500,1,0,0,0,-1
poster,slint_internal_hit,441,35300,1,0,0,0,-1
poster,slint_internal_hit,442,35500,1,0,0,0,-1
poster,slint_internal_hit,443,35700,1,0,0,0,-1
poster,slint_internal_hit,444,35400,1,0,0,0,-1
poster,slint_internal_hit,445,35900,1,0,0,0,-1
poster,slint_internal_hit,446,35100,1,0,0,0,-1
poster,slint_internal_hit,447,35600,1,0,0,0,-1
poster,slint_internal_hit,448,35800,1,0,0,0,-1
poster,slint_internal_hit,449,35100,1,0,0,0,-1
poster,slint_internal_hit,450,35500,1,0,0,0,-1
poster,slint_internal_hit,451,35200,1,0,0,0,-1
poster,slint_internal_hit,452,35700,1,0,0,0,-1
poster,slint_internal_hit,453,35800,1,0,0,0,-1
poster,slint_internal_hit,454,35600,1,0,0,0,-1
poster,slint_internal_hit,455,42300,1,0,0,0,-1
poster,slint_internal_hit,456,36700,1,0,0,0,-1
poster,slint_internal_hit,457,35600,1,0,0,0,-1
poster,slint_internal_hit,458,35600,1,0,0,0,-1
poster,slint_internal_hit,459,36300,1,0,0,0,-1
poster,slint_internal_hit,460,35400,1,0,0,0,-1
poster,slint_internal_hit,461,35500,1,0,0,0,-1
poster,slint_internal_hit,462,35900,1,0,0,0,-1
poster,slint_internal_hit,463,35700,1,0,0,0,-1
poster,slint_internal_hit,464,35900,1,0,0,0,-1
poster,slint_internal_hit,465,35600,1,0,0,0,-1
poster,slint_internal_hit,466,35800,1,0,0,0,-1
poster,slint_internal_hit,467,36000,1,0,0,0,-1
poster,slint_internal_hit,468,35300,1,0,0,0,-1
poster,slint_internal_hit,469,35700,1,0,0,0,-1
poster,slint_internal_hit,470,36500,1,0,0,0,-1
poster,slint_internal_hit,471,36100,1,0,0,0,-1
poster,slint_internal_hit,472,36500,1,0,0,0,-1
poster,slint_internal_hit,473,35300,1,0,0,0,-1
poster,slint_internal_hit,474,35400,1,0,0,0,-1
poster,slint_internal_hit,475,36100,1,0,0,0,-1
poster,slint_internal_hit,476,35100,1,0,0,0,-1
poster,slint_internal_hit,477,35400,1,0,0,0,-1
poster,slint_internal_hit,478,35600,1,0,0,0,-1
poster,slint_internal_hit,479,35400,1,0,0,0,-1
poster,slint_internal_hit,480,36100,1,0,0,0,-1
poster,slint_internal_hit,481,35400,1,0,0,0,-1
poster,slint_internal_hit,482,35300,1,0,0,0,-1
poster,slint_internal_hit,483,42700,1,0,0,0,-1
poster,slint_internal_hit,484,35800,1,0,0,0,-1
poster,slint_internal_hit,485,35300,1,0,0,0,-1
poster,slint_internal_hit,486,36100,1,0,0,0,-1
poster,slint_internal_hit,487,35000,1,0,0,0,-1
poster,slint_internal_hit,488,35500,1,0,0,0,-1
poster,slint_internal_hit,489,35600,1,0,0,0,-1
poster,slint_internal_hit,490,35600,1,0,0,0,-1
poster,slint_internal_hit,491,35900,1,0,0,0,-1
poster,slint_internal_hit,492,35400,1,0,0,0,-1
poster,slint_internal_hit,493,35500,1,0,0,0,-1
poster,slint_internal_hit,494,36100,1,0,0,0,-1
poster,slint_internal_hit,495,35600,1,0,0,0,-1
poster,slint_internal_hit,496,35500,1,0,0,0,-1
poster,slint_internal_hit,497,35800,1,0,0,0,-1
poster,slint_internal_hit,498,35500,1,0,0,0,-1
poster,slint_internal_hit,499,35900,1,0,0,0,-1
poster,explicit_hit,0,1000,1,1,0,0,-1
poster,explicit_hit,1,300,1,1,0,0,-1
poster,explicit_hit,2,200,1,1,0,0,-1
poster,explicit_hit,3,200,1,1,0,0,-1
poster,explicit_hit,4,300,1,1,0,0,-1
poster,explicit_hit,5,300,1,1,0,0,-1
poster,explicit_hit,6,200,1,1,0,0,-1
poster,explicit_hit,7,300,1,1,0,0,-1
poster,explicit_hit,8,300,1,1,0,0,-1
poster,explicit_hit,9,200,1,1,0,0,-1
poster,explicit_hit,10,300,1,1,0,0,-1
poster,explicit_hit,11,200,1,1,0,0,-1
poster,explicit_hit,12,200,1,1,0,0,-1
poster,explicit_hit,13,100,1,1,0,0,-1
poster,explicit_hit,14,100,1,1,0,0,-1
poster,explicit_hit,15,200,1,1,0,0,-1
poster,explicit_hit,16,300,1,1,0,0,-1
poster,explicit_hit,17,300,1,1,0,0,-1
poster,explicit_hit,18,300,1,1,0,0,-1
poster,explicit_hit,19,200,1,1,0,0,-1
poster,explicit_hit,20,300,1,1,0,0,-1
poster,explicit_hit,21,200,1,1,0,0,-1
poster,explicit_hit,22,400,1,1,0,0,-1
poster,explicit_hit,23,400,1,1,0,0,-1
poster,explicit_hit,24,300,1,1,0,0,-1
poster,explicit_hit,25,300,1,1,0,0,-1
poster,explicit_hit,26,200,1,1,0,0,-1
poster,explicit_hit,27,200,1,1,0,0,-1
poster,explicit_hit,28,300,1,1,0,0,-1
poster,explicit_hit,29,200,1,1,0,0,-1
poster,explicit_hit,30,200,1,1,0,0,-1
poster,explicit_hit,31,100,1,1,0,0,-1
poster,explicit_hit,32,200,1,1,0,0,-1
poster,explicit_hit,33,200,1,1,0,0,-1
poster,explicit_hit,34,100,1,1,0,0,-1
poster,explicit_hit,35,100,1,1,0,0,-1
poster,explicit_hit,36,100,1,1,0,0,-1
poster,explicit_hit,37,100,1,1,0,0,-1
poster,explicit_hit,38,100,1,1,0,0,-1
poster,explicit_hit,39,100,1,1,0,0,-1
poster,explicit_hit,40,100,1,1,0,0,-1
poster,explicit_hit,41,100,1,1,0,0,-1
poster,explicit_hit,42,100,1,1,0,0,-1
poster,explicit_hit,43,200,1,1,0,0,-1
poster,explicit_hit,44,100,1,1,0,0,-1
poster,explicit_hit,45,200,1,1,0,0,-1
poster,explicit_hit,46,100,1,1,0,0,-1
poster,explicit_hit,47,100,1,1,0,0,-1
poster,explicit_hit,48,100,1,1,0,0,-1
poster,explicit_hit,49,200,1,1,0,0,-1
poster,explicit_hit,50,200,1,1,0,0,-1
poster,explicit_hit,51,200,1,1,0,0,-1
poster,explicit_hit,52,100,1,1,0,0,-1
poster,explicit_hit,53,100,1,1,0,0,-1
poster,explicit_hit,54,200,1,1,0,0,-1
poster,explicit_hit,55,200,1,1,0,0,-1
poster,explicit_hit,56,100,1,1,0,0,-1
poster,explicit_hit,57,100,1,1,0,0,-1
poster,explicit_hit,58,200,1,1,0,0,-1
poster,explicit_hit,59,100,1,1,0,0,-1
poster,explicit_hit,60,100,1,1,0,0,-1
poster,explicit_hit,61,200,1,1,0,0,-1
poster,explicit_hit,62,200,1,1,0,0,-1
poster,explicit_hit,63,200,1,1,0,0,-1
poster,explicit_hit,64,200,1,1,0,0,-1
poster,explicit_hit,65,200,1,1,0,0,-1
poster,explicit_hit,66,100,1,1,0,0,-1
poster,explicit_hit,67,100,1,1,0,0,-1
poster,explicit_hit,68,200,1,1,0,0,-1
poster,explicit_hit,69,200,1,1,0,0,-1
poster,explicit_hit,70,200,1,1,0,0,-1
poster,explicit_hit,71,100,1,1,0,0,-1
poster,explicit_hit,72,100,1,1,0,0,-1
poster,explicit_hit,73,100,1,1,0,0,-1
poster,explicit_hit,74,100,1,1,0,0,-1
poster,explicit_hit,75,200,1,1,0,0,-1
poster,explicit_hit,76,200,1,1,0,0,-1
poster,explicit_hit,77,100,1,1,0,0,-1
poster,explicit_hit,78,100,1,1,0,0,-1
poster,explicit_hit,79,200,1,1,0,0,-1
poster,explicit_hit,80,200,1,1,0,0,-1
poster,explicit_hit,81,100,1,1,0,0,-1
poster,explicit_hit,82,200,1,1,0,0,-1
poster,explicit_hit,83,200,1,1,0,0,-1
poster,explicit_hit,84,200,1,1,0,0,-1
poster,explicit_hit,85,100,1,1,0,0,-1
poster,explicit_hit,86,200,1,1,0,0,-1
poster,explicit_hit,87,100,1,1,0,0,-1
poster,explicit_hit,88,200,1,1,0,0,-1
poster,explicit_hit,89,100,1,1,0,0,-1
poster,explicit_hit,90,100,1,1,0,0,-1
poster,explicit_hit,91,100,1,1,0,0,-1
poster,explicit_hit,92,200,1,1,0,0,-1
poster,explicit_hit,93,200,1,1,0,0,-1
poster,explicit_hit,94,200,1,1,0,0,-1
poster,explicit_hit,95,200,1,1,0,0,-1
poster,explicit_hit,96,200,1,1,0,0,-1
poster,explicit_hit,97,100,1,1,0,0,-1
poster,explicit_hit,98,100,1,1,0,0,-1
poster,explicit_hit,99,200,1,1,0,0,-1
poster,explicit_hit,100,200,1,1,0,0,-1
poster,explicit_hit,101,200,1,1,0,0,-1
poster,explicit_hit,102,100,1,1,0,0,-1
poster,explicit_hit,103,100,1,1,0,0,-1
poster,explicit_hit,104,100,1,1,0,0,-1
poster,explicit_hit,105,200,1,1,0,0,-1
poster,explicit_hit,106,100,1,1,0,0,-1
poster,explicit_hit,107,200,1,1,0,0,-1
poster,explicit_hit,108,200,1,1,0,0,-1
poster,explicit_hit,109,200,1,1,0,0,-1
poster,explicit_hit,110,200,1,1,0,0,-1
poster,explicit_hit,111,200,1,1,0,0,-1
poster,explicit_hit,112,100,1,1,0,0,-1
poster,explicit_hit,113,100,1,1,0,0,-1
poster,explicit_hit,114,200,1,1,0,0,-1
poster,explicit_hit,115,100,1,1,0,0,-1
poster,explicit_hit,116,200,1,1,0,0,-1
poster,explicit_hit,117,200,1,1,0,0,-1
poster,explicit_hit,118,100,1,1,0,0,-1
poster,explicit_hit,119,100,1,1,0,0,-1
poster,explicit_hit,120,200,1,1,0,0,-1
poster,explicit_hit,121,100,1,1,0,0,-1
poster,explicit_hit,122,200,1,1,0,0,-1
poster,explicit_hit,123,100,1,1,0,0,-1
poster,explicit_hit,124,200,1,1,0,0,-1
poster,explicit_hit,125,200,1,1,0,0,-1
poster,explicit_hit,126,200,1,1,0,0,-1
poster,explicit_hit,127,100,1,1,0,0,-1
poster,explicit_hit,128,200,1,1,0,0,-1
poster,explicit_hit,129,200,1,1,0,0,-1
poster,explicit_hit,130,100,1,1,0,0,-1
poster,explicit_hit,131,200,1,1,0,0,-1
poster,explicit_hit,132,100,1,1,0,0,-1
poster,explicit_hit,133,100,1,1,0,0,-1
poster,explicit_hit,134,100,1,1,0,0,-1
poster,explicit_hit,135,100,1,1,0,0,-1
poster,explicit_hit,136,200,1,1,0,0,-1
poster,explicit_hit,137,200,1,1,0,0,-1
poster,explicit_hit,138,100,1,1,0,0,-1
poster,explicit_hit,139,200,1,1,0,0,-1
poster,explicit_hit,140,100,1,1,0,0,-1
poster,explicit_hit,141,100,1,1,0,0,-1
poster,explicit_hit,142,100,1,1,0,0,-1
poster,explicit_hit,143,100,1,1,0,0,-1
poster,explicit_hit,144,200,1,1,0,0,-1
poster,explicit_hit,145,100,1,1,0,0,-1
poster,explicit_hit,146,200,1,1,0,0,-1
poster,explicit_hit,147,200,1,1,0,0,-1
poster,explicit_hit,148,100,1,1,0,0,-1
poster,explicit_hit,149,100,1,1,0,0,-1
poster,explicit_hit,150,200,1,1,0,0,-1
poster,explicit_hit,151,100,1,1,0,0,-1
poster,explicit_hit,152,100,1,1,0,0,-1
poster,explicit_hit,153,200,1,1,0,0,-1
poster,explicit_hit,154,100,1,1,0,0,-1
poster,explicit_hit,155,200,1,1,0,0,-1
poster,explicit_hit,156,100,1,1,0,0,-1
poster,explicit_hit,157,200,1,1,0,0,-1
poster,explicit_hit,158,200,1,1,0,0,-1
poster,explicit_hit,159,200,1,1,0,0,-1
poster,explicit_hit,160,200,1,1,0,0,-1
poster,explicit_hit,161,100,1,1,0,0,-1
poster,explicit_hit,162,100,1,1,0,0,-1
poster,explicit_hit,163,200,1,1,0,0,-1
poster,explicit_hit,164,200,1,1,0,0,-1
poster,explicit_hit,165,100,1,1,0,0,-1
poster,explicit_hit,166,200,1,1,0,0,-1
poster,explicit_hit,167,200,1,1,0,0,-1
poster,explicit_hit,168,200,1,1,0,0,-1
poster,explicit_hit,169,100,1,1,0,0,-1
poster,explicit_hit,170,100,1,1,0,0,-1
poster,explicit_hit,171,200,1,1,0,0,-1
poster,explicit_hit,172,100,1,1,0,0,-1
poster,explicit_hit,173,100,1,1,0,0,-1
poster,explicit_hit,174,200,1,1,0,0,-1
poster,explicit_hit,175,100,1,1,0,0,-1
poster,explicit_hit,176,200,1,1,0,0,-1
poster,explicit_hit,177,100,1,1,0,0,-1
poster,explicit_hit,178,200,1,1,0,0,-1
poster,explicit_hit,179,100,1,1,0,0,-1
poster,explicit_hit,180,200,1,1,0,0,-1
poster,explicit_hit,181,100,1,1,0,0,-1
poster,explicit_hit,182,100,1,1,0,0,-1
poster,explicit_hit,183,100,1,1,0,0,-1
poster,explicit_hit,184,100,1,1,0,0,-1
poster,explicit_hit,185,200,1,1,0,0,-1
poster,explicit_hit,186,100,1,1,0,0,-1
poster,explicit_hit,187,200,1,1,0,0,-1
poster,explicit_hit,188,200,1,1,0,0,-1
poster,explicit_hit,189,200,1,1,0,0,-1
poster,explicit_hit,190,100,1,1,0,0,-1
poster,explicit_hit,191,100,1,1,0,0,-1
poster,explicit_hit,192,200,1,1,0,0,-1
poster,explicit_hit,193,100,1,1,0,0,-1
poster,explicit_hit,194,200,1,1,0,0,-1
poster,explicit_hit,195,200,1,1,0,0,-1
poster,explicit_hit,196,100,1,1,0,0,-1
poster,explicit_hit,197,200,1,1,0,0,-1
poster,explicit_hit,198,100,1,1,0,0,-1
poster,explicit_hit,199,100,1,1,0,0,-1
poster,explicit_hit,200,100,1,1,0,0,-1
poster,explicit_hit,201,100,1,1,0,0,-1
poster,explicit_hit,202,200,1,1,0,0,-1
poster,explicit_hit,203,200,1,1,0,0,-1
poster,explicit_hit,204,100,1,1,0,0,-1
poster,explicit_hit,205,200,1,1,0,0,-1
poster,explicit_hit,206,100,1,1,0,0,-1
poster,explicit_hit,207,100,1,1,0,0,-1
poster,explicit_hit,208,100,1,1,0,0,-1
poster,explicit_hit,209,100,1,1,0,0,-1
poster,explicit_hit,210,100,1,1,0,0,-1
poster,explicit_hit,211,200,1,1,0,0,-1
poster,explicit_hit,212,200,1,1,0,0,-1
poster,explicit_hit,213,200,1,1,0,0,-1
poster,explicit_hit,214,100,1,1,0,0,-1
poster,explicit_hit,215,200,1,1,0,0,-1
poster,explicit_hit,216,100,1,1,0,0,-1
poster,explicit_hit,217,100,1,1,0,0,-1
poster,explicit_hit,218,200,1,1,0,0,-1
poster,explicit_hit,219,100,1,1,0,0,-1
poster,explicit_hit,220,200,1,1,0,0,-1
poster,explicit_hit,221,200,1,1,0,0,-1
poster,explicit_hit,222,100,1,1,0,0,-1
poster,explicit_hit,223,100,1,1,0,0,-1
poster,explicit_hit,224,200,1,1,0,0,-1
poster,explicit_hit,225,100,1,1,0,0,-1
poster,explicit_hit,226,200,1,1,0,0,-1
poster,explicit_hit,227,100,1,1,0,0,-1
poster,explicit_hit,228,100,1,1,0,0,-1
poster,explicit_hit,229,100,1,1,0,0,-1
poster,explicit_hit,230,200,1,1,0,0,-1
poster,explicit_hit,231,200,1,1,0,0,-1
poster,explicit_hit,232,200,1,1,0,0,-1
poster,explicit_hit,233,200,1,1,0,0,-1
poster,explicit_hit,234,100,1,1,0,0,-1
poster,explicit_hit,235,100,1,1,0,0,-1
poster,explicit_hit,236,200,1,1,0,0,-1
poster,explicit_hit,237,100,1,1,0,0,-1
poster,explicit_hit,238,100,1,1,0,0,-1
poster,explicit_hit,239,100,1,1,0,0,-1
poster,explicit_hit,240,100,1,1,0,0,-1
poster,explicit_hit,241,100,1,1,0,0,-1
poster,explicit_hit,242,100,1,1,0,0,-1
poster,explicit_hit,243,100,1,1,0,0,-1
poster,explicit_hit,244,100,1,1,0,0,-1
poster,explicit_hit,245,200,1,1,0,0,-1
poster,explicit_hit,246,100,1,1,0,0,-1
poster,explicit_hit,247,100,1,1,0,0,-1
poster,explicit_hit,248,200,1,1,0,0,-1
poster,explicit_hit,249,100,1,1,0,0,-1
poster,explicit_hit,250,100,1,1,0,0,-1
poster,explicit_hit,251,200,1,1,0,0,-1
poster,explicit_hit,252,200,1,1,0,0,-1
poster,explicit_hit,253,100,1,1,0,0,-1
poster,explicit_hit,254,200,1,1,0,0,-1
poster,explicit_hit,255,100,1,1,0,0,-1
poster,explicit_hit,256,100,1,1,0,0,-1
poster,explicit_hit,257,100,1,1,0,0,-1
poster,explicit_hit,258,100,1,1,0,0,-1
poster,explicit_hit,259,100,1,1,0,0,-1
poster,explicit_hit,260,100,1,1,0,0,-1
poster,explicit_hit,261,200,1,1,0,0,-1
poster,explicit_hit,262,100,1,1,0,0,-1
poster,explicit_hit,263,200,1,1,0,0,-1
poster,explicit_hit,264,200,1,1,0,0,-1
poster,explicit_hit,265,100,1,1,0,0,-1
poster,explicit_hit,266,100,1,1,0,0,-1
poster,explicit_hit,267,200,1,1,0,0,-1
poster,explicit_hit,268,200,1,1,0,0,-1
poster,explicit_hit,269,200,1,1,0,0,-1
poster,explicit_hit,270,100,1,1,0,0,-1
poster,explicit_hit,271,200,1,1,0,0,-1
poster,explicit_hit,272,100,1,1,0,0,-1
poster,explicit_hit,273,100,1,1,0,0,-1
poster,explicit_hit,274,200,1,1,0,0,-1
poster,explicit_hit,275,200,1,1,0,0,-1
poster,explicit_hit,276,100,1,1,0,0,-1
poster,explicit_hit,277,100,1,1,0,0,-1
poster,explicit_hit,278,100,1,1,0,0,-1
poster,explicit_hit,279,100,1,1,0,0,-1
poster,explicit_hit,280,200,1,1,0,0,-1
poster,explicit_hit,281,100,1,1,0,0,-1
poster,explicit_hit,282,100,1,1,0,0,-1
poster,explicit_hit,283,200,1,1,0,0,-1
poster,explicit_hit,284,200,1,1,0,0,-1
poster,explicit_hit,285,100,1,1,0,0,-1
poster,explicit_hit,286,100,1,1,0,0,-1
poster,explicit_hit,287,100,1,1,0,0,-1
poster,explicit_hit,288,200,1,1,0,0,-1
poster,explicit_hit,289,100,1,1,0,0,-1
poster,explicit_hit,290,200,1,1,0,0,-1
poster,explicit_hit,291,100,1,1,0,0,-1
poster,explicit_hit,292,200,1,1,0,0,-1
poster,explicit_hit,293,200,1,1,0,0,-1
poster,explicit_hit,294,200,1,1,0,0,-1
poster,explicit_hit,295,100,1,1,0,0,-1
poster,explicit_hit,296,200,1,1,0,0,-1
poster,explicit_hit,297,200,1,1,0,0,-1
poster,explicit_hit,298,100,1,1,0,0,-1
poster,explicit_hit,299,200,1,1,0,0,-1
poster,explicit_hit,300,200,1,1,0,0,-1
poster,explicit_hit,301,200,1,1,0,0,-1
poster,explicit_hit,302,200,1,1,0,0,-1
poster,explicit_hit,303,200,1,1,0,0,-1
poster,explicit_hit,304,100,1,1,0,0,-1
poster,explicit_hit,305,100,1,1,0,0,-1
poster,explicit_hit,306,100,1,1,0,0,-1
poster,explicit_hit,307,100,1,1,0,0,-1
poster,explicit_hit,308,100,1,1,0,0,-1
poster,explicit_hit,309,100,1,1,0,0,-1
poster,explicit_hit,310,200,1,1,0,0,-1
poster,explicit_hit,311,100,1,1,0,0,-1
poster,explicit_hit,312,100,1,1,0,0,-1
poster,explicit_hit,313,200,1,1,0,0,-1
poster,explicit_hit,314,100,1,1,0,0,-1
poster,explicit_hit,315,100,1,1,0,0,-1
poster,explicit_hit,316,100,1,1,0,0,-1
poster,explicit_hit,317,100,1,1,0,0,-1
poster,explicit_hit,318,100,1,1,0,0,-1
poster,explicit_hit,319,200,1,1,0,0,-1
poster,explicit_hit,320,200,1,1,0,0,-1
poster,explicit_hit,321,100,1,1,0,0,-1
poster,explicit_hit,322,100,1,1,0,0,-1
poster,explicit_hit,323,100,1,1,0,0,-1
poster,explicit_hit,324,100,1,1,0,0,-1
poster,explicit_hit,325,100,1,1,0,0,-1
poster,explicit_hit,326,100,1,1,0,0,-1
poster,explicit_hit,327,100,1,1,0,0,-1
poster,explicit_hit,328,200,1,1,0,0,-1
poster,explicit_hit,329,100,1,1,0,0,-1
poster,explicit_hit,330,200,1,1,0,0,-1
poster,explicit_hit,331,200,1,1,0,0,-1
poster,explicit_hit,332,100,1,1,0,0,-1
poster,explicit_hit,333,200,1,1,0,0,-1
poster,explicit_hit,334,200,1,1,0,0,-1
poster,explicit_hit,335,100,1,1,0,0,-1
poster,explicit_hit,336,200,1,1,0,0,-1
poster,explicit_hit,337,200,1,1,0,0,-1
poster,explicit_hit,338,100,1,1,0,0,-1
poster,explicit_hit,339,200,1,1,0,0,-1
poster,explicit_hit,340,100,1,1,0,0,-1
poster,explicit_hit,341,100,1,1,0,0,-1
poster,explicit_hit,342,100,1,1,0,0,-1
poster,explicit_hit,343,200,1,1,0,0,-1
poster,explicit_hit,344,200,1,1,0,0,-1
poster,explicit_hit,345,100,1,1,0,0,-1
poster,explicit_hit,346,200,1,1,0,0,-1
poster,explicit_hit,347,200,1,1,0,0,-1
poster,explicit_hit,348,100,1,1,0,0,-1
poster,explicit_hit,349,100,1,1,0,0,-1
poster,explicit_hit,350,200,1,1,0,0,-1
poster,explicit_hit,351,200,1,1,0,0,-1
poster,explicit_hit,352,200,1,1,0,0,-1
poster,explicit_hit,353,100,1,1,0,0,-1
poster,explicit_hit,354,200,1,1,0,0,-1
poster,explicit_hit,355,100,1,1,0,0,-1
poster,explicit_hit,356,100,1,1,0,0,-1
poster,explicit_hit,357,100,1,1,0,0,-1
poster,explicit_hit,358,100,1,1,0,0,-1
poster,explicit_hit,359,200,1,1,0,0,-1
poster,explicit_hit,360,100,1,1,0,0,-1
poster,explicit_hit,361,100,1,1,0,0,-1
poster,explicit_hit,362,100,1,1,0,0,-1
poster,explicit_hit,363,100,1,1,0,0,-1
poster,explicit_hit,364,100,1,1,0,0,-1
poster,explicit_hit,365,200,1,1,0,0,-1
poster,explicit_hit,366,200,1,1,0,0,-1
poster,explicit_hit,367,100,1,1,0,0,-1
poster,explicit_hit,368,100,1,1,0,0,-1
poster,explicit_hit,369,100,1,1,0,0,-1
poster,explicit_hit,370,200,1,1,0,0,-1
poster,explicit_hit,371,100,1,1,0,0,-1
poster,explicit_hit,372,100,1,1,0,0,-1
poster,explicit_hit,373,200,1,1,0,0,-1
poster,explicit_hit,374,100,1,1,0,0,-1
poster,explicit_hit,375,100,1,1,0,0,-1
poster,explicit_hit,376,200,1,1,0,0,-1
poster,explicit_hit,377,100,1,1,0,0,-1
poster,explicit_hit,378,200,1,1,0,0,-1
poster,explicit_hit,379,200,1,1,0,0,-1
poster,explicit_hit,380,100,1,1,0,0,-1
poster,explicit_hit,381,200,1,1,0,0,-1
poster,explicit_hit,382,100,1,1,0,0,-1
poster,explicit_hit,383,200,1,1,0,0,-1
poster,explicit_hit,384,100,1,1,0,0,-1
poster,explicit_hit,385,200,1,1,0,0,-1
poster,explicit_hit,386,100,1,1,0,0,-1
poster,explicit_hit,387,100,1,1,0,0,-1
poster,explicit_hit,388,200,1,1,0,0,-1
poster,explicit_hit,389,100,1,1,0,0,-1
poster,explicit_hit,390,200,1,1,0,0,-1
poster,explicit_hit,391,200,1,1,0,0,-1
poster,explicit_hit,392,200,1,1,0,0,-1
poster,explicit_hit,393,100,1,1,0,0,-1
poster,explicit_hit,394,200,1,1,0,0,-1
poster,explicit_hit,395,200,1,1,0,0,-1
poster,explicit_hit,396,200,1,1,0,0,-1
poster,explicit_hit,397,100,1,1,0,0,-1
poster,explicit_hit,398,100,1,1,0,0,-1
poster,explicit_hit,399,100,1,1,0,0,-1
poster,explicit_hit,400,100,1,1,0,0,-1
poster,explicit_hit,401,100,1,1,0,0,-1
poster,explicit_hit,402,200,1,1,0,0,-1
poster,explicit_hit,403,100,1,1,0,0,-1
poster,explicit_hit,404,200,1,1,0,0,-1
poster,explicit_hit,405,200,1,1,0,0,-1
poster,explicit_hit,406,100,1,1,0,0,-1
poster,explicit_hit,407,200,1,1,0,0,-1
poster,explicit_hit,408,100,1,1,0,0,-1
poster,explicit_hit,409,100,1,1,0,0,-1
poster,explicit_hit,410,200,1,1,0,0,-1
poster,explicit_hit,411,100,1,1,0,0,-1
poster,explicit_hit,412,200,1,1,0,0,-1
poster,explicit_hit,413,100,1,1,0,0,-1
poster,explicit_hit,414,100,1,1,0,0,-1
poster,explicit_hit,415,200,1,1,0,0,-1
poster,explicit_hit,416,200,1,1,0,0,-1
poster,explicit_hit,417,100,1,1,0,0,-1
poster,explicit_hit,418,100,1,1,0,0,-1
poster,explicit_hit,419,100,1,1,0,0,-1
poster,explicit_hit,420,100,1,1,0,0,-1
poster,explicit_hit,421,100,1,1,0,0,-1
poster,explicit_hit,422,200,1,1,0,0,-1
poster,explicit_hit,423,200,1,1,0,0,-1
poster,explicit_hit,424,100,1,1,0,0,-1
poster,explicit_hit,425,200,1,1,0,0,-1
poster,explicit_hit,426,100,1,1,0,0,-1
poster,explicit_hit,427,100,1,1,0,0,-1
poster,explicit_hit,428,100,1,1,0,0,-1
poster,explicit_hit,429,200,1,1,0,0,-1
poster,explicit_hit,430,100,1,1,0,0,-1
poster,explicit_hit,431,100,1,1,0,0,-1
poster,explicit_hit,432,100,1,1,0,0,-1
poster,explicit_hit,433,100,1,1,0,0,-1
poster,explicit_hit,434,200,1,1,0,0,-1
poster,explicit_hit,435,100,1,1,0,0,-1
poster,explicit_hit,436,200,1,1,0,0,-1
poster,explicit_hit,437,200,1,1,0,0,-1
poster,explicit_hit,438,100,1,1,0,0,-1
poster,explicit_hit,439,100,1,1,0,0,-1
poster,explicit_hit,440,200,1,1,0,0,-1
poster,explicit_hit,441,100,1,1,0,0,-1
poster,explicit_hit,442,200,1,1,0,0,-1
poster,explicit_hit,443,100,1,1,0,0,-1
poster,explicit_hit,444,100,1,1,0,0,-1
poster,explicit_hit,445,200,1,1,0,0,-1
poster,explicit_hit,446,200,1,1,0,0,-1
poster,explicit_hit,447,100,1,1,0,0,-1
poster,explicit_hit,448,200,1,1,0,0,-1
poster,explicit_hit,449,100,1,1,0,0,-1
poster,explicit_hit,450,200,1,1,0,0,-1
poster,explicit_hit,451,100,1,1,0,0,-1
poster,explicit_hit,452,100,1,1,0,0,-1
poster,explicit_hit,453,100,1,1,0,0,-1
poster,explicit_hit,454,200,1,1,0,0,-1
poster,explicit_hit,455,200,1,1,0,0,-1
poster,explicit_hit,456,100,1,1,0,0,-1
poster,explicit_hit,457,100,1,1,0,0,-1
poster,explicit_hit,458,200,1,1,0,0,-1
poster,explicit_hit,459,200,1,1,0,0,-1
poster,explicit_hit,460,200,1,1,0,0,-1
poster,explicit_hit,461,100,1,1,0,0,-1
poster,explicit_hit,462,100,1,1,0,0,-1
poster,explicit_hit,463,200,1,1,0,0,-1
poster,explicit_hit,464,200,1,1,0,0,-1
poster,explicit_hit,465,100,1,1,0,0,-1
poster,explicit_hit,466,200,1,1,0,0,-1
poster,explicit_hit,467,100,1,1,0,0,-1
poster,explicit_hit,468,200,1,1,0,0,-1
poster,explicit_hit,469,200,1,1,0,0,-1
poster,explicit_hit,470,200,1,1,0,0,-1
poster,explicit_hit,471,100,1,1,0,0,-1
poster,explicit_hit,472,200,1,1,0,0,-1
poster,explicit_hit,473,200,1,1,0,0,-1
poster,explicit_hit,474,100,1,1,0,0,-1
poster,explicit_hit,475,100,1,1,0,0,-1
poster,explicit_hit,476,200,1,1,0,0,-1
poster,explicit_hit,477,200,1,1,0,0,-1
poster,explicit_hit,478,100,1,1,0,0,-1
poster,explicit_hit,479,200,1,1,0,0,-1
poster,explicit_hit,480,100,1,1,0,0,-1
poster,explicit_hit,481,200,1,1,0,0,-1
poster,explicit_hit,482,100,1,1,0,0,-1
poster,explicit_hit,483,100,1,1,0,0,-1
poster,explicit_hit,484,200,1,1,0,0,-1
poster,explicit_hit,485,200,1,1,0,0,-1
poster,explicit_hit,486,100,1,1,0,0,-1
poster,explicit_hit,487,100,1,1,0,0,-1
poster,explicit_hit,488,200,1,1,0,0,-1
poster,explicit_hit,489,100,1,1,0,0,-1
poster,explicit_hit,490,100,1,1,0,0,-1
poster,explicit_hit,491,100,1,1,0,0,-1
poster,explicit_hit,492,200,1,1,0,0,-1
poster,explicit_hit,493,100,1,1,0,0,-1
poster,explicit_hit,494,100,1,1,0,0,-1
poster,explicit_hit,495,100,1,1,0,0,-1
poster,explicit_hit,496,200,1,1,0,0,-1
poster,explicit_hit,497,100,1,1,0,0,-1
poster,explicit_hit,498,100,1,1,0,0,-1
poster,explicit_hit,499,100,1,1,0,0,-1
poster,nine_new_images,0,8253100,9,0,9,9,-1
poster,nine_new_images,1,8435100,9,0,9,9,-1
poster,nine_new_images,2,7677900,9,0,9,9,-1
poster,nine_new_images,3,6960600,9,0,9,9,-1
poster,nine_new_images,4,8249600,9,0,9,9,-1
poster,nine_new_images,5,7666300,9,0,9,9,-1
poster,nine_new_images,6,7078700,9,0,9,9,-1
poster,nine_new_images,7,7595200,9,0,9,9,-1
poster,nine_new_images,8,7790400,9,0,9,9,-1
poster,nine_new_images,9,7924100,9,0,9,9,-1
poster,nine_new_images,10,7514400,9,0,9,9,-1
poster,nine_new_images,11,7959100,9,0,9,9,-1
poster,nine_new_images,12,6200200,9,0,9,9,-1
poster,nine_new_images,13,7297000,9,0,9,9,-1
poster,nine_new_images,14,7558800,9,0,9,9,-1
poster,nine_new_images,15,7521700,9,0,9,9,-1
poster,nine_new_images,16,7453000,9,0,9,9,-1
poster,nine_new_images,17,7531800,9,0,9,9,-1
poster,nine_new_images,18,7471000,9,0,9,9,-1
poster,nine_new_images,19,7844200,9,0,9,9,-1
poster,nine_new_images,20,6650600,9,0,9,9,-1
poster,nine_new_images,21,6736300,9,0,9,9,-1
poster,nine_new_images,22,7565200,9,0,9,9,-1
poster,nine_new_images,23,6872800,9,0,9,9,-1
poster,nine_new_images,24,7474500,9,0,9,9,-1
poster,nine_new_images,25,7284800,9,0,9,9,-1
poster,nine_new_images,26,7196900,9,0,9,9,-1
poster,nine_new_images,27,7206900,9,0,9,9,-1
poster,nine_new_images,28,7630600,9,0,9,9,-1
poster,nine_new_images,29,6868700,9,0,9,9,-1
poster,nine_new_images,30,7443800,9,0,9,9,-1
poster,nine_new_images,31,7536900,9,0,9,9,-1
poster,nine_new_images,32,7557100,9,0,9,9,-1
poster,nine_new_images,33,7416300,9,0,9,9,-1
poster,nine_new_images,34,7189700,9,0,9,9,-1
poster,nine_new_images,35,6591000,9,0,9,9,-1
poster,nine_new_images,36,7721000,9,0,9,9,-1
poster,nine_new_images,37,7027500,9,0,9,9,-1
poster,nine_new_images,38,7583900,9,0,9,9,-1
poster,nine_new_images,39,7308400,9,0,9,9,-1
poster,nine_new_images,40,8150700,9,0,9,9,-1
poster,nine_new_images,41,7111700,9,0,9,9,-1
poster,nine_new_images,42,7070900,9,0,9,9,-1
poster,nine_new_images,43,7335800,9,0,9,9,-1
poster,nine_new_images,44,7400700,9,0,9,9,-1
poster,nine_new_images,45,6473100,9,0,9,9,-1
poster,nine_new_images,46,7397800,9,0,9,9,-1
poster,nine_new_images,47,7387400,9,0,9,9,-1
poster,nine_new_images,48,7425500,9,0,9,9,-1
poster,nine_new_images,49,7369700,9,0,9,9,-1
